"SeniorCitizen","tenure","PhoneService","MultipleLines","PaperlessBilling","MonthlyCharges","Churn","ServiceSup","FibreOptic","Contract_One_year","Contract_Two_year","PaymentMethod_Electronic_check"
"0",0,"0","0","1",0.115422885572139,"0","1","0","0","0","1"
"0",0.464788732394366,"1","0","0",0.385074626865672,"0","1","0","1","0","0"
"0",0.0140845070422535,"1","0","1",0.354228855721393,"1","1","0","0","0","0"
"0",0.619718309859155,"0","0","0",0.239303482587065,"0","1","0","1","0","0"
"0",0.0140845070422535,"1","0","1",0.521890547263682,"1","0","1","0","0","1"
"0",0.0985915492957746,"1","1","1",0.809950248756219,"1","1","1","0","0","1"
"0",0.295774647887324,"1","1","1",0.704975124378109,"0","1","1","0","0","0"
"0",0.126760563380282,"0","0","0",0.114427860696517,"0","1","0","0","0","0"
"0",0.380281690140845,"1","1","1",0.861194029850746,"1","1","1","0","0","1"
"0",0.859154929577465,"1","0","0",0.377114427860696,"0","1","0","1","0","0"
"0",0.169014084507042,"1","0","1",0.315422885572139,"0","1","0","0","0","0"
"0",0.211267605633803,"1","0","0",0.00696517412935323,"0","0","0","0","1","0"
"0",0.802816901408451,"1","1","0",0.816915422885572,"0","1","1","1","0","0"
"0",0.676056338028169,"1","1","1",0.850248756218905,"1","1","1","0","0","0"
"0",0.338028169014085,"1","0","1",0.868159203980099,"0","1","1","0","0","1"
"0",0.957746478873239,"1","1","0",0.945273631840796,"0","1","1","0","1","0"
"0",0.71830985915493,"1","0","0",0.0238805970149254,"0","0","0","1","0","0"
"0",0.985915492957746,"1","1","0",0.880099502487562,"0","1","1","0","1","0"
"0",0.126760563380282,"1","0","0",0.367661691542289,"1","1","0","0","0","0"
"0",0.28169014084507,"1","0","1",0.714427860696517,"0","1","1","0","0","1"
"1",0,"0","0","1",0.212935323383085,"1","1","0","0","0","1"
"0",0.154929577464789,"1","0","0",0.0154228855721393,"0","0","0","1","0","0"
"0",0,"1","0","0",0.0189054726368159,"1","0","0","0","0","0"
"0",0.802816901408451,"1","1","1",0.414427860696517,"0","1","0","0","1","0"
"0",0.676056338028169,"1","0","0",0.411442786069652,"0","1","0","0","0","0"
"0",0.408450704225352,"1","0","1",0.36865671641791,"0","1","0","0","0","0"
"0",0.647887323943662,"1","1","1",0.806965174129353,"1","1","1","0","0","1"
"0",0,"0","0","0",0.118905472636816,"1","1","0","0","0","1"
"0",1,"1","1","1",0.716417910447761,"0","1","0","0","1","0"
"0",0.225352112676056,"1","0","1",0.462189054726368,"1","1","0","0","0","0"
"1",0.985915492957746,"1","1","1",0.777114427860697,"0","1","1","0","1","0"
"1",0.0140845070422535,"1","0","1",0.76865671641791,"0","1","1","0","0","0"
"0",0.366197183098592,"1","0","0",0.476616915422886,"0","1","0","1","0","0"
"0",0,"1","0","0",0.0194029850746269,"0","0","0","0","0","0"
"1",0,"1","0","0",0.26865671641791,"0","0","0","0","0","0"
"0",1,"1","1","0",0.812437810945274,"0","1","1","0","1","0"
"0",0.0563380281690141,"1","0","1",0.511940298507463,"1","0","1","0","0","1"
"0",0.633802816901408,"1","0","1",0.562686567164179,"0","1","1","0","0","0"
"0",0.464788732394366,"1","1","1",0.876616915422886,"1","1","1","0","0","1"
"0",0.140845070422535,"1","1","1",0.792039800995025,"1","1","1","0","0","0"
"0",0.126760563380282,"1","0","0",0.311442786069652,"0","1","0","1","0","0"
"0",0.971830985915493,"1","1","1",0.506965174129353,"0","1","0","0","1","0"
"0",0.225352112676056,"1","0","0",0.0248756218905473,"0","0","0","1","0","0"
"0",0.873239436619718,"1","1","1",0.612935323383085,"0","1","0","0","1","0"
"0",0.169014084507042,"1","1","1",0.576616915422886,"0","1","0","0","0","1"
"0",0.676056338028169,"1","1","1",0.659203980099503,"0","1","1","0","0","1"
"0",0.0140845070422535,"1","0","0",0.308457711442786,"0","1","0","0","0","0"
"0",0.0140845070422535,"1","0","1",0.62089552238806,"1","1","1","0","0","1"
"0",0.71830985915493,"1","1","1",0.611940298507463,"0","1","0","0","1","0"
"0",0.957746478873239,"1","1","1",0.456716417910448,"0","1","0","0","1","0"
"1",0.591549295774648,"1","1","1",0.716417910447761,"0","1","1","0","0","1"
"0",0.197183098591549,"1","0","1",0.804477611940298,"1","1","1","0","0","0"
"1",0.338028169014085,"1","1","1",0.509950248756219,"0","1","0","0","0","0"
"1",0.0985915492957746,"1","1","1",0.62089552238806,"1","1","1","0","0","0"
"1",0.830985915492958,"1","0","1",0.56318407960199,"0","1","0","1","0","0"
"1",0.23943661971831,"1","1","1",0.7681592039801,"1","1","1","0","0","1"
"0",0.873239436619718,"1","1","1",0.809950248756219,"0","1","1","1","0","0"
"1",0.915492957746479,"1","1","1",0.897512437810945,"0","1","1","1","0","1"
"0",0.464788732394366,"1","1","0",0.0666666666666667,"0","0","0","0","1","0"
"0",1,"1","1","1",0.888059701492537,"0","1","1","0","1","0"
"0",0.647887323943662,"1","1","1",0.818407960199005,"0","1","1","0","0","1"
"0",0.830985915492958,"1","1","1",0.712935323383085,"0","1","1","0","0","0"
"0",1,"0","0","0",0.237313432835821,"0","1","0","0","1","0"
"0",0.23943661971831,"1","0","1",0.359701492537313,"0","1","0","1","0","0"
"0",0.112676056338028,"1","1","0",0.75771144278607,"1","1","1","0","0","1"
"0",0.028169014084507,"1","0","1",0.567661691542289,"0","1","0","0","0","1"
"0",0.647887323943662,"1","1","1",0.603482587064677,"0","1","1","1","0","1"
"0",0.422535211267606,"1","0","0",0.606467661691542,"0","1","0","0","1","0"
"0",0.690140845070423,"1","0","0",0.0189054726368159,"0","0","0","0","1","0"
"0",0.126760563380282,"1","0","1",0.612935323383085,"0","1","1","0","0","0"
"0",0,"1","0","0",0.306467661691542,"0","1","0","0","0","0"
"0",0.71830985915493,"1","0","1",0.0213930348258706,"0","0","0","1","0","1"
"1",0.887323943661972,"1","1","1",0.928855721393035,"0","1","1","0","1","0"
"0",0.859154929577465,"1","1","1",0.0597014925373134,"0","0","0","0","1","0"
"0",0.028169014084507,"1","0","1",0.460199004975124,"0","1","0","0","0","0"
"1",0.774647887323944,"1","1","0",0.917910447761194,"0","1","1","1","0","1"
"0",0.633802816901408,"1","0","0",0.372139303482587,"0","1","0","1","0","0"
"0",0.0985915492957746,"1","0","0",0.362189054726368,"0","1","0","0","0","0"
"1",0.408450704225352,"1","0","1",0.562189054726368,"0","1","0","0","0","1"
"0",0.619718309859155,"1","1","1",0.0761194029850746,"0","0","0","1","0","0"
"0",0,"1","0","1",0.607960199004975,"1","1","1","0","0","1"
"0",0.140845070422535,"0","0","0",0.321393034825871,"0","1","0","0","0","1"
"0",0.0845070422535211,"1","0","1",0.566169154228856,"1","1","1","0","0","0"
"0",0.577464788732394,"1","0","1",0.851243781094527,"0","1","1","0","0","0"
"0",0.676056338028169,"1","0","1",0.0189054726368159,"0","0","0","0","1","0"
"0",0.112676056338028,"1","1","1",0.806467661691542,"0","1","1","0","0","0"
"0",0.47887323943662,"1","0","1",0.43681592039801,"0","1","0","1","0","0"
"0",0.661971830985915,"1","0","0",0.0238805970149254,"0","0","0","0","1","0"
"0",0.633802816901408,"1","0","1",0.0169154228855721,"0","0","0","0","1","0"
"0",0.394366197183099,"0","0","0",0.154228855721393,"0","1","0","0","0","0"
"0",0.408450704225352,"1","0","0",0.634825870646766,"0","1","1","0","0","0"
"1",0,"1","0","0",0.561691542288557,"0","1","1","0","0","1"
"0",0.915492957746479,"1","1","1",0.654228855721393,"0","1","0","0","1","0"
"0",0.901408450704225,"1","1","1",0.923383084577114,"0","1","1","0","0","0"
"0",1,"1","1","1",0.822388059701493,"0","1","1","0","1","0"
"0",0.154929577464789,"1","1","1",0.603980099502488,"1","1","1","0","0","1"
"0",0.985915492957746,"1","1","1",0.483582089552239,"0","1","0","1","0","0"
"0",0.0563380281690141,"1","0","0",0.0278606965174129,"1","0","0","0","0","0"
"0",0.71830985915493,"1","0","0",0.027363184079602,"0","0","0","0","1","0"
"1",0.338028169014085,"1","0","1",0.798507462686567,"1","1","1","0","0","1"
"0",0,"1","0","0",0.0194029850746269,"0","0","0","0","0","0"
"0",0,"1","0","0",0.0119402985074627,"0","0","0","0","0","1"
"0",0.52112676056338,"1","1","0",0.763681592039801,"0","1","1","1","0","0"
"1",0.915492957746479,"0","0","0",0.271641791044776,"0","1","0","1","0","0"
"0",0.943661971830986,"1","1","1",0.912935323383085,"1","1","1","0","1","0"
"0",0.0563380281690141,"0","0","0",0.0601990049751244,"0","0","0","0","0","0"
"0",1,"1","1","1",0.854726368159204,"0","1","1","1","0","1"
"0",0.436619718309859,"0","0","0",0.118407960199005,"0","1","0","1","0","0"
"0",0.591549295774648,"1","1","0",0.757213930348259,"0","1","1","1","0","0"
"0",1,"1","0","0",0.0114427860696517,"0","0","0","0","1","0"
"0",0.76056338028169,"1","1","1",0.781094527363184,"1","1","1","0","0","1"
"0",0.71830985915493,"1","0","0",0.395024875621891,"0","1","0","1","0","0"
"0",0.591549295774648,"1","0","1",0.730348258706468,"0","1","1","0","0","1"
"1",0.507042253521127,"1","1","1",0.579601990049751,"1","0","1","0","0","1"
"0",0.887323943661972,"0","0","1",0.361691542288557,"0","1","0","0","1","1"
"0",0.028169014084507,"1","0","0",0.712437810945274,"0","1","1","0","0","1"
"0",0.492957746478873,"0","0","0",0.127363184079602,"0","1","0","0","1","0"
"0",0.126760563380282,"1","1","1",0.81592039800995,"1","1","1","0","0","1"
"0",0.563380281690141,"1","0","0",0.0238805970149254,"0","0","0","0","1","0"
"0",0.366197183098592,"1","1","1",0.666169154228856,"0","1","1","0","0","0"
"0",0.774647887323944,"1","1","1",0.811442786069652,"0","1","1","1","0","0"
"0",0.0704225352112676,"1","0","0",0.0243781094527363,"0","0","0","0","0","0"
"0",0.028169014084507,"1","1","1",0.558706467661692,"1","0","1","0","0","1"
"0",0.0845070422535211,"1","0","0",0.322885572139304,"0","1","0","0","0","0"
"0",0.0422535211267606,"1","0","0",0.0258706467661692,"0","0","0","0","0","0"
"0",0.450704225352113,"1","0","1",0.703482587064677,"0","1","1","0","1","1"
"1",0.366197183098592,"1","1","1",0.595024875621891,"1","1","1","0","0","1"
"0",1,"1","1","1",0.0527363184079602,"0","0","0","0","1","0"
"0",0,"1","0","0",0.0149253731343284,"0","0","0","0","0","0"
"1",0.985915492957746,"0","0","1",0.380099502487562,"0","1","0","1","0","1"
"0",0.169014084507042,"1","1","1",0.67363184079602,"0","1","1","0","0","1"
"0",0.338028169014085,"0","0","1",0.401492537313433,"1","1","0","0","0","0"
"0",0.929577464788732,"1","0","0",0.321393034825871,"0","1","0","0","1","0"
"0",0,"0","0","1",0.171144278606965,"1","1","0","0","0","1"
"0",0.0140845070422535,"1","0","0",0.259701492537313,"1","0","0","0","0","1"
"0",0.591549295774648,"1","1","1",0.0741293532338308,"0","0","0","0","1","0"
"0",0.309859154929577,"1","0","1",0.564676616915423,"0","1","1","0","0","0"
"0",0.887323943661972,"1","0","0",0.0194029850746269,"0","0","0","0","1","0"
"0",0.788732394366197,"1","0","1",0.0134328358208955,"0","0","0","0","1","0"
"1",0,"1","0","1",0.519402985074627,"1","0","1","0","0","0"
"1",1,"1","1","1",0.69452736318408,"0","1","0","0","1","0"
"0",0.0985915492957746,"1","1","0",0.52636815920398,"1","1","0","0","0","1"
"0",0.845070422535211,"1","1","1",0.823880597014925,"0","1","1","0","1","0"
"0",0.887323943661972,"1","1","1",0.657213930348259,"0","1","1","1","0","0"
"1",0.985915492957746,"1","1","0",0.0567164179104478,"0","0","0","0","1","0"
"0",0.901408450704225,"1","1","1",0.803980099502487,"0","1","1","0","1","0"
"0",0.028169014084507,"1","0","0",0.0134328358208955,"0","0","0","1","0","0"
"0",0,"1","0","1",0.272636815920398,"1","0","0","0","0","1"
"0",0.408450704225352,"1","0","0",0.460199004975124,"0","1","0","1","0","0"
"0",0.197183098591549,"1","0","1",0.509950248756219,"0","1","0","0","0","0"
"0",0.0985915492957746,"1","0","1",0.500497512437811,"0","1","0","0","0","1"
"0",0.0845070422535211,"1","1","0",0.763681592039801,"1","1","1","0","0","0"
"0",0.971830985915493,"1","1","1",0.89452736318408,"0","1","1","1","0","0"
"0",0.859154929577465,"1","0","0",0.675124378109453,"0","1","0","0","1","1"
"0",0.0704225352112676,"1","0","0",0.0144278606965174,"0","0","0","0","0","0"
"0",0.183098591549296,"1","0","1",0.623383084577114,"0","1","1","0","0","0"
"0",0.295774647887324,"1","1","1",0.655721393034826,"0","1","1","0","0","0"
"0",0.295774647887324,"1","0","0",0.0189054726368159,"0","0","0","1","0","0"
"0",0.211267605633803,"1","0","0",0.45771144278607,"0","1","0","0","1","0"
"0",0.126760563380282,"1","1","0",0.0741293532338308,"0","0","0","0","1","0"
"0",0.169014084507042,"1","0","1",0.375621890547264,"0","1","0","0","0","1"
"0",0.267605633802817,"1","1","0",0.638308457711443,"1","1","1","0","0","1"
"0",0.0140845070422535,"1","0","1",0.511940298507463,"0","0","1","0","0","1"
"0",0.732394366197183,"1","1","1",0.553731343283582,"0","1","0","0","1","0"
"0",0.140845070422535,"1","0","0",0.0233830845771144,"0","0","0","1","0","0"
"0",0.957746478873239,"1","0","0",0.0164179104477612,"0","0","0","0","1","0"
"0",0.0422535211267606,"1","0","1",0.523880597014925,"1","0","1","0","0","0"
"0",1,"1","1","1",0.704477611940298,"0","1","0","0","1","0"
"1",0.802816901408451,"0","0","1",0.269154228855721,"1","1","0","0","0","1"
"0",0.211267605633803,"1","0","0",0.0213930348258706,"0","0","0","0","0","1"
"0",0.591549295774648,"1","0","1",0.656716417910448,"0","1","1","1","0","0"
"0",0.0140845070422535,"1","1","1",0.857213930348259,"1","1","1","0","0","1"
"0",0.183098591549296,"1","0","0",0.633830845771144,"0","1","0","0","1","0"
"0",0.732394366197183,"1","0","1",0.762189054726368,"1","1","1","1","0","0"
"0",0.436619718309859,"1","0","0",0.0228855721393035,"0","0","0","1","0","0"
"0",0.464788732394366,"1","1","0",0.0641791044776119,"0","0","0","0","0","1"
"1",0.197183098591549,"1","1","1",0.559203980099503,"1","0","1","0","0","0"
"1",0.0845070422535211,"1","0","0",0.57910447761194,"1","1","1","0","0","0"
"0",0.197183098591549,"1","1","1",0.866666666666667,"0","1","1","0","0","0"
"0",0.845070422535211,"1","0","1",0.0228855721393035,"0","0","0","1","0","0"
"0",0,"0","0","0",0.116417910447761,"1","1","0","0","0","0"
"0",0,"1","0","0",0.269154228855721,"0","0","0","0","0","0"
"0",0.0985915492957746,"1","1","0",0.659203980099503,"1","1","1","0","0","0"
"0",0.450704225352113,"1","0","0",0.562189054726368,"0","1","0","1","0","0"
"0",0.169014084507042,"1","0","1",0.606965174129353,"1","1","1","0","0","1"
"0",0,"0","0","1",0.0651741293532338,"1","0","0","0","0","1"
"0",0.267605633802817,"1","0","1",0.333830845771144,"0","1","0","0","0","0"
"0",0.028169014084507,"0","0","0",0.12089552238806,"0","1","0","0","0","1"
"0",0.169014084507042,"1","0","0",0.0139303482587065,"0","0","0","1","0","1"
"0",0.549295774647887,"1","1","0",0.381592039800995,"0","1","0","0","0","0"
"0",0.591549295774648,"1","1","1",0.533830845771144,"0","1","0","1","0","0"
"0",0.0704225352112676,"1","0","1",0.723880597014925,"1","1","1","0","0","1"
"0",0.957746478873239,"1","0","0",0.0149253731343284,"0","0","0","0","1","0"
"0",1,"1","1","0",0.909950248756219,"0","1","1","0","1","0"
"0",0.816901408450704,"1","0","0",0.0104477611940299,"0","0","0","0","1","0"
"0",0.267605633802817,"1","0","1",0.77910447761194,"0","1","1","0","0","1"
"0",0.323943661971831,"1","1","1",0.0582089552238806,"0","0","0","0","1","0"
"0",0.816901408450704,"1","1","1",0.92636815920398,"0","1","1","0","0","1"
"0",1,"1","1","1",0.935323383084577,"0","1","1","0","1","0"
"0",0,"1","0","0",0.0248756218905473,"0","0","0","0","0","0"
"0",0.366197183098592,"1","0","1",0.832338308457712,"0","1","1","1","0","0"
"0",0.183098591549296,"1","0","1",0.614925373134328,"0","1","1","0","0","0"
"0",0.985915492957746,"1","1","0",0.86865671641791,"0","1","1","0","1","1"
"0",0.169014084507042,"1","0","1",0.597512437810945,"0","1","1","0","0","0"
"0",0.605633802816901,"1","0","0",0.503482587064677,"0","0","1","0","0","0"
"0",0.450704225352113,"1","0","1",0.613930348258707,"0","1","1","1","0","0"
"0",1,"0","0","1",0.370149253731343,"0","1","0","0","1","0"
"0",0,"1","0","0",0.613432835820896,"1","1","1","0","0","1"
"0",0.253521126760563,"1","0","1",0.87910447761194,"1","1","1","0","0","1"
"0",0.887323943661972,"1","0","1",0.837810945273632,"0","1","1","1","0","0"
"0",0.0140845070422535,"1","0","1",0.276119402985075,"1","0","0","0","0","0"
"0",0,"0","0","0",0.0696517412935323,"0","0","0","0","0","1"
"0",0.845070422535211,"1","0","0",0.0149253731343284,"0","0","0","0","1","0"
"0",0.394366197183099,"1","0","0",0.0174129353233831,"0","0","0","1","0","1"
"1",0.309859154929577,"1","1","0",0.682089552238806,"0","1","1","0","0","1"
"0",0.788732394366197,"0","0","1",0.402985074626866,"0","1","0","0","0","0"
"0",1,"0","0","0",0.26865671641791,"0","1","0","0","1","0"
"0",0.915492957746479,"0","0","1",0.381592039800995,"0","1","0","0","1","0"
"0",0.901408450704225,"1","1","1",0.656218905472637,"0","1","0","0","1","0"
"0",0.0985915492957746,"1","0","1",0.614427860696517,"0","1","1","0","0","0"
"0",0.0422535211267606,"1","0","1",0.516417910447761,"1","0","1","0","0","1"
"0",0.985915492957746,"1","1","0",0.0646766169154229,"0","0","0","0","1","0"
"0",0,"1","0","1",0.0194029850746269,"0","0","0","1","0","1"
"0",0.0422535211267606,"1","0","0",0.316417910447761,"1","1","0","0","0","0"
"0",0.154929577464789,"1","0","1",0.0109452736318408,"0","0","0","1","0","0"
"0",0.323943661971831,"0","0","1",0.321890547263682,"0","1","0","1","0","0"
"0",0.422535211267606,"1","0","1",0.625870646766169,"0","1","0","1","0","0"
"0",0,"1","0","0",0.367661691542289,"1","1","0","0","0","0"
"0",0.408450704225352,"1","1","1",0.712935323383085,"0","1","1","0","0","0"
"0",0.647887323943662,"1","1","1",0.667164179104478,"0","1","0","0","1","0"
"0",0.746478873239437,"1","1","1",0.893034825870647,"0","1","1","0","1","0"
"0",0.690140845070423,"1","0","1",0.748756218905473,"0","1","1","0","0","0"
"0",0,"1","0","1",0.660199004975124,"1","1","1","0","0","0"
"0",1,"1","0","0",0.0199004975124378,"0","0","0","0","1","0"
"0",0.394366197183099,"1","1","0",0.0686567164179104,"0","0","0","0","0","1"
"0",0.0140845070422535,"1","1","1",0.359701492537313,"1","1","0","0","0","0"
"0",0.126760563380282,"0","0","1",0.112935323383085,"0","1","0","0","1","0"
"0",0.23943661971831,"1","1","1",0.546268656716418,"0","0","1","0","0","1"
"1",0.140845070422535,"1","0","1",0.763681592039801,"1","1","1","0","0","1"
"0",0.211267605633803,"1","0","0",0.0149253731343284,"0","0","0","0","1","0"
"0",1,"1","1","0",0.680099502487562,"0","1","0","0","1","0"
"0",1,"1","1","0",0.904975124378109,"0","1","1","0","1","0"
"0",0.563380281690141,"1","0","1",0.561691542288557,"0","1","0","1","0","0"
"1",0.901408450704225,"1","0","0",0.75771144278607,"0","1","1","0","0","1"
"1",0.169014084507042,"1","0","1",0.363681592039801,"0","1","0","0","0","1"
"1",0.0422535211267606,"1","0","0",0.568159203980099,"0","1","1","0","0","1"
"0",0.563380281690141,"1","1","0",0.465174129353234,"0","1","0","1","0","0"
"1",0.197183098591549,"1","0","1",0.558706467661692,"1","1","1","0","0","1"
"0",0,"1","0","1",0.301492537313433,"1","1","0","0","0","0"
"0",0.577464788732394,"1","1","1",0.803482587064677,"0","1","1","1","0","1"
"0",0.704225352112676,"1","0","1",0.748756218905473,"0","1","1","1","0","1"
"0",0.0140845070422535,"1","0","0",0.518905472636816,"1","0","1","0","0","1"
"1",0,"0","0","0",0.218407960199005,"1","1","0","0","0","1"
"0",0.436619718309859,"1","1","0",0.651243781094527,"0","1","0","1","0","0"
"0",0.126760563380282,"1","0","1",0.0159203980099503,"0","0","0","0","0","0"
"0",0.929577464788732,"0","0","1",0.410945273631841,"0","1","0","0","1","1"
"0",0.845070422535211,"1","1","0",0.963681592039801,"0","1","1","0","1","0"
"0",0.690140845070423,"1","1","0",0.956218905472637,"0","1","1","1","0","0"
"0",0.0140845070422535,"1","0","1",0.262189054726368,"1","0","0","0","0","0"
"1",0.394366197183099,"0","0","1",0.266169154228856,"0","1","0","0","0","1"
"1",0.028169014084507,"0","0","1",0.227860696517413,"1","1","0","0","0","1"
"1",0.169014084507042,"1","1","1",0.882089552238806,"1","1","1","0","0","1"
"1",0.788732394366197,"1","1","1",0.712437810945274,"0","1","1","0","0","1"
"0",0.422535211267606,"0","0","1",0.314427860696517,"0","1","0","0","1","0"
"0",0.619718309859155,"1","1","0",0.945771144278607,"0","1","1","1","0","0"
"0",0.845070422535211,"1","1","0",0.695024875621891,"0","1","0","0","1","0"
"0",0.690140845070423,"1","1","0",0.0661691542288557,"0","0","0","0","1","0"
"1",0.253521126760563,"1","0","1",0.86318407960199,"0","1","1","0","0","0"
"0",0.816901408450704,"1","0","0",0.0109452736318408,"1","0","0","0","1","0"
"0",0.985915492957746,"1","1","1",0.0597014925373134,"0","0","0","0","1","0"
"1",0.211267605633803,"1","0","1",0.758208955223881,"1","1","1","0","0","1"
"0",0.788732394366197,"1","0","1",0.412935323383085,"0","1","0","0","1","1"
"0",0,"0","0","0",0.0651741293532338,"1","0","0","0","0","0"
"1",0.267605633802817,"1","1","0",0.883582089552239,"0","1","1","0","0","1"
"0",0,"1","0","0",0.52089552238806,"1","0","1","0","0","0"
"0",0.0563380281690141,"1","1","1",0.6681592039801,"1","1","1","0","0","1"
"0",0.71830985915493,"1","1","1",0.863681592039801,"1","1","1","0","0","1"
"1",0.28169014084507,"1","0","1",0.464676616915423,"0","1","0","0","0","0"
"0",0.183098591549296,"0","0","1",0.365671641791045,"0","1","0","0","0","1"
"0",0.0563380281690141,"1","0","0",0.321393034825871,"0","1","0","0","0","0"
"0",0.0704225352112676,"1","0","0",0.367164179104478,"0","1","0","0","0","0"
"0",0.126760563380282,"1","0","0",0.327860696517413,"0","1","0","0","0","1"
"0",0,"1","1","0",0.0711442786069652,"0","0","0","0","0","0"
"0",0.943661971830986,"1","1","0",0.360199004975124,"0","1","0","0","0","0"
"0",0.23943661971831,"1","0","0",0.765174129353234,"1","1","1","0","0","0"
"0",0.295774647887324,"1","1","1",0.574626865671642,"0","0","1","1","0","0"
"0",0.267605633802817,"1","0","1",0.259701492537313,"0","0","0","0","0","1"
"0",0,"1","0","0",0.514925373134328,"1","0","1","0","0","1"
"1",0.0985915492957746,"1","0","1",0.559701492537313,"1","1","1","0","0","1"
"0",0.126760563380282,"1","0","1",0.264676616915423,"1","0","0","0","0","0"
"1",0.323943661971831,"1","1","1",0.575621890547264,"1","0","1","0","0","1"
"0",0.47887323943662,"1","0","0",0.427363184079602,"0","1","0","1","0","0"
"0",0.309859154929577,"1","0","0",0.682089552238806,"0","1","1","1","0","0"
"1",0.0704225352112676,"1","0","1",0.707462686567164,"0","1","1","0","0","1"
"0",0.154929577464789,"1","0","0",0.0144278606965174,"0","0","0","0","0","0"
"0",0,"1","0","0",0.0199004975124378,"0","0","0","0","0","0"
"0",0.985915492957746,"1","0","0",0.575124378109453,"0","1","1","0","1","1"
"1",0.47887323943662,"1","1","1",0.821393034825871,"0","1","1","0","0","1"
"0",0.549295774647887,"1","1","1",0.560199004975124,"0","1","0","0","0","1"
"0",0,"1","0","1",0.550746268656716,"1","1","1","0","0","0"
"0",0.309859154929577,"1","0","1",0.464179104477612,"0","1","0","1","0","0"
"1",0.0422535211267606,"1","1","1",0.7681592039801,"1","1","1","0","0","1"
"0",0.0422535211267606,"1","0","1",0.717910447761194,"0","1","1","0","0","1"
"0",0.943661971830986,"0","0","0",0.418407960199005,"0","1","0","0","1","0"
"0",0.52112676056338,"1","1","1",0.632835820895522,"0","1","1","0","0","0"
"0",0.71830985915493,"1","1","0",0.0651741293532338,"0","0","0","0","1","0"
"1",0.436619718309859,"1","1","1",0.563681592039801,"1","0","1","0","0","1"
"0",0.394366197183099,"1","0","0",0.570149253731343,"0","1","0","0","1","0"
"1",0.52112676056338,"1","1","0",0.824875621890547,"0","1","1","0","0","1"
"0",0.661971830985915,"1","1","1",0.601990049751244,"0","1","0","1","0","0"
"0",0,"1","0","1",0.00995024875621891,"0","0","0","0","0","0"
"0",0.295774647887324,"1","0","1",0.704477611940298,"0","1","1","0","0","1"
"0",0.591549295774648,"1","1","0",0.96318407960199,"0","1","1","0","1","0"
"1",0.0563380281690141,"1","0","1",0.508457711442786,"0","0","1","0","0","1"
"0",0.0563380281690141,"1","0","1",0.620398009950249,"1","1","1","0","0","1"
"0",0.704225352112676,"1","1","0",0.913432835820896,"0","1","1","1","0","0"
"0",0.985915492957746,"1","0","1",0.0164179104477612,"0","0","0","0","1","0"
"0",0.52112676056338,"1","0","0",0.617412935323383,"1","1","0","1","0","0"
"1",0.323943661971831,"1","0","1",0.745273631840796,"1","1","1","0","0","1"
"0",0.47887323943662,"1","1","1",0.728855721393035,"0","1","1","0","0","0"
"1",0.746478873239437,"1","1","0",0.638805970149254,"1","1","0","1","0","0"
"0",1,"0","0","1",0.415422885572139,"0","1","0","0","1","1"
"0",0,"1","0","1",0.264179104477612,"0","0","0","0","0","1"
"0",0.112676056338028,"1","0","0",0.301990049751244,"0","1","0","1","0","0"
"0",0.957746478873239,"0","0","1",0.41592039800995,"0","1","0","0","1","0"
"0",0.71830985915493,"1","1","1",0.840298507462687,"0","1","1","0","0","0"
"1",0.140845070422535,"1","0","1",0.643283582089552,"0","1","1","0","0","1"
"1",0.0140845070422535,"1","0","1",0.518407960199005,"1","0","1","0","0","1"
"1",0.380281690140845,"0","0","1",0.175621890547264,"0","1","0","0","0","1"
"1",0.225352112676056,"1","1","1",0.640796019900498,"0","1","1","0","0","0"
"0",0.47887323943662,"1","0","1",0.0159203980099503,"0","0","0","0","1","0"
"0",0.0985915492957746,"1","0","1",0.00945273631840795,"0","0","0","1","0","0"
"0",0.633802816901408,"1","1","1",0.762686567164179,"0","1","1","1","0","0"
"0",0.0845070422535211,"1","1","1",0.553233830845771,"1","0","1","0","0","1"
"0",0.0140845070422535,"1","1","0",0.620398009950249,"1","1","1","0","0","0"
"0",0.943661971830986,"1","1","1",0.572636815920398,"1","1","0","1","0","0"
"0",0.591549295774648,"1","1","1",0.859203980099502,"1","1","1","0","1","1"
"0",0.943661971830986,"1","1","1",0.695522388059702,"0","1","0","0","1","1"
"0",0.492957746478873,"1","0","1",0.761691542288557,"0","1","1","0","0","0"
"0",0.873239436619718,"1","1","1",0.84726368159204,"1","1","1","0","0","1"
"1",0.436619718309859,"1","0","0",0.362189054726368,"0","1","0","0","0","0"
"0",0.985915492957746,"1","1","0",0.671641791044776,"0","1","0","0","1","0"
"0",0.915492957746479,"1","1","1",0.48955223880597,"0","1","0","0","0","0"
"0",0.873239436619718,"1","0","0",0.0223880597014925,"0","0","0","1","0","0"
"0",0.563380281690141,"1","0","1",0.0199004975124378,"0","0","0","1","0","0"
"1",0,"1","1","1",0.535820895522388,"0","0","1","0","0","1"
"0",0.0140845070422535,"1","0","1",0.717910447761194,"1","1","1","0","0","1"
"0",0.971830985915493,"1","0","0",0.0119402985074627,"0","0","0","0","1","0"
"0",0.309859154929577,"0","0","1",0.265671641791045,"0","1","0","0","0","1"
"1",0.887323943661972,"1","0","0",0.783582089552239,"0","1","1","1","0","0"
"0",0.507042253521127,"1","1","1",0.443283582089552,"0","1","0","0","1","0"
"0",0.225352112676056,"1","0","0",0.262189054726368,"0","0","0","1","0","0"
"1",0.0845070422535211,"1","0","1",0.70547263681592,"0","1","1","0","0","1"
"0",0.0422535211267606,"1","1","1",0.662189054726368,"1","1","1","0","0","0"
"1",0.28169014084507,"0","0","1",0.235323383084577,"1","1","0","0","0","1"
"0",0.126760563380282,"1","0","1",0.616915422885572,"1","1","1","0","0","0"
"1",0.211267605633803,"1","1","1",0.356716417910448,"0","1","0","0","0","1"
"0",0.887323943661972,"1","1","1",0.865671641791045,"0","1","1","0","1","1"
"1",0.366197183098592,"0","0","0",0.124378109452736,"1","1","0","0","0","0"
"0",0.577464788732394,"1","1","0",0.784577114427861,"0","1","1","1","0","1"
"0",0.0563380281690141,"1","0","0",0.0194029850746269,"0","0","0","0","0","0"
"0",0.563380281690141,"1","0","1",0.801492537313433,"0","1","1","0","1","0"
"0",0.802816901408451,"1","0","0",0.318905472636816,"0","1","0","1","0","0"
"0",0.647887323943662,"1","0","1",0.0228855721393035,"0","0","0","0","1","0"
"0",0.23943661971831,"1","0","1",0.57363184079602,"0","1","1","0","0","0"
"0",0.0563380281690141,"1","0","0",0.778606965174129,"1","1","1","0","0","0"
"0",0.309859154929577,"1","0","1",0.414925373134328,"0","1","0","0","0","0"
"0",0,"1","0","0",0.008955223880597,"0","0","0","0","0","0"
"0",0.985915492957746,"1","1","1",0.8,"0","1","1","1","0","0"
"0",1,"1","1","1",0.938805970149254,"0","1","1","0","1","0"
"0",0.450704225352113,"1","0","0",0.0233830845771144,"0","0","0","1","0","0"
"0",0.0140845070422535,"1","1","1",0.670646766169154,"1","1","1","0","0","1"
"0",0.323943661971831,"0","0","0",0.174129353233831,"0","1","0","0","1","0"
"0",0.774647887323944,"1","1","1",0.810945273631841,"0","1","1","1","0","0"
"0",0.507042253521127,"1","0","1",0.774626865671642,"0","1","1","0","0","0"
"0",0.591549295774648,"1","1","0",0.665174129353234,"0","1","0","1","0","0"
"0",0,"0","0","0",0.0706467661691542,"0","0","0","0","0","0"
"0",0.338028169014085,"1","1","1",0.862686567164179,"1","1","1","0","0","0"
"0",0.845070422535211,"1","1","0",0.71044776119403,"0","1","0","0","1","1"
"0",0.225352112676056,"1","1","0",0.681592039800995,"0","1","1","1","0","1"
"0",0.563380281690141,"1","0","1",0.676119402985075,"0","1","1","1","0","0"
"0",0,"1","0","0",0.322388059701493,"1","1","0","0","0","0"
"1",1,"0","0","1",0.46318407960199,"0","1","0","0","1","0"
"0",0,"1","1","1",0.722388059701492,"1","1","1","0","0","0"
"0",0.661971830985915,"1","1","1",0.894029850746269,"0","1","1","0","1","0"
"1",0.140845070422535,"1","0","0",0.0169154228855721,"1","0","0","0","0","0"
"1",0.76056338028169,"1","1","1",0.66865671641791,"1","1","1","0","0","1"
"0",0.577464788732394,"0","0","1",0.36318407960199,"0","1","0","1","0","1"
"0",0.605633802816901,"1","1","1",0.717910447761194,"0","1","1","0","0","0"
"0",0,"1","0","0",0.256218905472637,"0","0","0","0","0","1"
"0",0.366197183098592,"1","1","1",0.769651741293532,"0","1","1","0","0","0"
"1",0.366197183098592,"1","1","1",0.662189054726368,"0","1","0","0","0","0"
"1",0.0140845070422535,"1","0","1",0.259203980099502,"0","0","0","0","0","1"
"0",0.253521126760563,"1","0","0",0.0164179104477612,"0","0","0","0","0","0"
"1",0.577464788732394,"1","1","1",0.764179104477612,"0","1","1","0","0","1"
"0",0.915492957746479,"1","1","1",0.714427860696517,"0","1","0","0","1","0"
"1",0.450704225352113,"1","1","1",0.911940298507463,"0","1","1","0","0","0"
"0",0.464788732394366,"1","0","1",0.554228855721393,"1","1","1","0","0","0"
"1",0.450704225352113,"0","0","1",0.361691542288557,"0","1","0","0","0","1"
"0",0.309859154929577,"1","0","0",0.017910447761194,"0","0","0","1","0","0"
"0",0.436619718309859,"1","0","0",0.0149253731343284,"0","0","0","1","0","0"
"0",0.140845070422535,"1","0","0",0.017910447761194,"0","0","0","1","0","0"
"0",0.957746478873239,"1","1","1",0.807960199004975,"1","1","1","0","0","0"
"0",0.943661971830986,"1","0","0",0.374626865671642,"0","1","0","1","0","0"
"0",0.267605633802817,"1","0","1",0.0144278606965174,"0","0","0","0","1","0"
"0",1,"1","0","1",0.0154228855721393,"0","0","0","0","1","0"
"0",0.830985915492958,"1","1","1",0.767661691542289,"0","1","1","1","0","0"
"1",0.436619718309859,"1","0","1",0.753233830845771,"0","1","1","0","0","0"
"0",0,"1","0","1",0.0164179104477612,"1","0","0","0","0","0"
"0",0,"1","0","1",0.0134328358208955,"1","0","0","0","0","0"
"1",0.028169014084507,"1","1","1",0.627860696517413,"1","1","1","0","0","1"
"0",0.633802816901408,"1","1","1",0.0616915422885572,"0","0","0","1","0","0"
"0",0.394366197183099,"1","1","1",0.564179104477612,"0","0","1","0","0","1"
"0",0.704225352112676,"1","1","1",0.687562189054726,"0","1","1","0","0","1"
"1",0.661971830985915,"1","0","1",0.521393034825871,"0","0","1","0","0","0"
"0",0.211267605633803,"1","0","0",0.54726368159204,"0","1","1","0","0","0"
"0",0.971830985915493,"1","1","1",0.800497512437811,"0","1","1","0","1","0"
"0",0.549295774647887,"1","1","1",0.0651741293532338,"0","0","0","0","1","0"
"0",0.295774647887324,"1","0","0",0.64726368159204,"1","1","1","0","0","1"
"1",0,"1","0","1",0.567661691542289,"1","1","1","0","0","0"
"0",0.0563380281690141,"1","1","1",0.0601990049751244,"0","0","0","0","0","0"
"0",0.0845070422535211,"1","0","1",0.513432835820895,"0","0","1","0","0","0"
"0",0.394366197183099,"1","1","0",0.818905472636816,"0","1","1","1","0","0"
"0",0.605633802816901,"1","1","0",0.0741293532338308,"0","0","0","1","0","0"
"0",0.126760563380282,"0","0","0",0.223383084577114,"0","1","0","0","0","0"
"1",0.76056338028169,"1","1","0",0.332338308457711,"0","0","0","0","0","0"
"1",0.71830985915493,"1","1","1",0.864179104477612,"0","1","1","1","0","0"
"0",0.126760563380282,"1","1","0",0.67363184079602,"0","1","1","0","0","1"
"0",0.23943661971831,"1","1","1",0.570646766169154,"0","0","1","0","0","0"
"0",0.943661971830986,"1","1","0",0.398009950248756,"0","1","0","1","0","0"
"0",0.845070422535211,"1","0","1",0.0114427860696517,"1","0","0","0","0","0"
"0",1,"0","0","1",0.467164179104478,"0","1","0","0","1","0"
"0",0.0140845070422535,"1","0","0",0.350248756218905,"0","1","0","0","0","1"
"0",0.154929577464789,"1","0","1",0.270149253731343,"1","0","0","0","0","0"
"0",0.563380281690141,"1","0","1",0.0149253731343284,"0","0","0","0","1","1"
"0",0.352112676056338,"0","0","1",0.260696517412935,"0","1","0","0","0","0"
"0",0.492957746478873,"1","0","0",0.0258706467661692,"0","0","0","1","0","0"
"0",1,"1","1","1",0.953233830845771,"0","1","1","0","1","0"
"0",0.47887323943662,"1","1","1",0.712437810945274,"0","1","1","0","0","0"
"0",0,"1","0","0",0.366169154228856,"0","1","0","0","0","0"
"0",0.211267605633803,"1","1","1",0.94228855721393,"0","1","1","0","0","1"
"1",0.676056338028169,"1","1","0",0.828855721393035,"0","1","1","0","0","0"
"0",0.746478873239437,"1","1","1",0.959203980099503,"0","1","1","1","0","0"
"0",0.23943661971831,"1","1","0",0.46318407960199,"0","1","0","0","0","1"
"0",0.492957746478873,"1","0","0",0.618407960199005,"0","1","1","0","0","1"
"0",0.830985915492958,"1","1","1",0.872139303482587,"1","1","1","0","0","1"
"0",0,"1","0","0",0.51044776119403,"1","0","1","0","0","0"
"0",0.71830985915493,"1","1","1",0.0676616915422886,"0","0","0","0","1","0"
"0",0.0985915492957746,"1","0","1",0.761194029850746,"0","1","1","0","0","1"
"0",1,"1","0","0",0.868159203980099,"0","1","1","0","1","0"
"0",0.887323943661972,"1","1","0",0.0641791044776119,"0","0","0","1","0","0"
"1",0.295774647887324,"1","0","1",0.512437810945274,"0","1","0","0","0","0"
"0",0.830985915492958,"0","0","1",0.417412935323383,"0","1","0","0","0","0"
"0",0.380281690140845,"1","0","1",0.624875621890547,"1","1","1","0","0","1"
"0",0.845070422535211,"1","1","0",0.0611940298507463,"0","0","0","0","1","0"
"0",0.323943661971831,"1","1","1",0.854726368159204,"0","1","1","0","0","1"
"0",0.380281690140845,"1","0","0",0.742786069651741,"0","1","1","1","0","0"
"0",0.408450704225352,"1","0","0",0.622388059701492,"0","1","0","0","1","0"
"0",0.0140845070422535,"1","0","0",0.0174129353233831,"0","0","0","0","0","0"
"0",0,"1","1","1",0.565671641791045,"0","0","1","0","0","1"
"0",0.0704225352112676,"1","0","0",0.0139303482587065,"0","0","0","0","0","0"
"0",0.323943661971831,"1","0","1",0.509452736318408,"0","1","0","0","0","0"
"0",0.0422535211267606,"1","1","0",0.824875621890547,"1","1","1","0","0","1"
"0",0.0845070422535211,"1","1","1",0.811442786069652,"1","1","1","0","0","1"
"1",1,"1","1","1",0.973134328358209,"0","1","1","0","1","0"
"0",0.971830985915493,"0","0","1",0.216915422885572,"0","1","0","0","1","0"
"1",0.887323943661972,"1","1","0",0.834328358208955,"0","1","1","0","1","1"
"0",1,"1","1","1",0.710945273631841,"0","1","1","1","0","1"
"0",0.605633802816901,"1","0","0",0.0164179104477612,"0","0","0","0","1","0"
"0",0.169014084507042,"1","0","0",0.375124378109453,"1","1","0","0","0","1"
"1",0.225352112676056,"1","0","0",0.0238805970149254,"0","0","0","1","0","0"
"0",0,"1","0","1",0.365671641791045,"1","1","0","0","0","1"
"0",0.112676056338028,"1","0","1",0.515422885572139,"0","1","0","0","0","0"
"0",0.323943661971831,"1","0","0",0.351741293532338,"0","1","0","0","0","0"
"0",0,"1","0","1",0.561691542288557,"1","1","1","0","0","1"
"0",0.323943661971831,"1","1","1",0.616915422885572,"1","1","1","0","0","1"
"1",0.47887323943662,"1","0","1",0.575124378109453,"0","1","0","0","0","1"
"0",0.0845070422535211,"1","0","1",0.571641791044776,"0","1","0","0","0","1"
"0",0.0563380281690141,"1","0","1",0.774626865671642,"1","1","1","0","0","1"
"0",0.197183098591549,"1","0","0",0.504975124378109,"1","0","1","0","0","0"
"0",0.140845070422535,"1","0","0",0.0139303482587065,"0","0","0","0","1","0"
"0",0.661971830985915,"0","0","1",0.269154228855721,"1","1","0","0","0","0"
"1",0.267605633802817,"1","0","1",0.628855721393035,"0","1","1","0","0","1"
"0",1,"1","1","1",0.898009950248756,"0","1","1","1","0","0"
"0",0.0985915492957746,"1","0","1",0.649751243781095,"1","1","1","0","0","1"
"0",1,"1","1","1",0.659203980099503,"0","1","1","0","1","0"
"0",0.197183098591549,"1","1","1",0.814925373134328,"0","1","1","0","0","1"
"0",1,"1","1","1",0.7,"0","1","0","0","1","0"
"0",0,"1","1","1",0.558208955223881,"1","0","1","0","0","1"
"0",0.873239436619718,"1","1","1",0.861194029850746,"0","1","1","0","1","0"
"0",0.0140845070422535,"1","0","1",0.40547263681592,"0","1","0","0","0","1"
"0",0.0140845070422535,"1","0","1",0.558706467661692,"1","1","1","0","0","1"
"1",0.845070422535211,"1","1","0",0.455721393034826,"0","1","0","1","0","0"
"0",0,"1","0","0",0.0213930348258706,"0","0","0","0","0","0"
"0",0.295774647887324,"0","0","1",0.253731343283582,"1","1","0","1","0","0"
"0",0.380281690140845,"1","0","0",0.424378109452736,"0","1","0","0","0","0"
"0",0.971830985915493,"1","0","0",0.0154228855721393,"0","0","0","0","1","0"
"1",0.0563380281690141,"0","0","0",0.101492537313433,"1","1","0","0","0","1"
"0",0.154929577464789,"1","1","1",0.81044776119403,"1","1","1","0","0","0"
"0",0.464788732394366,"1","1","0",0.975124378109453,"0","1","1","1","0","0"
"1",0.985915492957746,"1","1","1",0.621393034825871,"0","1","1","0","1","0"
"0",0.971830985915493,"1","1","0",0.467164179104478,"0","1","0","1","0","0"
"0",0.71830985915493,"1","0","1",0.654726368159204,"0","1","1","0","0","0"
"0",0.957746478873239,"1","1","1",0.608955223880597,"0","1","0","0","1","0"
"1",0.267605633802817,"1","1","1",0.754726368159204,"1","1","1","0","0","1"
"0",0.140845070422535,"1","1","1",0.59452736318408,"0","1","1","0","0","0"
"0",0.0140845070422535,"1","0","1",0.755721393034826,"1","1","1","0","0","1"
"0",0.0704225352112676,"1","1","1",0.619402985074627,"1","1","1","0","0","1"
"0",0,"1","0","0",0.0159203980099503,"0","0","0","0","0","0"
"1",0.267605633802817,"1","0","0",0.756716417910448,"0","1","1","1","0","0"
"0",0.845070422535211,"1","1","1",0.877611940298508,"0","1","1","0","0","1"
"1",0.0563380281690141,"1","1","1",0.558208955223881,"1","0","1","0","0","1"
"0",0.774647887323944,"1","1","1",0.867661691542289,"0","1","1","0","0","0"
"0",0.408450704225352,"1","1","1",0.763681592039801,"0","1","1","0","0","0"
"0",0.549295774647887,"1","1","0",0.861194029850746,"1","1","1","0","0","0"
"0",0.380281690140845,"1","0","0",0.358706467661692,"0","1","0","1","0","0"
"1",0.0563380281690141,"1","0","0",0.515422885572139,"0","0","1","0","0","1"
"1",0.366197183098592,"1","0","1",0.566666666666667,"1","1","1","0","0","0"
"0",0.154929577464789,"1","0","0",0.017910447761194,"0","0","0","0","0","0"
"0",0.929577464788732,"1","1","1",0.867164179104478,"0","1","1","1","0","1"
"1",0.394366197183099,"1","1","1",0.331840796019901,"0","0","0","0","0","1"
"0",0.76056338028169,"1","1","0",0.669154228855721,"0","1","1","0","0","0"
"0",0.309859154929577,"1","1","0",0.570646766169154,"1","0","1","0","0","0"
"0",0.464788732394366,"1","1","1",0.813930348258706,"1","1","1","0","0","1"
"0",0.71830985915493,"1","0","0",0.72636815920398,"0","1","1","1","0","1"
"1",1,"1","1","1",0.970149253731343,"0","1","1","0","1","0"
"0",0.802816901408451,"1","1","1",0.760696517412935,"0","1","1","1","0","0"
"0",0.47887323943662,"1","0","0",0.0134328358208955,"0","0","0","0","1","0"
"1",0.774647887323944,"1","1","1",0.812437810945274,"0","1","1","0","1","0"
"0",0.323943661971831,"1","0","1",0.0283582089552239,"0","0","0","0","1","0"
"0",0.971830985915493,"1","0","0",0.017910447761194,"0","0","0","0","1","0"
"0",0.0140845070422535,"1","0","1",0.613930348258707,"0","1","1","0","0","1"
"1",0.943661971830986,"1","1","1",0.884577114427861,"0","1","1","1","0","0"
"0",0,"1","1","1",0.664179104477612,"1","1","1","0","0","1"
"0",0.154929577464789,"1","1","1",0.709452736318408,"0","1","1","0","0","1"
"0",0.873239436619718,"1","1","1",0.629850746268657,"0","1","1","0","0","0"
"0",0.450704225352113,"1","0","1",0.4,"0","1","0","1","0","0"
"0",0.957746478873239,"1","0","1",0.770149253731343,"0","1","1","1","0","0"
"0",0.830985915492958,"1","0","1",0.620398009950249,"0","1","0","0","1","0"
"0",1,"1","1","1",0.943781094527363,"0","1","1","0","1","0"
"0",0.140845070422535,"1","1","1",0.40497512437811,"0","1","0","0","0","0"
"0",0,"1","0","0",0.0129353233830846,"0","0","0","0","0","0"
"0",0.126760563380282,"1","1","1",0.674626865671642,"1","1","1","0","0","0"
"0",0.169014084507042,"0","0","1",0.271641791044776,"1","1","0","0","0","0"
"0",0.464788732394366,"1","0","1",0.603980099502488,"0","1","1","1","0","0"
"0",0.535211267605634,"1","0","1",0.677114427860697,"1","1","1","0","0","0"
"0",0.901408450704225,"1","1","1",0.863681592039801,"0","1","1","1","0","0"
"1",0.690140845070423,"1","1","1",0.832338308457712,"0","1","1","1","0","0"
"0",0.197183098591549,"1","0","0",0.0149253731343284,"0","0","0","0","0","0"
"0",1,"1","1","1",0.91592039800995,"0","1","1","0","1","0"
"0",1,"1","1","1",0.96865671641791,"0","1","1","0","1","0"
"0",0.76056338028169,"1","0","0",0.0109452736318408,"0","0","0","0","1","0"
"0",0.309859154929577,"1","1","1",0.073134328358209,"0","0","0","0","1","0"
"0",0.436619718309859,"1","1","1",0.617910447761194,"1","1","1","0","0","0"
"0",0.774647887323944,"1","1","1",0.502487562189055,"0","1","0","1","0","0"
"0",0,"1","0","0",0.0164179104477612,"0","0","0","0","0","0"
"0",0.52112676056338,"1","0","0",0.52089552238806,"0","1","0","1","0","0"
"0",0.140845070422535,"1","0","0",0.516915422885572,"0","0","1","0","0","1"
"0",0,"1","0","1",0.308955223880597,"0","1","0","0","0","1"
"0",0.774647887323944,"1","1","1",0.885572139303483,"0","1","1","1","0","1"
"0",0.028169014084507,"1","1","1",0.0532338308457712,"0","0","0","0","0","0"
"0",0.0845070422535211,"1","0","0",0.511940298507463,"0","1","0","0","0","0"
"0",0.816901408450704,"1","1","1",0.808457711442786,"0","1","1","0","1","0"
"0",0.0845070422535211,"1","0","0",0.458208955223881,"0","1","0","0","0","0"
"0",0.985915492957746,"1","0","1",0.523383084577114,"0","1","0","0","1","0"
"0",0.197183098591549,"1","0","0",0.832338308457712,"0","1","1","1","0","1"
"0",0.985915492957746,"1","1","0",0.549751243781095,"0","1","0","0","1","0"
"0",0.47887323943662,"1","1","1",0.81592039800995,"1","1","1","0","0","1"
"0",0.140845070422535,"0","0","1",0.220398009950249,"0","1","0","1","0","0"
"0",0.830985915492958,"1","0","1",0.00995024875621891,"0","0","0","0","1","0"
"1",0.647887323943662,"1","1","0",0.411442786069652,"0","1","0","0","1","0"
"0",0.140845070422535,"1","0","0",0.464179104477612,"0","1","0","1","0","0"
"0",0.774647887323944,"1","1","0",0.816417910447761,"1","1","1","1","0","0"
"1",0.380281690140845,"1","1","1",0.921393034825871,"0","1","1","0","0","1"
"0",0.845070422535211,"1","0","1",0.624875621890547,"0","1","0","0","1","0"
"0",0.422535211267606,"1","1","0",0.794029850746269,"0","1","1","1","0","0"
"0",0.112676056338028,"1","0","1",0.519900497512438,"0","0","1","0","0","1"
"1",0.47887323943662,"1","1","1",0.759203980099502,"0","1","1","0","0","1"
"0",0.0140845070422535,"1","0","1",0.0139303482587065,"0","0","0","0","0","0"
"0",0.154929577464789,"1","0","0",0.00746268656716418,"1","0","0","0","0","0"
"0",0,"1","0","0",0.567661691542289,"1","1","1","0","0","0"
"1",0.0422535211267606,"1","1","1",0.705970149253731,"1","1","1","0","0","1"
"0",0,"1","0","1",0.00746268656716418,"0","0","0","0","0","0"
"0",0.028169014084507,"1","0","1",0.0174129353233831,"0","0","0","0","0","0"
"1",0,"1","1","1",0.671144278606965,"1","1","1","0","0","1"
"0",0.71830985915493,"1","0","1",0.447761194029851,"0","1","0","0","1","0"
"0",0.0563380281690141,"1","0","0",0.018407960199005,"0","0","0","1","0","0"
"0",1,"1","1","1",0.804975124378109,"0","1","1","0","1","1"
"0",0.985915492957746,"1","1","0",0.717910447761194,"0","1","0","0","1","1"
"0",1,"1","1","1",0.931840796019901,"0","1","1","0","1","0"
"0",0.633802816901408,"1","1","0",0.0661691542288557,"0","0","0","1","0","1"
"0",0.873239436619718,"1","1","0",0.649253731343284,"0","1","0","0","1","0"
"0",0.408450704225352,"1","0","1",0.657213930348259,"0","1","1","0","0","0"
"0",0,"1","0","0",0.272139303482587,"0","0","0","0","0","0"
"0",0.154929577464789,"1","1","1",0.4318407960199,"1","1","0","0","0","0"
"0",0.211267605633803,"0","0","0",0.364179104477612,"0","1","0","0","1","0"
"0",0.0422535211267606,"1","1","0",0.470646766169154,"0","1","0","0","0","0"
"0",0.704225352112676,"1","1","1",0.717412935323383,"0","1","1","1","0","0"
"0",0.901408450704225,"1","0","1",0.0213930348258706,"0","0","0","0","1","0"
"0",0.211267605633803,"1","0","1",0.560199004975124,"0","1","1","0","0","0"
"0",0.0140845070422535,"1","0","0",0.0169154228855721,"0","0","0","1","0","0"
"0",0.915492957746479,"1","1","1",0.557213930348259,"0","0","1","1","0","0"
"0",0.633802816901408,"1","1","0",0.899502487562189,"0","1","1","0","1","1"
"0",0.436619718309859,"1","1","1",0.908457711442786,"0","1","1","1","0","0"
"0",1,"1","1","0",0.680597014925373,"0","1","0","0","1","0"
"0",0.52112676056338,"1","0","0",0.624378109452736,"0","1","0","0","1","0"
"0",0.704225352112676,"1","0","0",0.29452736318408,"0","1","0","1","0","0"
"0",1,"1","1","0",0.958208955223881,"0","1","1","0","1","0"
"1",0.901408450704225,"1","1","0",0.865671641791045,"1","1","1","0","0","0"
"0",0.112676056338028,"0","0","1",0.116417910447761,"1","1","0","0","0","1"
"0",0.112676056338028,"1","0","0",0.465174129353234,"1","1","0","0","0","0"
"0",0.915492957746479,"1","0","0",0.0228855721393035,"0","0","0","0","1","0"
"1",0.605633802816901,"1","1","1",0.910945273631841,"0","1","1","1","0","0"
"0",0.690140845070423,"1","1","0",0.509950248756219,"0","1","0","0","1","0"
"0",0.197183098591549,"1","1","0",0.304477611940299,"0","0","0","0","0","0"
"0",0.0985915492957746,"0","0","1",0.0696517412935323,"0","0","0","0","0","0"
"1",0.915492957746479,"1","1","1",0.841791044776119,"0","1","1","1","0","0"
"0",0.788732394366197,"1","1","1",0.68955223880597,"0","1","1","0","0","0"
"0",0.0845070422535211,"1","1","1",0.6,"0","1","1","0","0","0"
"1",0.126760563380282,"0","0","1",0.162189054726368,"0","1","0","0","0","0"
"0",0.859154929577465,"1","1","1",0.734328358208955,"0","1","1","1","0","1"
"0",0.549295774647887,"1","0","1",0.664676616915423,"0","1","1","1","0","1"
"0",0.267605633802817,"1","0","0",0.0144278606965174,"0","0","0","0","1","0"
"0",0.0845070422535211,"1","0","0",0.0174129353233831,"1","0","0","0","0","0"
"0",0.338028169014085,"1","0","1",0.765174129353234,"0","1","1","0","0","1"
"0",0.309859154929577,"1","1","0",0.656716417910448,"0","1","1","0","0","1"
"1",0.915492957746479,"1","1","0",0.859203980099502,"0","1","1","1","0","0"
"1",1,"1","1","0",0.929353233830846,"0","1","1","0","1","1"
"1",0.676056338028169,"1","1","0",0.714427860696517,"1","1","1","0","0","0"
"1",0.591549295774648,"1","1","1",0.920398009950249,"1","1","1","0","0","0"
"0",0.633802816901408,"1","1","0",0.365671641791045,"0","1","0","0","0","0"
"0",1,"1","1","0",0.712437810945274,"0","1","0","0","1","0"
"0",0.126760563380282,"1","0","0",0.0208955223880597,"0","0","0","1","0","0"
"0",0.549295774647887,"0","0","1",0.361194029850746,"0","1","0","1","0","0"
"0",0.901408450704225,"1","1","1",0.868159203980099,"1","1","1","0","0","1"
"0",0.422535211267606,"1","0","0",0.807960199004975,"0","1","1","0","1","0"
"0",0.943661971830986,"1","1","0",0.523880597014925,"0","1","0","0","1","0"
"1",0.774647887323944,"1","1","1",0.858706467661692,"1","1","1","1","0","0"
"0",0.126760563380282,"1","1","1",0.666666666666667,"1","1","1","0","0","1"
"0",0.943661971830986,"1","1","0",0.0711442786069652,"0","0","0","0","1","0"
"0",0.591549295774648,"1","0","0",0.377114427860696,"1","1","0","0","0","1"
"0",0,"1","0","1",0.709452736318408,"1","1","1","0","0","1"
"1",0.676056338028169,"1","0","1",0.712437810945274,"0","1","1","1","0","0"
"0",0.197183098591549,"1","1","1",0.0696517412935323,"0","0","0","0","0","1"
"1",0.267605633802817,"1","1","1",0.759203980099502,"1","1","1","0","0","1"
"0",0,"1","0","1",0.273134328358209,"1","0","0","0","0","0"
"0",0.690140845070423,"1","1","1",0.511442786069652,"0","1","0","1","0","1"
"1",0.0140845070422535,"1","1","0",0.708955223880597,"1","1","1","0","0","1"
"1",0.323943661971831,"1","0","0",0.514925373134328,"0","0","1","0","0","0"
"0",0.028169014084507,"1","0","1",0.51044776119403,"1","0","1","0","0","0"
"0",0,"1","0","1",0.560696517412935,"1","1","1","0","0","0"
"0",0.47887323943662,"1","0","0",0.018407960199005,"0","0","0","0","1","0"
"0",0.225352112676056,"1","1","0",0.0651741293532338,"0","0","0","0","0","0"
"1",0.0985915492957746,"1","0","0",0.0139303482587065,"1","0","0","0","0","1"
"0",0.126760563380282,"1","0","1",0.764676616915423,"0","1","1","0","0","0"
"0",0.943661971830986,"1","1","1",0.702487562189055,"0","1","0","0","1","0"
"0",0.619718309859155,"1","0","0",0.602487562189055,"0","1","0","1","0","0"
"0",0.0140845070422535,"1","0","0",0.0159203980099503,"1","0","0","1","0","0"
"0",0.507042253521127,"1","0","0",0.0208955223880597,"0","0","0","0","0","0"
"0",0.0422535211267606,"0","0","1",0.0597014925373134,"1","0","0","0","0","0"
"0",0.126760563380282,"1","0","0",0.26865671641791,"0","0","0","0","0","0"
"0",0,"1","0","0",0.017910447761194,"0","0","0","0","0","0"
"0",0.901408450704225,"1","1","1",0.51044776119403,"0","1","0","0","1","0"
"0",0.788732394366197,"1","0","0",0.0124378109452736,"0","0","0","0","1","0"
"0",0.028169014084507,"1","0","1",0.562189054726368,"0","1","1","0","0","0"
"0",0.0140845070422535,"1","0","0",0.511442786069652,"1","0","1","0","0","1"
"0",0.676056338028169,"0","0","1",0.118905472636816,"0","1","0","0","0","0"
"0",0.0422535211267606,"1","0","0",0.272636815920398,"1","0","0","0","0","0"
"0",0.971830985915493,"0","0","0",0.393532338308458,"0","1","0","0","1","0"
"0",0.732394366197183,"1","0","1",0.0159203980099503,"0","0","0","1","0","0"
"0",0.732394366197183,"1","1","0",0.072636815920398,"0","0","0","0","1","0"
"0",0,"1","1","1",0.565174129353234,"1","0","1","0","0","0"
"0",0.295774647887324,"1","1","1",0.0656716417910448,"0","0","0","0","0","0"
"1",0.71830985915493,"0","0","1",0.307462686567164,"1","1","0","0","0","1"
"1",0.901408450704225,"1","1","1",0.916417910447761,"0","1","1","0","1","1"
"0",0.661971830985915,"1","1","0",0.0626865671641791,"0","0","0","1","0","0"
"0",0.0140845070422535,"0","0","1",0.163681592039801,"1","1","0","0","0","1"
"0",0.028169014084507,"1","1","0",0.892537313432836,"0","1","1","0","0","0"
"0",0.619718309859155,"1","1","0",0.628358208955224,"0","1","1","0","0","0"
"0",0,"1","0","0",0.614427860696517,"1","1","1","0","0","1"
"0",0.845070422535211,"1","0","1",0.55273631840796,"0","1","0","0","1","0"
"0",0.028169014084507,"1","0","1",0.459203980099503,"0","1","0","0","0","0"
"1",0.549295774647887,"1","1","1",0.850746268656716,"0","1","1","1","0","0"
"0",0,"1","0","0",0.525870646766169,"0","0","1","0","0","0"
"0",0,"1","0","1",0.314925373134328,"0","1","0","0","0","1"
"0",0.704225352112676,"1","1","1",0.0631840796019901,"0","0","0","1","0","0"
"1",0.0140845070422535,"1","0","1",0.308457711442786,"1","1","0","0","0","1"
"0",0.71830985915493,"0","0","0",0.117910447761194,"0","1","0","1","0","0"
"0",0.704225352112676,"1","1","0",0.648258706467662,"0","1","1","0","0","0"
"0",0,"1","0","1",0.0218905472636816,"0","0","0","0","0","0"
"0",0.422535211267606,"1","1","1",0.567164179104478,"0","1","0","1","0","0"
"0",0.647887323943662,"1","0","0",0.0228855721393035,"0","0","0","1","0","0"
"0",0.028169014084507,"1","1","1",0.565671641791045,"1","0","1","0","0","0"
"1",0.295774647887324,"1","0","1",0.017910447761194,"0","0","0","1","0","0"
"0",0,"1","0","1",0.0238805970149254,"0","0","0","0","0","0"
"0",1,"1","1","1",0.665671641791045,"0","1","0","0","1","0"
"0",0.028169014084507,"1","0","1",0.317412935323383,"1","1","0","0","0","1"
"1",0.647887323943662,"1","0","1",0.663681592039801,"0","1","1","1","0","0"
"0",1,"1","1","1",0.480099502487562,"0","1","0","0","1","0"
"0",0.915492957746479,"1","1","1",0.448258706467662,"0","1","0","0","1","0"
"0",0.47887323943662,"1","1","0",0.645771144278607,"0","1","1","0","0","1"
"0",0.394366197183099,"1","1","1",0.66318407960199,"0","1","1","0","0","1"
"0",0.0140845070422535,"1","0","1",0.0228855721393035,"0","0","0","0","0","0"
"0",0.0422535211267606,"1","0","0",0.308457711442786,"0","1","0","0","0","0"
"0",0.338028169014085,"1","0","1",0.612935323383085,"1","1","1","0","0","0"
"0",0.901408450704225,"1","0","1",0.411442786069652,"0","1","0","0","1","0"
"1",0.366197183098592,"1","1","1",0.859701492537314,"0","1","1","1","0","0"
"0",0.394366197183099,"1","0","1",0.567661691542289,"0","1","1","0","0","0"
"0",0.394366197183099,"1","1","0",0.615422885572139,"0","1","0","0","0","0"
"0",0,"1","0","0",0.0129353233830846,"1","0","0","0","0","0"
"0",0.267605633802817,"1","0","1",0.624378109452736,"0","1","1","0","0","0"
"0",0.802816901408451,"1","1","1",0.0641791044776119,"0","0","0","0","1","0"
"0",0.183098591549296,"1","1","1",0.674129353233831,"0","1","1","0","0","0"
"0",1,"1","1","0",0.0711442786069652,"0","0","0","0","1","0"
"0",0.633802816901408,"1","1","1",0.70547263681592,"0","1","1","0","0","0"
"0",0.985915492957746,"0","0","0",0.398009950248756,"0","1","0","0","1","0"
"0",0.436619718309859,"1","1","1",0.670646766169154,"0","1","1","0","0","0"
"0",0.352112676056338,"0","0","1",0.319402985074627,"0","1","0","0","0","0"
"1",0.943661971830986,"1","1","1",0.617910447761194,"0","1","1","0","0","0"
"0",0.0140845070422535,"1","0","0",0.0194029850746269,"0","0","0","1","0","0"
"0",0.845070422535211,"1","0","0",0.0228855721393035,"0","0","0","0","1","0"
"0",0.0422535211267606,"1","1","1",0.67363184079602,"1","1","1","0","0","1"
"0",0.028169014084507,"1","0","1",0.269651741293532,"1","0","0","0","0","1"
"1",0.450704225352113,"1","1","1",0.758706467661692,"1","1","1","0","0","1"
"1",0.112676056338028,"1","0","1",0.0298507462686567,"0","0","0","0","0","0"
"0",0.295774647887324,"1","1","0",0.0796019900497512,"0","0","0","0","1","0"
"0",0.0563380281690141,"1","0","1",0.622885572139303,"0","1","1","0","0","1"
"1",0.408450704225352,"1","1","0",0.730845771144279,"1","1","1","0","0","0"
"0",0.901408450704225,"1","1","1",0.556716417910448,"0","1","0","0","1","0"
"0",0.619718309859155,"1","1","1",0.686567164179104,"1","1","1","0","0","1"
"0",0.0563380281690141,"1","0","0",0.0208955223880597,"0","0","0","0","0","0"
"0",0.338028169014085,"1","0","1",0.569651741293532,"0","1","1","0","0","1"
"0",1,"1","1","0",0.604975124378109,"0","1","1","0","1","0"
"0",0.366197183098592,"1","1","0",0.715422885572139,"0","1","1","0","0","0"
"0",0.436619718309859,"0","0","0",0.321890547263682,"0","1","0","0","0","0"
"0",0.408450704225352,"1","1","0",0.917412935323383,"0","1","1","1","0","0"
"0",0.971830985915493,"1","0","0",0.823383084577114,"0","1","1","0","1","0"
"1",0.577464788732394,"1","1","1",0.607960199004975,"0","1","1","0","0","0"
"1",1,"1","1","1",0.712437810945274,"0","1","0","0","1","0"
"0",0.647887323943662,"1","1","1",0.465174129353234,"0","1","0","0","1","0"
"0",0.0140845070422535,"1","0","1",0.618905472636816,"0","1","1","0","0","1"
"0",0.126760563380282,"1","1","0",0.799004975124378,"1","1","1","0","0","1"
"0",0.845070422535211,"1","1","1",0.0582089552238806,"0","0","0","0","1","0"
"0",0.0563380281690141,"1","0","1",0.256716417910448,"0","0","0","0","0","0"
"1",1,"1","1","1",0.92089552238806,"0","1","1","0","1","0"
"1",1,"1","1","1",0.962189054726368,"0","1","1","0","1","0"
"1",0.028169014084507,"1","0","0",0.565174129353234,"0","1","1","0","0","0"
"0",0.661971830985915,"1","0","0",0.00995024875621891,"0","0","0","0","1","0"
"0",0.873239436619718,"1","0","1",0.714427860696517,"0","1","1","1","0","0"
"0",0.366197183098592,"1","0","1",0.382587064676617,"0","1","0","0","0","0"
"0",0.971830985915493,"1","0","1",0.61592039800995,"0","1","0","0","1","0"
"0",0.0845070422535211,"1","0","1",0.528358208955224,"0","1","0","0","0","0"
"0",0.0140845070422535,"1","0","0",0.717412935323383,"0","1","1","0","0","1"
"1",0.267605633802817,"1","1","1",0.799004975124378,"1","1","1","0","0","1"
"0",0.915492957746479,"1","0","0",0.0144278606965174,"0","0","0","0","1","0"
"0",0.028169014084507,"1","0","0",0.0159203980099503,"0","0","0","0","0","0"
"0",0.197183098591549,"1","0","1",0.673134328358209,"1","1","1","0","0","0"
"0",1,"1","1","1",0.717412935323383,"0","1","1","0","1","0"
"0",0,"1","0","0",0.0253731343283582,"0","0","0","0","0","0"
"0",0.295774647887324,"1","0","0",0.706467661691542,"1","1","1","0","0","1"
"0",0.028169014084507,"1","0","1",0.517910447761194,"1","0","1","0","0","1"
"0",1,"1","1","0",0.483582089552239,"0","1","0","0","1","0"
"0",0.901408450704225,"1","0","0",0.0164179104477612,"0","0","0","0","1","0"
"0",0.140845070422535,"0","0","1",0.174626865671642,"0","1","0","0","0","0"
"0",0.295774647887324,"1","1","1",0.602985074626866,"0","1","1","0","0","0"
"0",0.183098591549296,"1","0","0",0.0213930348258706,"0","0","0","1","0","0"
"0",0.563380281690141,"1","0","1",0.557213930348259,"0","1","1","0","0","1"
"0",0.225352112676056,"1","0","0",0.46318407960199,"0","1","0","1","0","0"
"0",0.140845070422535,"1","0","1",0.0218905472636816,"0","0","0","0","0","0"
"0",0.197183098591549,"1","1","1",0.74726368159204,"1","1","1","0","0","1"
"0",0,"1","0","0",0.0164179104477612,"1","0","0","0","0","0"
"0",0.0563380281690141,"1","0","1",0.702985074626866,"1","1","1","0","0","0"
"0",0.450704225352113,"1","0","1",0.771641791044776,"1","1","1","1","0","1"
"0",1,"1","1","1",0.919402985074627,"0","1","1","0","1","0"
"0",0.028169014084507,"0","0","0",0.219402985074627,"0","1","0","0","0","0"
"0",0.0140845070422535,"1","1","1",0.634328358208955,"1","1","1","0","0","1"
"0",0.816901408450704,"1","1","1",0.883084577114428,"0","1","1","1","0","0"
"0",0.0140845070422535,"1","0","0",0.269651741293532,"1","0","0","0","0","1"
"0",0.985915492957746,"1","0","1",0.548258706467662,"0","1","0","0","1","0"
"0",0.0563380281690141,"1","0","0",0.264179104477612,"0","0","0","0","0","0"
"0",0.366197183098592,"1","0","1",0.36318407960199,"0","1","0","0","0","0"
"0",0,"1","0","1",0.337810945273632,"1","1","0","0","0","1"
"0",0.873239436619718,"0","0","1",0.222388059701493,"0","1","0","1","0","0"
"1",0.633802816901408,"1","1","1",0.912935323383085,"1","1","1","1","0","1"
"0",1,"1","1","0",0.36865671641791,"0","1","0","0","1","0"
"0",0.464788732394366,"1","1","1",0.423880597014925,"0","1","0","0","0","0"
"0",0.323943661971831,"1","1","0",0.598507462686567,"0","1","0","1","0","1"
"0",1,"1","1","0",0.511442786069652,"0","1","0","0","1","0"
"0",0.830985915492958,"0","0","0",0.413930348258707,"0","1","0","0","1","0"
"0",0.943661971830986,"1","1","1",0.583582089552239,"0","1","0","1","0","0"
"0",0.0985915492957746,"1","0","1",0.0159203980099503,"0","0","0","0","1","0"
"0",0.464788732394366,"1","0","0",0.491542288557214,"0","1","0","0","1","0"
"0",0.0704225352112676,"0","0","0",0.266169154228856,"0","1","0","0","0","0"
"0",0.0140845070422535,"1","0","1",0.457213930348259,"0","1","0","0","0","0"
"0",0.422535211267606,"1","1","0",0.63134328358209,"0","1","1","1","0","0"
"0",0.267605633802817,"1","1","1",0.072636815920398,"0","0","0","0","0","0"
"0",0,"1","0","0",0.0174129353233831,"0","0","0","0","0","1"
"0",0.859154929577465,"1","1","1",0.781094527363184,"1","1","1","1","0","1"
"1",0.971830985915493,"1","1","1",0.571144278606965,"0","0","1","0","1","0"
"0",0.126760563380282,"1","1","1",0.798507462686567,"1","1","1","0","0","1"
"0",0.535211267605634,"1","1","1",0.0552238805970149,"0","0","0","0","1","0"
"0",0.633802816901408,"1","0","1",0.457213930348259,"0","1","0","0","1","0"
"0",0.0704225352112676,"1","0","1",0.667661691542288,"1","1","1","0","0","1"
"0",1,"1","1","1",0.582587064676617,"0","1","0","0","1","0"
"0",0.23943661971831,"1","0","0",0.367661691542289,"0","1","0","0","0","0"
"0",0.985915492957746,"1","1","1",0.898507462686567,"0","1","1","0","1","0"
"0",0.549295774647887,"1","1","1",0.82636815920398,"1","1","1","0","0","1"
"0",0,"1","0","1",0.51044776119403,"1","0","1","0","0","1"
"0",0.802816901408451,"1","1","1",0.845771144278607,"1","1","1","1","0","0"
"0",0.971830985915493,"1","1","1",0.853233830845771,"1","1","1","0","1","0"
"0",0.577464788732394,"1","1","0",0.0696517412935323,"0","0","0","0","1","1"
"0",0.464788732394366,"0","0","0",0.12089552238806,"0","1","0","1","0","0"
"1",0.0563380281690141,"1","0","0",0.017910447761194,"0","0","0","0","0","0"
"0",0.338028169014085,"1","1","1",0.660199004975124,"0","1","1","0","0","0"
"0",0.0140845070422535,"1","0","1",0.676119402985075,"1","1","1","0","0","0"
"0",0.76056338028169,"1","0","1",0.850248756218905,"0","1","1","1","0","0"
"0",0.28169014084507,"1","1","1",0.924875621890547,"1","1","1","0","0","1"
"0",0.971830985915493,"1","1","1",0.694029850746269,"0","1","1","0","1","0"
"0",0.845070422535211,"1","1","1",0.876616915422886,"0","1","1","0","0","1"
"0",0.591549295774648,"1","0","1",0.605970149253731,"0","1","0","0","1","0"
"0",0.647887323943662,"1","1","1",0.844278606965174,"0","1","1","1","0","1"
"0",0.0563380281690141,"1","0","1",0.454726368159204,"0","1","0","0","0","0"
"0",0.859154929577465,"1","1","1",0.0751243781094527,"0","0","0","0","1","0"
"0",0.211267605633803,"1","0","1",0.708457711442786,"1","1","1","0","0","0"
"1",0.0845070422535211,"1","1","1",0.769651741293532,"1","1","1","0","0","0"
"0",0.183098591549296,"1","1","0",0.072636815920398,"0","0","0","0","0","0"
"0",0.830985915492958,"1","0","0",0.723383084577114,"1","1","1","1","0","1"
"0",0.464788732394366,"0","0","1",0.264676616915423,"0","1","0","0","0","1"
"0",0.690140845070423,"1","1","0",0.898507462686567,"1","1","1","1","0","1"
"0",0.52112676056338,"1","1","0",0.0676616915422886,"0","0","0","0","1","0"
"0",0.971830985915493,"1","0","0",0.555721393034826,"0","1","0","1","0","0"
"0",0.507042253521127,"1","1","1",0.701990049751244,"0","1","1","0","0","1"
"1",0.0422535211267606,"1","0","1",0.602985074626866,"1","1","1","0","0","1"
"1",0.830985915492958,"1","1","1",0.746268656716418,"0","1","1","0","0","1"
"0",0.859154929577465,"1","0","0",0.528855721393035,"0","1","0","1","0","0"
"0",0,"1","0","0",0.260199004975124,"1","0","0","0","0","0"
"0",0.492957746478873,"1","0","1",0.606467661691542,"0","1","0","0","0","0"
"0",0.605633802816901,"1","0","0",0.0213930348258706,"0","0","0","0","1","0"
"1",0.76056338028169,"1","1","1",0.813432835820896,"1","1","1","1","0","1"
"0",1,"1","1","1",0.86318407960199,"0","1","1","0","1","0"
"0",0.154929577464789,"1","0","0",0.0154228855721393,"1","0","0","1","0","0"
"0",0.169014084507042,"0","0","1",0.125373134328358,"0","1","0","0","0","0"
"0",0,"1","0","1",0.712935323383085,"1","1","1","0","0","1"
"0",0.197183098591549,"1","0","0",0.0228855721393035,"0","0","0","1","0","0"
"0",0.901408450704225,"1","0","1",0.662686567164179,"0","1","0","0","1","0"
"0",0.154929577464789,"0","0","0",0.148258706467662,"0","1","0","1","0","0"
"0",1,"1","1","1",0.733830845771144,"0","1","0","0","1","0"
"0",1,"1","1","0",0.711940298507463,"0","1","0","0","1","0"
"0",1,"1","1","1",0.970646766169154,"0","1","1","0","1","0"
"0",0.71830985915493,"1","1","1",0.665671641791045,"0","1","0","0","1","0"
"0",0.0140845070422535,"1","1","0",0.0656716417910448,"0","0","0","0","0","0"
"0",0.0563380281690141,"1","0","1",0.458706467661691,"0","1","0","0","0","1"
"0",0.943661971830986,"1","0","0",0.0223880597014925,"0","0","0","0","1","0"
"0",0.859154929577465,"1","1","1",0.814925373134328,"1","1","1","1","0","1"
"0",1,"1","1","0",0.674626865671642,"0","1","0","0","1","0"
"0",0,"1","0","0",0.323880597014925,"1","1","0","0","0","1"
"0",0.915492957746479,"1","1","0",0.703980099502488,"0","1","1","1","0","1"
"0",1,"0","0","1",0.46318407960199,"0","1","0","0","1","0"
"0",0.352112676056338,"1","0","0",0.0154228855721393,"0","0","0","1","0","0"
"0",0.887323943661972,"1","1","0",0.747761194029851,"0","1","1","0","1","0"
"1",0.267605633802817,"1","0","1",0.551243781094527,"1","1","1","0","0","1"
"0",0.028169014084507,"1","0","1",0.764676616915423,"1","1","1","0","0","1"
"0",0.295774647887324,"1","1","1",0.760199004975124,"1","1","1","0","0","0"
"0",0.0422535211267606,"1","0","1",0.620398009950249,"1","1","1","0","0","0"
"0",0.859154929577465,"0","0","1",0.206467661691542,"0","1","0","0","1","0"
"0",0.0563380281690141,"1","0","1",0.0223880597014925,"0","0","0","0","0","0"
"0",0.816901408450704,"1","1","0",0.669651741293532,"1","1","1","1","0","1"
"0",0.028169014084507,"1","1","1",0.0810945273631841,"0","0","0","0","1","0"
"0",1,"1","1","1",0.795522388059702,"0","1","1","0","1","0"
"0",0.788732394366197,"1","0","1",0.789054726368159,"0","1","1","1","0","0"
"0",0.915492957746479,"1","0","0",0.0169154228855721,"0","0","0","0","1","0"
"0",0.830985915492958,"0","0","1",0.323880597014925,"1","1","0","0","0","1"
"0",0.619718309859155,"1","1","0",0.81044776119403,"0","1","1","0","1","0"
"0",0.028169014084507,"0","0","1",0.164676616915423,"0","1","0","0","0","0"
"0",0.197183098591549,"1","0","0",0.864179104477612,"1","1","1","0","0","1"
"0",0.704225352112676,"0","0","0",0.416915422885572,"0","1","0","1","0","0"
"0",0.830985915492958,"1","1","0",0.462686567164179,"0","1","0","1","0","1"
"0",0.450704225352113,"1","1","1",0.362189054726368,"0","1","0","0","0","0"
"0",0.126760563380282,"1","0","1",0.913930348258706,"1","1","1","0","0","1"
"1",0.352112676056338,"1","0","0",0.0104477611940299,"0","0","0","1","0","0"
"0",0.0704225352112676,"1","0","0",0.653233830845771,"1","1","1","0","0","1"
"0",0.929577464788732,"1","1","1",0.925373134328358,"0","1","1","1","0","1"
"0",0.676056338028169,"0","0","1",0.174626865671642,"0","1","0","1","0","0"
"0",0,"1","0","1",0.017910447761194,"0","0","0","0","0","0"
"1",0.0845070422535211,"1","0","1",0.65771144278607,"0","1","1","0","0","1"
"1",0.366197183098592,"1","1","1",0.917910447761194,"0","1","1","1","0","0"
"0",0.507042253521127,"1","0","0",0.725870646766169,"0","1","1","1","0","0"
"0",0.873239436619718,"1","1","1",0.818905472636816,"1","1","1","0","0","1"
"0",0.422535211267606,"1","1","0",0.706965174129353,"0","1","1","0","0","1"
"0",0.690140845070423,"1","1","1",0.851741293532338,"1","1","1","0","0","0"
"1",0.436619718309859,"1","1","1",0.625373134328358,"0","1","1","0","0","0"
"0",0,"0","0","0",0.0631840796019901,"1","0","0","0","0","1"
"0",0.873239436619718,"1","1","1",0.62636815920398,"0","1","1","1","0","0"
"0",0.408450704225352,"1","1","1",0.756716417910448,"0","1","1","0","0","0"
"0",0.985915492957746,"1","1","1",0.97363184079602,"0","1","1","0","1","0"
"0",0.732394366197183,"1","1","0",0.86865671641791,"0","1","1","0","1","1"
"0",0.154929577464789,"1","0","1",0.802487562189055,"1","1","1","0","0","0"
"0",0.690140845070423,"1","1","1",0.75771144278607,"0","1","1","0","0","0"
"0",0.0140845070422535,"1","0","0",0.0124378109452736,"0","0","0","0","0","0"
"0",0.112676056338028,"1","1","0",0.796517412935323,"1","1","1","0","0","0"
"0",0.225352112676056,"1","0","0",0.752238805970149,"1","1","1","0","0","1"
"0",0.774647887323944,"1","0","1",0.869154228855721,"0","1","1","1","0","0"
"0",0.929577464788732,"1","0","0",0.627860696517413,"0","1","0","0","1","0"
"1",0.112676056338028,"1","1","1",0.818407960199005,"1","1","1","0","0","1"
"0",0.0422535211267606,"1","0","1",0.379601990049751,"0","1","0","0","0","1"
"0",0.253521126760563,"1","0","1",0.46865671641791,"0","1","0","1","0","0"
"0",0.0985915492957746,"1","0","0",0.0169154228855721,"0","0","0","0","0","0"
"0",0.985915492957746,"1","1","1",0.925373134328358,"0","1","1","0","1","1"
"1",0.126760563380282,"1","0","1",0.543283582089552,"1","1","1","0","0","1"
"1",0.197183098591549,"1","1","0",0.703980099502488,"0","1","1","0","0","0"
"0",1,"1","1","1",0.874129353233831,"0","1","1","1","0","0"
"0",0.154929577464789,"1","0","0",0.017910447761194,"0","0","0","1","0","0"
"0",1,"1","1","1",0.0691542288557214,"0","0","0","0","1","0"
"1",0,"1","1","1",0.550248756218905,"1","0","1","0","0","1"
"1",0.309859154929577,"1","0","1",0.56865671641791,"0","1","1","0","0","0"
"0",1,"0","0","1",0.470646766169154,"0","1","0","0","1","0"
"0",0.352112676056338,"1","1","1",0.621393034825871,"0","1","1","0","0","1"
"0",0.28169014084507,"1","0","1",0.858706467661692,"0","1","1","1","0","0"
"0",0.830985915492958,"1","1","0",0.0587064676616915,"0","0","0","1","0","0"
"0",0.154929577464789,"1","0","0",0.0218905472636816,"0","0","0","0","0","0"
"0",0.211267605633803,"1","1","1",0.56865671641791,"0","0","1","0","0","1"
"0",0.873239436619718,"1","1","1",0.611442786069652,"0","1","0","1","0","0"
"1",0.295774647887324,"1","0","0",0.63134328358209,"0","1","1","0","0","1"
"0",0.436619718309859,"1","0","0",0.577611940298507,"0","1","0","0","0","0"
"1",0.028169014084507,"1","1","1",0.608457711442786,"1","1","1","0","0","1"
"0",0.169014084507042,"1","0","1",0.625870646766169,"1","1","1","0","0","1"
"0",0.943661971830986,"1","1","1",0.850746268656716,"0","1","1","0","1","0"
"0",0.408450704225352,"1","0","0",0.678606965174129,"0","1","1","1","0","1"
"0",0.211267605633803,"1","0","0",0.565671641791045,"0","1","1","0","0","0"
"0",0.450704225352113,"1","0","0",0.620398009950249,"0","1","1","0","1","0"
"0",1,"1","0","0",0.0104477611940299,"0","0","0","0","1","0"
"1",0.0422535211267606,"1","1","1",0.660199004975124,"1","1","1","0","0","1"
"0",0.154929577464789,"0","0","1",0.15273631840796,"0","1","0","1","0","0"
"1",0.0422535211267606,"1","1","1",0.646766169154229,"0","1","1","0","0","1"
"0",0.0704225352112676,"1","1","1",0.604975124378109,"1","1","1","0","0","1"
"0",0.901408450704225,"1","1","1",0.893532338308458,"0","1","1","1","0","0"
"0",0.197183098591549,"1","0","0",0.0164179104477612,"0","0","0","0","0","0"
"0",0.323943661971831,"1","0","0",0.0278606965174129,"0","0","0","1","0","0"
"0",0.169014084507042,"0","0","0",0.118407960199005,"0","1","0","0","0","1"
"0",0.323943661971831,"1","0","1",0.612935323383085,"0","1","1","0","0","0"
"0",1,"0","0","0",0.470149253731343,"0","1","0","0","1","0"
"0",0.746478873239437,"1","1","1",0.854228855721393,"0","1","1","0","0","0"
"0",0.028169014084507,"1","1","0",0.558706467661692,"1","0","1","0","0","0"
"0",0.0422535211267606,"1","0","1",0.0223880597014925,"0","0","0","0","0","0"
"1",0.436619718309859,"1","1","1",0.727363184079602,"0","1","1","0","0","0"
"1",0.47887323943662,"1","1","1",0.803980099502487,"1","1","1","0","0","1"
"0",0.47887323943662,"1","0","0",0.0223880597014925,"0","0","0","0","1","0"
"1",0.0140845070422535,"1","0","0",0.265671641791045,"1","0","0","0","0","0"
"0",0.0985915492957746,"1","0","0",0.570646766169154,"0","1","1","0","0","1"
"0",0.295774647887324,"1","0","0",0.366666666666667,"0","1","0","0","0","0"
"0",0.197183098591549,"1","0","0",0.40497512437811,"0","1","0","0","0","1"
"0",0.295774647887324,"1","1","1",0.764676616915423,"0","1","1","0","0","1"
"0",0,"1","0","0",0.26318407960199,"1","0","0","0","0","0"
"0",0.985915492957746,"1","1","0",0.0716417910447761,"0","0","0","0","1","0"
"0",0.0422535211267606,"1","0","0",0.383084577114428,"0","1","0","0","0","1"
"0",0.338028169014085,"1","1","0",0.631840796019901,"0","1","0","0","0","0"
"0",0.436619718309859,"1","0","1",0.675124378109453,"0","1","1","0","0","1"
"1",0.0845070422535211,"0","0","0",0.114925373134328,"0","1","0","0","0","0"
"0",0.225352112676056,"1","0","1",0.0223880597014925,"0","0","0","1","0","0"
"1",0.0985915492957746,"1","0","0",0.424378109452736,"0","1","0","0","0","0"
"1",0.774647887323944,"1","1","0",0.54726368159204,"0","1","0","0","1","0"
"0",0,"1","0","1",0.273134328358209,"1","0","0","0","0","0"
"1",0.0985915492957746,"1","0","0",0.816417910447761,"1","1","1","0","0","0"
"0",0.0845070422535211,"1","0","0",0.00995024875621891,"1","0","0","0","0","1"
"0",0.028169014084507,"1","0","0",0.0258706467661692,"0","0","0","0","0","0"
"0",0.985915492957746,"1","0","0",0.588059701492537,"0","1","0","0","1","0"
"0",0.0140845070422535,"1","1","1",0.77363184079602,"1","1","1","0","0","1"
"0",0,"1","0","0",0.719402985074627,"1","1","1","0","0","1"
"0",0.676056338028169,"1","1","1",0.752238805970149,"0","1","1","0","0","0"
"0",0.802816901408451,"1","0","0",0.51592039800995,"0","1","0","0","1","0"
"1",0.605633802816901,"0","0","1",0.120398009950249,"1","1","0","0","0","1"
"0",0.816901408450704,"1","0","1",0.574129353233831,"0","1","0","0","1","0"
"0",0.985915492957746,"1","1","1",0.893532338308458,"1","1","1","0","1","1"
"0",0,"1","0","1",0.513930348258707,"1","0","1","0","0","1"
"0",0.140845070422535,"1","1","0",0.567164179104478,"0","0","1","0","0","1"
"1",0.859154929577465,"1","1","1",0.850746268656716,"1","1","1","1","0","1"
"0",0.47887323943662,"1","0","1",0.365174129353234,"0","1","0","1","0","0"
"0",0.267605633802817,"1","0","1",0.0124378109452736,"0","0","0","0","0","0"
"0",0.549295774647887,"1","0","0",0.0134328358208955,"0","0","0","0","1","0"
"0",0.535211267605634,"1","0","1",0.29452736318408,"0","1","0","1","0","1"
"0",0,"1","1","1",0.680099502487562,"1","1","1","0","0","1"
"0",1,"1","1","0",0.054726368159204,"0","0","0","0","1","0"
"1",0.450704225352113,"1","1","1",0.620398009950249,"1","1","1","0","0","0"
"0",0.154929577464789,"1","0","0",0.254228855721393,"0","0","0","0","0","0"
"0",0,"1","0","0",0.0149253731343284,"0","0","0","0","0","0"
"0",0.366197183098592,"1","0","0",0.008955223880597,"0","0","0","0","0","0"
"0",0.464788732394366,"1","0","0",0.0134328358208955,"0","0","0","1","0","0"
"0",0.774647887323944,"1","0","0",0.617412935323383,"0","1","1","0","1","0"
"0",0.802816901408451,"1","1","0",0.0606965174129353,"0","0","0","0","1","0"
"0",0.295774647887324,"1","1","0",0.0696517412935323,"0","0","0","0","1","0"
"0",0.126760563380282,"1","1","0",0.0781094527363184,"0","0","0","0","1","0"
"0",0.169014084507042,"1","0","0",0.0174129353233831,"0","0","0","0","1","0"
"0",0.47887323943662,"1","1","0",0.667164179104478,"1","1","1","0","0","0"
"0",0.464788732394366,"1","0","1",0.514925373134328,"1","0","1","0","0","0"
"1",0.0422535211267606,"1","1","1",0.756716417910448,"1","1","1","0","0","1"
"0",1,"1","0","0",0.0243781094527363,"0","0","0","0","1","0"
"0",0.0140845070422535,"1","0","0",0.517910447761194,"0","1","0","0","0","1"
"0",0.0845070422535211,"1","0","1",0.767164179104478,"1","1","1","0","0","1"
"1",0.366197183098592,"1","1","1",0.569651741293532,"1","0","1","0","0","1"
"0",0.0422535211267606,"1","0","1",0.51044776119403,"0","0","1","0","0","0"
"0",0.507042253521127,"1","0","0",0.0159203980099503,"0","0","0","0","1","0"
"0",0.28169014084507,"1","0","0",0.0174129353233831,"0","0","0","0","0","0"
"1",0.732394366197183,"1","1","1",0.772139303482587,"0","1","1","1","0","0"
"0",0.23943661971831,"1","1","1",0.714925373134328,"1","1","1","0","0","1"
"0",0.0140845070422535,"1","0","0",0.504477611940298,"1","0","1","0","0","1"
"0",0.436619718309859,"1","1","1",0.808955223880597,"1","1","1","0","0","0"
"1",0.309859154929577,"1","0","1",0.0248756218905473,"0","0","0","1","0","1"
"0",0.028169014084507,"1","0","1",0.317412935323383,"0","1","0","0","0","0"
"0",0.985915492957746,"0","0","0",0.401990049751244,"0","1","0","0","1","0"
"0",0.112676056338028,"1","0","1",0.772636815920398,"0","1","1","0","0","0"
"0",0,"1","0","0",0.310945273631841,"0","1","0","0","0","1"
"0",0.23943661971831,"1","0","0",0.390049751243781,"1","1","0","0","0","1"
"0",0.154929577464789,"1","0","0",0.352238805970149,"1","1","0","1","0","0"
"0",0.985915492957746,"1","1","1",0.615422885572139,"0","1","0","0","1","0"
"0",0.887323943661972,"1","1","1",0.0611940298507463,"0","0","0","1","0","0"
"0",0.0422535211267606,"0","0","1",0.216915422885572,"0","1","0","0","0","1"
"0",0.309859154929577,"1","0","1",0.0124378109452736,"0","0","0","0","0","0"
"0",0.535211267605634,"1","0","0",0.32636815920398,"0","1","0","0","0","0"
"0",0.380281690140845,"1","0","0",0.359203980099502,"0","1","0","1","0","0"
"1",0.0563380281690141,"1","0","1",0.661194029850746,"0","1","1","0","0","1"
"1",0.619718309859155,"1","0","1",0.675124378109453,"0","1","1","0","0","1"
"0",0.507042253521127,"1","0","1",0.518407960199005,"0","0","1","0","0","0"
"1",0.830985915492958,"1","0","1",0.912935323383085,"0","1","1","0","1","0"
"1",0.0985915492957746,"1","1","1",0.819402985074627,"1","1","1","0","0","1"
"0",0.647887323943662,"1","1","0",0.762686567164179,"0","1","1","1","0","0"
"0",0.352112676056338,"1","1","1",0.651741293532338,"1","1","1","0","0","1"
"1",0.028169014084507,"1","0","1",0.697014925373134,"1","1","1","0","0","0"
"0",0.690140845070423,"1","0","1",0.512437810945274,"0","0","1","0","0","0"
"0",0.366197183098592,"1","1","0",0.530845771144279,"0","1","0","0","0","0"
"1",0.0985915492957746,"1","0","1",0.734825870646766,"1","1","1","0","0","1"
"0",0.859154929577465,"1","1","0",0.0537313432835821,"0","0","0","0","1","0"
"0",0.985915492957746,"1","0","0",0.632835820895522,"0","1","0","0","1","0"
"0",0.915492957746479,"1","1","0",0.0681592039800995,"0","0","0","0","1","0"
"0",0.943661971830986,"1","1","1",0.959701492537314,"0","1","1","0","1","0"
"0",0.169014084507042,"0","0","0",0.307462686567164,"0","1","0","0","0","1"
"0",0.774647887323944,"1","0","1",0.623383084577114,"0","1","1","1","0","1"
"0",0.52112676056338,"1","0","1",0.608955223880597,"1","1","1","0","0","1"
"1",0.183098591549296,"1","0","0",0.718407960199005,"1","1","1","0","0","0"
"0",0.211267605633803,"1","0","1",0.0104477611940299,"0","0","0","1","0","0"
"0",0.183098591549296,"1","0","0",0.516915422885572,"0","0","1","0","0","1"
"0",0.436619718309859,"1","0","1",0.512437810945274,"1","0","1","0","0","0"
"0",0.0985915492957746,"1","0","0",0.358208955223881,"0","1","0","1","0","0"
"0",0.591549295774648,"1","1","1",0.806467661691542,"0","1","1","0","0","0"
"0",0.71830985915493,"1","1","0",0.554726368159204,"0","1","0","1","0","0"
"0",0.028169014084507,"1","0","1",0.318407960199005,"0","1","0","0","0","0"
"0",0.394366197183099,"1","0","1",0.0154228855721393,"0","0","0","1","0","0"
"0",0,"1","0","0",0.0139303482587065,"1","0","0","0","0","0"
"1",0.154929577464789,"0","0","1",0.25273631840796,"1","1","0","0","0","1"
"0",0.211267605633803,"0","0","1",0.171641791044776,"0","1","0","0","0","0"
"0",0.549295774647887,"1","1","1",0.621890547263682,"0","1","0","1","0","0"
"0",0.0563380281690141,"0","0","0",0.211442786069652,"1","1","0","0","0","1"
"0",0.549295774647887,"1","1","1",0.784577114427861,"1","1","1","0","0","0"
"0",0.492957746478873,"1","0","0",0.0129353233830846,"0","0","0","1","0","0"
"0",0.0563380281690141,"1","0","1",0.614427860696517,"1","1","1","0","0","1"
"0",0.126760563380282,"1","0","1",0.661194029850746,"1","1","1","0","0","0"
"0",0.0140845070422535,"1","0","1",0.709452736318408,"1","1","1","0","0","0"
"0",0.309859154929577,"1","1","1",0.719900497512438,"1","1","1","0","0","1"
"0",0.352112676056338,"1","0","1",0.017910447761194,"0","0","0","1","0","0"
"1",1,"1","1","1",0.93681592039801,"0","1","1","0","1","1"
"0",0.464788732394366,"1","0","0",0.317910447761194,"0","1","0","0","0","0"
"0",0.126760563380282,"1","0","0",0.437810945273632,"0","1","0","0","0","0"
"0",0.183098591549296,"1","0","0",0.372636815920398,"0","1","0","1","0","0"
"0",0.309859154929577,"1","1","1",0.714427860696517,"1","1","1","0","0","0"
"0",0.647887323943662,"1","0","0",0.0139303482587065,"0","0","0","0","1","0"
"0",0.323943661971831,"1","0","1",0.706467661691542,"0","1","1","0","0","1"
"0",0.676056338028169,"1","1","1",0.803980099502487,"1","1","1","0","0","0"
"1",0.267605633802817,"1","0","0",0.355721393034826,"0","1","0","1","0","0"
"0",0.0140845070422535,"1","0","0",0.512437810945274,"1","0","1","0","0","0"
"0",0.0140845070422535,"1","0","1",0.306467661691542,"1","1","0","0","0","0"
"0",0.295774647887324,"0","0","0",0.383084577114428,"0","1","0","0","1","0"
"0",0.0845070422535211,"1","1","1",0.794029850746269,"1","1","1","0","0","0"
"0",0,"1","0","0",0.0283582089552239,"0","0","0","0","0","0"
"0",0.816901408450704,"1","1","1",0.780099502487562,"0","1","1","0","0","0"
"0",0.802816901408451,"1","1","1",0.0621890547263682,"0","0","0","1","0","0"
"0",0.563380281690141,"1","1","1",0.95771144278607,"1","1","1","0","0","0"
"1",0.816901408450704,"1","1","1",0.606467661691542,"0","1","1","0","1","0"
"0",0.028169014084507,"1","0","1",0.51044776119403,"0","0","1","0","0","1"
"0",0.436619718309859,"1","0","1",0.017910447761194,"0","0","0","0","1","0"
"1",0.633802816901408,"1","1","1",0.801990049751244,"0","1","1","0","0","1"
"0",0.0140845070422535,"1","0","1",0.623880597014925,"1","1","1","0","0","1"
"0",0.71830985915493,"1","0","0",0.0134328358208955,"0","0","0","1","0","0"
"1",0.169014084507042,"1","0","1",0.55771144278607,"1","1","1","0","0","1"
"1",0.140845070422535,"1","0","0",0.710945273631841,"1","1","1","0","0","0"
"0",0.436619718309859,"1","1","0",0.690547263681592,"0","1","1","0","0","0"
"1",0.225352112676056,"1","1","1",0.817910447761194,"1","1","1","0","0","0"
"0",0.211267605633803,"1","1","1",0.562189054726368,"0","0","1","0","0","0"
"0",0.704225352112676,"1","1","0",0.887562189054726,"0","1","1","1","0","0"
"0",0.394366197183099,"1","0","1",0.568159203980099,"0","1","0","1","0","0"
"0",0.971830985915493,"1","0","0",0.464676616915423,"0","1","0","0","1","0"
"0",0.985915492957746,"1","1","0",0.817910447761194,"0","1","1","0","1","1"
"0",0.563380281690141,"1","1","0",0.5,"0","1","0","1","0","0"
"0",0,"1","0","1",0.619900497512438,"0","1","1","0","0","1"
"0",0.0845070422535211,"1","0","0",0.626865671641791,"0","1","0","0","0","0"
"0",0.338028169014085,"1","0","1",0.717910447761194,"1","1","1","1","0","1"
"0",0.929577464788732,"1","1","0",0.709452736318408,"0","1","1","1","0","1"
"0",0.0563380281690141,"1","1","1",0.372636815920398,"0","1","0","0","0","0"
"0",0.197183098591549,"1","1","1",0.0651741293532338,"0","0","0","0","0","1"
"0",0.267605633802817,"1","0","0",0.0174129353233831,"0","0","0","0","0","1"
"0",0.028169014084507,"1","0","1",0.377114427860696,"1","1","0","0","0","0"
"0",0.746478873239437,"1","1","1",0.865174129353234,"0","1","1","1","0","1"
"0",0.577464788732394,"1","0","1",0.0129353233830846,"0","0","0","1","0","0"
"0",0.112676056338028,"1","0","1",0.611940298507463,"0","1","1","0","0","1"
"0",0.873239436619718,"1","1","0",0.788059701492537,"0","1","1","0","1","0"
"0",0.957746478873239,"1","1","0",0.0597014925373134,"0","0","0","0","1","0"
"0",0.957746478873239,"1","1","0",0.0631840796019901,"0","0","0","0","1","0"
"0",0.549295774647887,"1","0","1",0.317412935323383,"0","1","0","0","0","0"
"0",0.830985915492958,"0","0","0",0.212437810945274,"0","1","0","0","1","0"
"0",0.0422535211267606,"1","0","1",0.75771144278607,"1","1","1","0","0","0"
"1",0.985915492957746,"1","1","0",0.712437810945274,"0","1","0","0","1","0"
"0",0.507042253521127,"1","1","1",0.603980099502488,"1","1","1","0","0","0"
"0",0.436619718309859,"1","1","1",0.801990049751244,"0","1","1","0","0","0"
"0",0.535211267605634,"1","1","1",0.354228855721393,"0","1","0","0","1","0"
"0",0.52112676056338,"1","1","1",0.0597014925373134,"0","0","0","1","0","1"
"0",0.71830985915493,"1","1","1",0.708457711442786,"0","1","1","0","1","0"
"0",0.661971830985915,"1","1","1",0.865671641791045,"0","1","1","0","0","0"
"0",0.971830985915493,"0","0","0",0.41044776119403,"0","1","0","0","1","0"
"0",0.267605633802817,"1","0","0",0.520398009950249,"0","0","1","0","0","0"
"0",0.690140845070423,"1","1","1",0.639303482587065,"0","1","0","1","0","0"
"0",0.253521126760563,"0","0","1",0.264676616915423,"1","1","0","1","0","0"
"0",0.338028169014085,"1","0","1",0.43134328358209,"0","1","0","1","0","0"
"0",0.154929577464789,"1","0","1",0.306467661691542,"0","1","0","0","0","0"
"1",0.535211267605634,"1","1","1",0.869651741293532,"1","1","1","0","0","1"
"0",0.0845070422535211,"1","0","0",0.561194029850746,"1","1","1","0","0","0"
"0",0.309859154929577,"1","0","1",0.477611940298507,"0","1","0","1","0","0"
"0",0.366197183098592,"1","0","1",0.0114427860696517,"0","0","0","0","0","1"
"1",0.647887323943662,"1","1","1",0.674626865671642,"0","1","1","0","0","0"
"0",0.352112676056338,"1","0","1",0.008955223880597,"0","0","0","0","1","0"
"0",0.183098591549296,"1","1","1",0.462189054726368,"1","1","0","0","0","0"
"1",0.140845070422535,"1","1","1",0.853731343283582,"1","1","1","0","0","0"
"0",0.0140845070422535,"1","0","0",0.00995024875621891,"0","0","0","0","0","0"
"0",0.352112676056338,"1","0","0",0.633830845771144,"0","1","1","0","0","1"
"1",1,"1","1","1",0.959203980099503,"0","1","1","0","1","0"
"0",0.873239436619718,"1","0","0",0.0174129353233831,"0","0","0","0","1","0"
"0",0.985915492957746,"1","0","0",0.0154228855721393,"0","0","0","0","1","0"
"0",0.140845070422535,"1","1","1",0.466666666666667,"0","1","0","0","0","0"
"1",0.183098591549296,"1","0","0",0.0139303482587065,"0","0","0","1","0","0"
"0",0.169014084507042,"1","1","0",0.703482587064677,"0","1","0","0","1","0"
"0",0.0704225352112676,"1","0","1",0.0194029850746269,"0","0","0","0","0","0"
"1",0.140845070422535,"1","1","1",0.566666666666667,"0","0","1","0","0","0"
"0",0.23943661971831,"1","1","0",0.383582089552239,"0","1","0","0","0","0"
"0",0,"0","0","1",0.172139303482587,"1","1","0","0","0","1"
"0",0.436619718309859,"1","0","1",0.569651741293532,"0","1","1","0","0","0"
"0",0.394366197183099,"0","0","0",0.172636815920398,"0","1","0","1","0","0"
"0",0.028169014084507,"1","1","1",0.417910447761194,"0","1","0","0","0","1"
"0",0.0140845070422535,"1","1","1",0.765174129353234,"1","1","1","0","0","1"
"0",0.169014084507042,"1","0","1",0.780099502487562,"1","1","1","0","0","0"
"0",0.563380281690141,"0","0","1",0.219900497512438,"0","1","0","0","0","1"
"0",0,"1","0","0",0.00597014925373136,"0","0","0","0","0","1"
"0",0.0845070422535211,"1","0","0",0.364179104477612,"0","1","0","0","0","0"
"0",0.71830985915493,"1","0","1",0.458208955223881,"0","1","0","1","0","0"
"0",0.619718309859155,"1","1","1",0.063681592039801,"0","0","0","0","1","0"
"0",0.971830985915493,"1","1","0",0.575621890547264,"0","1","0","0","1","0"
"0",0.732394366197183,"1","0","0",0.0044776119402985,"0","0","0","0","1","0"
"1",0.859154929577465,"1","1","1",0.793034825870647,"0","1","1","1","0","0"
"0",0.830985915492958,"1","1","1",0.754726368159204,"0","1","1","0","0","0"
"1",0.028169014084507,"1","0","1",0.618407960199005,"1","1","1","0","0","1"
"1",0.309859154929577,"1","0","1",0.764676616915423,"0","1","1","0","0","1"
"0",0,"0","0","1",0.130348258706468,"1","1","0","0","0","0"
"0",0.929577464788732,"1","0","1",0.538308457711443,"0","1","0","1","0","0"
"0",0.154929577464789,"1","1","1",0.711442786069652,"1","1","1","0","0","0"
"1",0.985915492957746,"1","1","1",0.641293532338308,"0","1","0","0","1","0"
"0",0.338028169014085,"1","0","0",0.0164179104477612,"0","0","0","1","0","0"
"0",0.0563380281690141,"1","1","1",0.353731343283582,"0","1","0","0","0","1"
"0",0.352112676056338,"1","1","1",0.33134328358209,"0","0","0","1","0","0"
"0",0,"1","0","0",0.0139303482587065,"0","0","0","1","0","0"
"1",0.971830985915493,"0","0","1",0.256716417910448,"0","1","0","1","0","0"
"0",1,"1","1","1",0.95273631840796,"0","1","1","0","1","1"
"0",0.830985915492958,"1","0","1",0.75771144278607,"1","1","1","1","0","1"
"1",0.436619718309859,"1","1","1",0.817412935323383,"0","1","1","0","0","1"
"0",0,"1","0","1",0.0159203980099503,"1","0","0","0","0","1"
"0",0.183098591549296,"1","1","1",0.358208955223881,"0","1","0","1","0","0"
"0",0.169014084507042,"1","1","1",0.614427860696517,"0","1","1","0","0","0"
"0",0.0704225352112676,"1","1","1",0.911940298507463,"1","1","1","0","0","0"
"0",0.633802816901408,"1","1","0",0.606467661691542,"0","1","0","0","1","0"
"0",0.197183098591549,"1","0","1",0.826865671641791,"1","1","1","0","0","1"
"1",0.591549295774648,"1","1","1",0.756716417910448,"0","1","1","0","0","1"
"0",0.535211267605634,"1","0","1",0.313930348258706,"0","1","0","0","1","0"
"1",0.28169014084507,"1","0","1",0.41592039800995,"1","1","0","0","0","0"
"0",0.788732394366197,"0","0","1",0.353233830845771,"0","1","0","0","0","1"
"0",0.732394366197183,"1","0","1",0.748258706467662,"0","1","1","1","0","1"
"0",0.23943661971831,"1","0","1",0.693034825870647,"0","1","1","0","0","0"
"0",0,"1","1","1",0.416915422885572,"1","1","0","0","0","1"
"0",0.802816901408451,"1","1","1",0.425870646766169,"0","1","0","1","0","0"
"1",0.985915492957746,"1","1","0",0.853731343283582,"0","1","1","0","1","0"
"0",0.47887323943662,"1","0","1",0.805970149253731,"0","1","1","1","0","1"
"0",0.028169014084507,"1","0","0",0.671144278606965,"0","1","1","0","0","0"
"0",0.52112676056338,"1","1","1",0.861691542288557,"0","1","1","1","0","1"
"0",0.47887323943662,"1","1","1",0.506467661691542,"0","1","0","0","1","0"
"0",0.0845070422535211,"1","1","1",0.718407960199005,"1","1","1","0","0","1"
"0",0.647887323943662,"1","0","0",0.559203980099503,"0","1","0","0","1","0"
"0",0.183098591549296,"1","0","0",0.320398009950249,"0","1","0","0","0","1"
"1",0.267605633802817,"1","0","1",0.415422885572139,"0","1","0","0","0","1"
"0",0.915492957746479,"1","1","0",0.666666666666667,"0","1","0","0","1","1"
"0",0.197183098591549,"1","0","1",0.0119402985074627,"0","0","0","0","0","0"
"0",0.577464788732394,"1","0","1",0.0248756218905473,"0","0","0","0","1","0"
"0",0.225352112676056,"1","1","0",0.603482587064677,"0","1","1","0","0","1"
"0",0.507042253521127,"1","1","1",0.858208955223881,"0","1","1","1","0","0"
"0",0.154929577464789,"1","0","1",0.309950248756219,"0","1","0","0","0","1"
"0",0.732394366197183,"1","0","1",0.756218905472637,"1","1","1","1","0","0"
"0",0.830985915492958,"1","1","0",0.0671641791044776,"0","0","0","0","1","0"
"0",0.23943661971831,"0","0","0",0.072636815920398,"0","0","0","0","0","0"
"0",0,"1","1","1",0.563681592039801,"1","0","1","0","0","1"
"0",0.028169014084507,"1","0","1",0.516417910447761,"0","0","1","0","0","1"
"0",0.112676056338028,"1","0","1",0.508955223880597,"0","1","0","0","0","0"
"0",0,"1","0","1",0.616915422885572,"1","1","1","0","0","1"
"0",0.774647887323944,"1","1","1",0.745273631840796,"0","1","1","1","0","1"
"0",0.225352112676056,"1","0","1",0.504975124378109,"1","0","1","0","0","1"
"0",0.140845070422535,"1","1","1",0.478606965174129,"1","1","0","0","0","1"
"0",0.0845070422535211,"1","0","1",0.51044776119403,"0","0","1","0","0","1"
"0",0.957746478873239,"1","0","0",0.0194029850746269,"0","0","0","0","1","0"
"0",0.253521126760563,"1","1","1",0.674129353233831,"1","1","1","0","0","0"
"0",0.028169014084507,"1","0","1",0.617412935323383,"1","1","1","0","0","1"
"0",0.746478873239437,"1","0","0",0.0213930348258706,"0","0","0","0","1","0"
"0",0.859154929577465,"1","1","1",0.054726368159204,"0","0","0","1","0","0"
"0",0.323943661971831,"1","1","1",0.719402985074627,"1","1","1","0","0","0"
"0",0.859154929577465,"1","1","1",0.519402985074627,"0","1","0","0","0","0"
"0",0.225352112676056,"1","1","0",0.472636815920398,"0","1","0","0","0","0"
"0",0.112676056338028,"0","0","1",0.0631840796019901,"0","0","0","0","0","0"
"0",0.887323943661972,"1","0","0",0.507462686567164,"0","1","0","0","1","0"
"0",0.0140845070422535,"1","1","1",0.57363184079602,"1","0","1","0","0","1"
"0",0,"1","0","1",0.274626865671642,"1","0","0","0","0","0"
"0",0.211267605633803,"0","0","1",0.315422885572139,"1","1","0","0","0","1"
"0",1,"1","1","0",0.063681592039801,"0","0","0","0","1","0"
"0",0.408450704225352,"1","1","0",0.717910447761194,"0","1","1","1","0","0"
"0",0.676056338028169,"1","1","1",0.821890547263681,"0","1","1","0","0","0"
"0",0.845070422535211,"1","1","0",0.568159203980099,"0","1","0","0","1","0"
"0",0.647887323943662,"1","1","0",0.686069651741294,"0","1","1","0","0","1"
"0",0.267605633802817,"1","0","0",0.459203980099503,"0","1","0","0","0","0"
"0",0.464788732394366,"1","0","0",0.597512437810945,"1","1","1","0","0","1"
"0",0.971830985915493,"1","1","0",0.0641791044776119,"0","0","0","0","1","0"
"0",0.746478873239437,"1","0","1",0.871641791044776,"0","1","1","1","0","1"
"1",0.845070422535211,"1","1","1",0.796517412935323,"0","1","1","1","0","0"
"0",0.028169014084507,"1","1","1",0.58407960199005,"1","0","1","0","0","1"
"0",0.169014084507042,"1","0","0",0.0119402985074627,"0","0","0","1","0","0"
"1",0.211267605633803,"1","1","1",0.775124378109453,"1","1","1","0","0","1"
"0",0.028169014084507,"1","0","1",0.402487562189055,"0","1","0","0","0","0"
"0",0.338028169014085,"1","0","1",0.0189054726368159,"0","0","0","0","0","0"
"0",0.408450704225352,"1","1","1",0.460199004975124,"0","1","0","0","0","0"
"0",0.28169014084507,"0","0","0",0.101990049751244,"0","1","0","0","0","1"
"0",0,"1","0","0",0.269154228855721,"1","0","0","0","0","1"
"0",0.197183098591549,"1","0","0",0.0114427860696517,"1","0","0","0","0","0"
"1",0.309859154929577,"1","0","1",0.718407960199005,"0","1","1","0","0","1"
"0",0.619718309859155,"1","1","1",0.864676616915423,"0","1","1","0","0","1"
"0",0.323943661971831,"1","1","0",0.645771144278607,"0","1","1","1","0","0"
"0",0.140845070422535,"1","1","0",0.715422885572139,"1","1","1","0","0","1"
"0",0,"1","0","0",0.266666666666667,"1","0","0","0","0","0"
"0",0.774647887323944,"1","1","0",0.845273631840796,"0","1","1","0","1","0"
"0",0,"1","0","0",0.572636815920398,"1","1","1","0","0","1"
"0",0,"1","0","0",0.0119402985074627,"0","0","0","0","0","1"
"0",0.0845070422535211,"1","0","1",0.607462686567164,"1","1","1","0","0","1"
"1",0.76056338028169,"1","0","0",0.701990049751244,"0","1","1","0","1","0"
"0",0.0140845070422535,"0","0","1",0.125870646766169,"1","1","0","0","0","1"
"0",1,"1","1","1",0.673134328358209,"0","1","0","0","1","0"
"1",0.619718309859155,"0","0","0",0.158706467661692,"0","1","0","1","0","1"
"0",0.647887323943662,"1","0","0",0.0189054726368159,"0","0","0","0","1","0"
"1",0.633802816901408,"1","0","0",0.766169154228856,"1","1","1","1","0","0"
"0",0.0140845070422535,"1","0","1",0.318905472636816,"0","1","0","0","0","0"
"0",0.0140845070422535,"1","0","1",0.61592039800995,"0","1","1","0","0","1"
"0",0.154929577464789,"1","0","1",0.328358208955224,"0","1","0","0","0","1"
"1",0.943661971830986,"1","1","1",0.709950248756219,"1","1","1","0","0","0"
"0",0.957746478873239,"1","0","1",0.765671641791045,"0","1","1","0","1","0"
"1",0.774647887323944,"1","0","0",0.761691542288557,"0","1","1","1","0","0"
"1",0.0422535211267606,"1","1","1",0.616915422885572,"0","1","1","0","0","1"
"0",0.887323943661972,"1","1","1",0.575621890547264,"0","1","0","0","1","0"
"0",0.816901408450704,"1","1","1",0.914427860696517,"1","1","1","1","0","1"
"0",0.859154929577465,"1","1","0",0.968159203980099,"0","1","1","0","1","0"
"0",0.873239436619718,"1","1","0",0.063681592039801,"0","0","0","0","1","0"
"0",0.732394366197183,"0","0","1",0.351741293532338,"0","1","0","1","0","1"
"0",0.0563380281690141,"1","0","0",0.0119402985074627,"0","0","0","0","0","0"
"1",0.676056338028169,"1","1","1",0.696019900497513,"0","1","1","0","0","1"
"0",0.859154929577465,"1","1","1",0.824875621890547,"0","1","1","0","1","0"
"0",0.76056338028169,"1","0","0",0.383582089552239,"0","1","0","0","1","0"
"1",0.985915492957746,"1","0","1",0.807462686567164,"0","1","1","0","1","1"
"0",1,"1","0","1",0.018407960199005,"0","0","0","0","1","0"
"0",0.492957746478873,"0","0","0",0.422388059701493,"0","1","0","1","0","0"
"0",0.338028169014085,"1","0","1",0.026865671641791,"0","0","0","1","0","0"
"1",1,"1","1","1",0.961194029850746,"0","1","1","0","1","0"
"0",0.492957746478873,"1","0","1",0.00995024875621891,"0","0","0","1","0","0"
"0",0,"1","0","1",0.443283582089552,"0","1","0","0","0","0"
"0",1,"1","1","1",0.868159203980099,"0","1","1","0","1","1"
"0",0.816901408450704,"1","0","0",0.0159203980099503,"0","0","0","0","1","0"
"1",0.0845070422535211,"1","0","1",0.708955223880597,"1","1","1","0","0","1"
"0",0,"1","0","0",0.555721393034826,"0","1","0","1","0","0"
"0",0.408450704225352,"1","1","1",0.888059701492537,"0","1","1","0","0","1"
"0",0.887323943661972,"1","0","0",0.0129353233830846,"0","0","0","0","1","0"
"0",0.873239436619718,"1","1","0",0.502985074626866,"0","1","0","1","0","0"
"1",1,"1","1","0",0.658706467661692,"0","1","0","0","1","0"
"0",0.0985915492957746,"1","0","0",0.564676616915423,"1","1","1","0","0","1"
"0",0.859154929577465,"1","1","0",0.659203980099503,"0","1","0","0","1","0"
"0",0.929577464788732,"1","1","1",0.924875621890547,"0","1","1","0","1","0"
"0",0.0704225352112676,"1","0","0",0.263681592039801,"1","0","0","0","0","1"
"0",0.971830985915493,"1","1","1",0.620398009950249,"0","1","0","0","1","0"
"1",0.267605633802817,"1","0","0",0.621393034825871,"0","1","1","0","0","0"
"0",0.0563380281690141,"1","1","0",0.570646766169154,"0","0","1","0","0","1"
"0",0.323943661971831,"0","0","0",0.391542288557214,"0","1","0","1","0","1"
"0",0.140845070422535,"1","0","1",0.256716417910448,"1","0","0","0","0","1"
"0",1,"1","1","1",0.918905472636816,"0","1","1","0","1","0"
"0",0.915492957746479,"1","0","1",0.397512437810945,"0","1","0","0","1","0"
"0",0.619718309859155,"1","0","1",0.624378109452736,"0","1","0","0","1","0"
"0",0.957746478873239,"1","0","0",0.0144278606965174,"0","0","0","0","1","0"
"1",0.197183098591549,"1","1","1",0.670149253731343,"1","1","1","0","0","0"
"0",0.380281690140845,"1","0","1",0.410945273631841,"0","1","0","0","0","0"
"0",0.971830985915493,"1","1","0",0.968159203980099,"1","1","1","1","0","0"
"0",0.492957746478873,"1","0","1",0.570149253731343,"0","1","0","1","0","0"
"1",0.211267605633803,"1","1","1",0.680099502487562,"1","1","1","0","0","1"
"0",0.23943661971831,"1","1","1",0.666169154228856,"1","1","1","0","0","1"
"0",0.464788732394366,"1","1","1",0.790049751243781,"1","1","1","0","0","1"
"0",0.577464788732394,"0","0","1",0.267164179104478,"0","1","0","1","0","0"
"0",0.661971830985915,"1","1","1",0.524378109452736,"0","1","0","1","0","0"
"0",0.647887323943662,"1","1","1",0.908457711442786,"1","1","1","0","0","1"
"0",0.535211267605634,"1","1","1",0.709452736318408,"1","1","1","1","0","1"
"0",0.140845070422535,"1","0","0",0.0263681592039801,"0","0","0","0","1","0"
"0",0.0845070422535211,"1","0","1",0.0169154228855721,"0","0","0","0","0","0"
"0",0.028169014084507,"1","1","0",0.0631840796019901,"0","0","0","0","0","0"
"0",0.0985915492957746,"1","0","1",0.482089552238806,"0","1","0","0","0","1"
"0",0,"1","0","1",0.0119402985074627,"1","0","0","0","0","0"
"0",0.436619718309859,"1","0","0",0.761691542288557,"0","1","1","1","0","0"
"0",0.830985915492958,"1","0","1",0.47363184079602,"0","1","0","1","0","0"
"0",0.126760563380282,"1","0","1",0.0169154228855721,"0","0","0","0","0","0"
"0",0.985915492957746,"1","1","1",0.063681592039801,"0","0","0","0","1","0"
"0",0.0422535211267606,"1","0","0",0.0208955223880597,"1","0","0","0","0","0"
"1",0,"1","0","1",0.507462686567164,"1","0","1","0","0","1"
"0",0.591549295774648,"0","0","1",0.328358208955224,"0","1","0","1","0","0"
"0",0.816901408450704,"1","1","1",0.808457711442786,"1","1","1","1","0","0"
"0",0.309859154929577,"1","0","0",0.358208955223881,"0","1","0","0","0","1"
"0",1,"1","0","0",0.0114427860696517,"0","0","0","0","1","0"
"0",0.295774647887324,"1","0","1",0.378109452736318,"0","1","0","1","0","0"
"0",0,"0","0","1",0.0686567164179104,"0","0","0","0","0","0"
"0",0.957746478873239,"1","1","0",0.0567164179104478,"0","0","0","0","1","0"
"0",0.690140845070423,"0","0","1",0.170646766169154,"0","1","0","1","0","0"
"1",0,"0","0","1",0.0691542288557214,"1","0","0","0","0","1"
"0",0.0140845070422535,"1","0","1",0.266169154228856,"1","0","0","0","0","0"
"0",0.197183098591549,"1","0","0",0.568159203980099,"0","1","1","0","0","0"
"0",0.422535211267606,"1","0","0",0.0213930348258706,"0","0","0","0","1","0"
"0",0,"1","0","0",0.0189054726368159,"1","0","0","0","0","0"
"0",0.915492957746479,"1","1","1",0.86318407960199,"1","1","1","0","0","0"
"0",0.028169014084507,"1","0","1",0.362686567164179,"1","1","0","0","0","0"
"0",0.0985915492957746,"1","0","0",0.0174129353233831,"0","0","0","0","1","0"
"0",0.887323943661972,"1","0","1",0.545273631840796,"0","1","0","1","0","0"
"0",0.380281690140845,"1","0","0",0.0223880597014925,"0","0","0","0","0","0"
"0",0.788732394366197,"1","1","1",0.82089552238806,"0","1","1","1","0","0"
"0",0.183098591549296,"1","1","1",0.686567164179104,"1","1","1","0","0","1"
"0",0.253521126760563,"1","0","1",0.0169154228855721,"0","0","0","0","1","0"
"0",0.126760563380282,"1","0","1",0.613930348258707,"1","1","1","0","0","1"
"0",0.704225352112676,"0","0","1",0.312437810945274,"0","1","0","0","0","1"
"0",0.929577464788732,"1","1","0",0.471641791044776,"0","1","0","0","1","0"
"0",0.140845070422535,"1","0","1",0.0218905472636816,"0","0","0","0","0","1"
"0",1,"0","0","0",0.424875621890547,"0","1","0","0","1","0"
"0",0.915492957746479,"1","0","1",0.0208955223880597,"0","0","0","1","0","1"
"0",0.23943661971831,"1","1","1",0.697512437810945,"1","1","1","0","0","1"
"0",0.112676056338028,"1","0","1",0.0124378109452736,"0","0","0","0","0","1"
"0",0.112676056338028,"1","1","1",0.566666666666667,"0","0","1","0","0","0"
"0",0.661971830985915,"1","1","1",0.927363184079602,"0","1","1","0","0","0"
"0",0.126760563380282,"1","0","0",0.516417910447761,"0","0","1","0","0","0"
"0",0.112676056338028,"1","1","1",0.761194029850746,"1","1","1","0","0","1"
"1",0.169014084507042,"1","1","1",0.764179104477612,"1","1","1","0","0","1"
"0",0.0422535211267606,"1","1","0",0.599004975124378,"1","1","1","0","0","1"
"0",0.0422535211267606,"1","0","1",0.516915422885572,"1","0","1","0","0","1"
"0",1,"1","1","0",0.733830845771144,"0","1","0","0","1","0"
"0",0.704225352112676,"1","0","0",0.669154228855721,"0","1","0","0","1","0"
"0",0.816901408450704,"0","0","1",0.226865671641791,"1","1","0","0","0","0"
"0",0.126760563380282,"1","1","1",0.670149253731343,"1","1","1","0","0","1"
"1",0.845070422535211,"1","1","1",0.635820895522388,"0","1","1","0","0","1"
"0",0.746478873239437,"1","0","0",0.658208955223881,"0","1","1","1","0","1"
"0",0.450704225352113,"1","1","1",0.424378109452736,"0","1","0","0","0","0"
"0",0.366197183098592,"1","0","1",0.0199004975124378,"0","0","0","0","1","0"
"1",0,"1","0","1",0.606467661691542,"1","1","1","0","0","1"
"0",0.309859154929577,"1","0","0",0.766666666666667,"0","1","1","0","0","0"
"0",0,"1","0","0",0.0159203980099503,"0","0","0","0","0","0"
"0",0.619718309859155,"1","0","1",0.65771144278607,"0","1","0","0","1","0"
"0",0.535211267605634,"1","0","1",0.0159203980099503,"0","0","0","0","1","0"
"0",0.0563380281690141,"1","0","1",0.514925373134328,"1","1","0","1","0","0"
"0",1,"1","1","0",0.637313432835821,"0","1","0","0","1","0"
"0",0.802816901408451,"1","1","1",0.483084577114428,"0","1","0","0","0","0"
"0",0.971830985915493,"0","0","1",0.262189054726368,"0","1","0","0","1","0"
"0",0.845070422535211,"1","0","1",0.798009950248756,"0","1","1","1","0","0"
"0",0.0140845070422535,"1","0","0",0.521890547263682,"0","0","1","0","0","0"
"0",0.633802816901408,"1","1","0",0.0666666666666667,"0","0","0","1","0","0"
"0",0,"1","1","1",0.315422885572139,"1","0","0","0","0","0"
"0",0.295774647887324,"1","0","1",0.507462686567164,"1","0","1","0","0","1"
"0",0.661971830985915,"1","0","1",0.838308457711443,"0","1","1","0","1","0"
"0",0.887323943661972,"1","1","0",0.679601990049751,"0","1","0","0","1","0"
"0",1,"1","1","0",0.0601990049751244,"0","0","0","0","1","0"
"0",0.154929577464789,"1","0","1",0.399004975124378,"0","1","0","0","0","0"
"1",0.464788732394366,"1","1","1",0.756218905472637,"1","1","1","0","0","1"
"0",1,"1","0","0",0.502487562189055,"0","1","0","0","1","0"
"0",0.394366197183099,"1","1","1",0.672139303482587,"0","1","1","0","0","1"
"0",0.450704225352113,"1","0","0",0.018407960199005,"0","0","0","1","0","0"
"0",0,"1","0","0",0.0208955223880597,"0","0","0","0","0","0"
"0",0.859154929577465,"1","1","1",0.92089552238806,"0","1","1","1","0","1"
"0",0.563380281690141,"1","1","1",0.544776119402985,"1","1","0","1","0","1"
"0",0.887323943661972,"1","1","1",0.813930348258706,"1","1","1","1","0","0"
"0",0.0422535211267606,"1","0","1",0.642786069651741,"0","1","1","0","0","0"
"0",0.323943661971831,"1","1","1",0.65771144278607,"0","1","1","0","0","1"
"0",0.183098591549296,"1","0","0",0.0129353233830846,"0","0","0","1","0","0"
"0",0.028169014084507,"1","0","0",0.0169154228855721,"0","0","0","0","0","0"
"1",0.0422535211267606,"1","0","1",0.811442786069652,"1","1","1","0","0","0"
"0",0.23943661971831,"0","0","1",0.166666666666667,"1","1","0","0","0","1"
"0",0.0985915492957746,"1","0","1",0.477611940298507,"0","1","0","0","0","1"
"0",0.47887323943662,"1","1","0",0.0502487562189055,"0","0","0","0","1","0"
"0",0,"1","1","0",0.574626865671642,"1","0","1","0","0","1"
"0",0.915492957746479,"1","1","1",0.0701492537313433,"0","0","0","0","1","0"
"0",0.0985915492957746,"0","0","1",0.261691542288557,"0","1","0","0","1","0"
"0",0.985915492957746,"1","1","1",0.854228855721393,"0","1","1","1","0","0"
"0",0.591549295774648,"1","1","1",0.739303482587065,"0","1","1","0","0","0"
"1",0.0140845070422535,"1","1","1",0.752238805970149,"1","1","1","0","0","1"
"1",0.394366197183099,"1","0","1",0.827860696517413,"0","1","1","0","0","0"
"0",0.197183098591549,"1","0","1",0.657213930348259,"1","1","1","0","0","1"
"0",0.901408450704225,"1","1","0",0.759203980099502,"0","1","1","0","1","0"
"0",0.47887323943662,"1","1","0",0.76865671641791,"0","1","1","0","0","1"
"0",0.887323943661972,"1","0","1",0.816417910447761,"0","1","1","1","0","0"
"0",0.802816901408451,"0","0","1",0.370646766169154,"0","1","0","0","1","0"
"1",0.23943661971831,"1","0","1",0.314427860696517,"0","1","0","0","0","0"
"0",0.929577464788732,"1","1","1",0.709452736318408,"0","1","1","0","0","0"
"0",0.873239436619718,"1","0","1",0.008955223880597,"0","0","0","0","1","0"
"0",0.830985915492958,"1","1","1",0.811442786069652,"0","1","1","0","0","1"
"1",0.112676056338028,"1","1","1",0.658208955223881,"1","1","1","0","0","0"
"0",0.971830985915493,"1","1","1",0.943283582089552,"0","1","1","0","1","0"
"0",0.197183098591549,"1","1","1",0.824378109452736,"1","1","1","0","0","1"
"0",0.661971830985915,"1","0","0",0.0169154228855721,"0","0","0","1","0","0"
"0",0.154929577464789,"1","0","1",0.556218905472637,"0","1","0","0","0","1"
"1",0.985915492957746,"1","1","1",0.733830845771144,"0","1","1","1","0","1"
"1",0.605633802816901,"1","0","0",0.553233830845771,"0","1","1","0","0","1"
"0",0,"1","1","1",0.320398009950249,"1","0","0","0","0","1"
"0",0.619718309859155,"1","1","0",0.0616915422885572,"0","0","0","0","1","0"
"0",0.309859154929577,"1","1","0",0.0651741293532338,"0","0","0","1","0","0"
"0",0.591549295774648,"1","1","1",0.463681592039801,"0","1","0","1","0","0"
"0",0.47887323943662,"1","0","0",0.0248756218905473,"0","0","0","0","0","0"
"0",0.112676056338028,"1","0","1",0.504477611940298,"0","1","0","0","0","0"
"0",0.154929577464789,"1","1","1",0.812935323383085,"1","1","1","0","0","0"
"1",0.901408450704225,"1","1","1",0.906965174129353,"0","1","1","0","0","0"
"0",0.0140845070422535,"1","1","1",0.727860696517413,"1","1","1","0","0","1"
"0",0.366197183098592,"1","1","0",0.305970149253731,"0","0","0","0","0","0"
"0",0.549295774647887,"1","0","1",0.318407960199005,"0","1","0","1","0","0"
"1",0.0563380281690141,"1","0","1",0.570149253731343,"1","1","1","0","0","0"
"0",0.0985915492957746,"1","0","0",0.0164179104477612,"0","0","0","1","0","0"
"1",0.802816901408451,"1","1","1",0.791542288557214,"0","1","1","1","0","0"
"0",0.71830985915493,"1","0","0",0.816417910447761,"0","1","1","1","0","1"
"0",0.028169014084507,"1","0","1",0.37363184079602,"0","1","0","0","0","0"
"0",0.563380281690141,"1","0","1",0.924378109452736,"0","1","1","0","1","1"
"0",0.267605633802817,"1","1","1",0.799004975124378,"0","1","1","0","0","0"
"0",0,"1","1","1",0.316417910447761,"0","0","0","0","0","1"
"0",0.0422535211267606,"1","1","0",0.622388059701492,"1","1","1","0","0","0"
"0",0.309859154929577,"1","0","0",0.0258706467661692,"0","0","0","0","0","1"
"1",0.0704225352112676,"1","0","0",0.0124378109452736,"0","0","0","0","0","0"
"0",0.0985915492957746,"1","0","1",0.0109452736318408,"0","0","0","0","0","0"
"0",0.23943661971831,"1","1","0",0.509950248756219,"0","1","0","0","0","0"
"1",0.71830985915493,"0","0","1",0.303980099502488,"0","1","0","0","0","0"
"0",0.422535211267606,"1","0","1",0.758706467661692,"0","1","1","0","0","1"
"0",0.394366197183099,"1","0","1",0.0238805970149254,"0","0","0","0","0","0"
"0",0.492957746478873,"1","1","1",0.87363184079602,"0","1","1","0","1","0"
"0",0.211267605633803,"1","1","1",0.813432835820896,"1","1","1","0","0","1"
"0",0.577464788732394,"1","1","1",0.896019900497512,"0","1","1","1","0","1"
"0",0,"1","0","0",0.0228855721393035,"1","0","0","0","0","1"
"0",0.830985915492958,"1","0","1",0.809950248756219,"0","1","1","0","1","1"
"0",0.0563380281690141,"1","1","1",0.667164179104478,"1","1","1","0","0","1"
"0",0.295774647887324,"1","1","0",0.772636815920398,"0","1","1","0","0","0"
"0",0.492957746478873,"1","0","0",0.0174129353233831,"0","0","0","1","0","0"
"0",0.0422535211267606,"1","0","0",0.518905472636816,"1","0","1","0","0","1"
"0",0.112676056338028,"1","0","0",0.464676616915423,"0","1","0","0","0","0"
"0",0,"1","0","0",0.560696517412935,"0","1","1","0","0","0"
"0",0.154929577464789,"1","0","1",0.307960199004975,"0","1","0","0","0","1"
"0",0.309859154929577,"1","1","1",0.552238805970149,"0","1","0","1","0","0"
"0",0.859154929577465,"1","1","1",0.73681592039801,"0","1","1","1","0","0"
"0",0.507042253521127,"1","1","0",0.801492537313433,"1","1","1","0","0","0"
"0",0.0985915492957746,"1","0","0",0.00945273631840795,"0","0","0","0","0","0"
"0",0.422535211267606,"1","1","0",0.700497512437811,"0","1","1","0","0","0"
"0",0.169014084507042,"1","1","1",0.558706467661692,"1","0","1","0","0","0"
"0",0.323943661971831,"1","1","1",0.800995024875622,"1","1","1","0","0","1"
"0",0.619718309859155,"1","1","1",0.773134328358209,"0","1","1","0","0","0"
"1",0.957746478873239,"1","1","0",0.867164179104478,"0","1","1","0","1","0"
"0",0.0140845070422535,"1","0","0",0.0199004975124378,"0","0","0","0","0","0"
"0",0.845070422535211,"1","1","1",0.873134328358209,"1","1","1","1","0","1"
"0",0.563380281690141,"1","1","1",0.860199004975124,"1","1","1","0","0","1"
"0",0.605633802816901,"0","0","1",0.306467661691542,"0","1","0","1","0","1"
"0",0.535211267605634,"0","0","0",0.172139303482587,"0","1","0","1","0","0"
"0",1,"0","0","1",0.466169154228856,"0","1","0","0","1","0"
"1",0.169014084507042,"1","0","1",0.782089552238806,"0","1","1","0","0","1"
"0",0.704225352112676,"1","0","1",0.512437810945274,"0","1","0","1","0","0"
"1",0.985915492957746,"1","0","1",0.80547263681592,"0","1","1","0","1","1"
"1",0.295774647887324,"1","1","1",0.780597014925373,"1","1","1","0","0","1"
"0",0.0140845070422535,"1","0","1",0.366169154228856,"1","1","0","0","0","0"
"0",0.774647887323944,"1","1","1",0.881094527363184,"0","1","1","1","0","1"
"0",0,"1","0","0",0.328358208955224,"0","1","0","0","0","0"
"0",0.309859154929577,"1","0","1",0.393034825870647,"0","1","0","1","0","0"
"1",0.915492957746479,"1","1","1",0.523383084577114,"0","1","0","1","0","0"
"0",0,"1","0","0",0.0129353233830846,"0","0","0","0","0","0"
"1",0.253521126760563,"1","1","1",0.696019900497513,"1","1","1","0","0","1"
"0",0.140845070422535,"1","0","1",0.609452736318408,"0","1","1","0","0","0"
"0",0.0985915492957746,"1","0","1",0.0149253731343284,"1","0","0","1","0","0"
"0",0.71830985915493,"1","1","0",0.795024875621891,"0","1","1","0","0","0"
"0",0.028169014084507,"1","0","1",0.0199004975124378,"0","0","0","0","0","1"
"0",0.704225352112676,"1","0","1",0.605970149253731,"0","1","1","0","0","0"
"1",0.197183098591549,"1","1","0",0.571144278606965,"1","0","1","0","0","1"
"1",0.887323943661972,"1","1","1",0.756218905472637,"0","1","1","0","0","1"
"0",0.507042253521127,"0","0","1",0.218407960199005,"0","1","0","0","0","0"
"0",0.169014084507042,"1","0","0",0.0169154228855721,"0","0","0","0","1","0"
"0",0.676056338028169,"1","1","1",0.369154228855721,"0","1","0","1","0","1"
"1",0.619718309859155,"1","1","1",0.834825870646766,"0","1","1","1","0","0"
"0",0.23943661971831,"1","0","1",0.525870646766169,"0","0","1","0","0","1"
"1",0,"1","1","1",0.561691542288557,"1","0","1","0","0","1"
"0",0.943661971830986,"0","0","1",0.356716417910448,"0","1","0","0","1","0"
"0",0.746478873239437,"1","0","0",0.0139303482587065,"0","0","0","0","1","0"
"1",0.309859154929577,"1","0","1",0.698507462686567,"0","1","1","0","0","0"
"0",0.225352112676056,"1","0","1",0.581094527363184,"1","1","1","0","0","1"
"0",0.985915492957746,"1","1","0",0.618407960199005,"0","1","0","0","1","0"
"0",0.929577464788732,"1","0","1",0.00995024875621891,"0","0","0","0","1","0"
"0",0.183098591549296,"1","1","1",0.662189054726368,"0","1","1","0","0","1"
"1",0,"0","0","1",0.0751243781094527,"1","0","0","0","0","0"
"0",0.873239436619718,"1","0","0",0.0124378109452736,"0","0","0","0","1","0"
"0",0.563380281690141,"1","1","1",0.500995024875622,"0","1","0","1","0","1"
"0",0.225352112676056,"1","1","0",0.739800995024876,"0","1","1","0","0","1"
"0",0.774647887323944,"1","1","1",0.818905472636816,"0","1","1","1","0","1"
"0",0.0563380281690141,"1","0","0",0.0228855721393035,"0","0","0","0","0","0"
"0",0.0140845070422535,"0","0","1",0.24228855721393,"1","1","0","0","0","1"
"0",0.028169014084507,"1","0","1",0.0134328358208955,"0","0","0","0","0","0"
"0",0.507042253521127,"1","1","0",0.48955223880597,"0","1","0","1","0","1"
"0",0.394366197183099,"1","0","1",0.503482587064677,"1","1","0","0","0","0"
"0",0.0985915492957746,"1","0","0",0.251741293532338,"0","0","0","0","0","0"
"0",0.873239436619718,"1","1","1",0.911442786069652,"0","1","1","0","0","0"
"0",0.0845070422535211,"1","0","0",0.0238805970149254,"0","0","0","0","0","0"
"0",0.028169014084507,"1","0","0",0.767661691542289,"0","1","1","0","0","1"
"0",1,"1","0","0",0.027363184079602,"0","0","0","0","1","0"
"0",0.253521126760563,"1","0","1",0.377611940298507,"0","1","0","0","0","1"
"0",0.816901408450704,"1","0","0",0.00149253731343282,"0","0","0","0","1","0"
"0",0.0140845070422535,"1","0","0",0.713930348258706,"1","1","1","0","0","0"
"0",0.47887323943662,"1","1","1",0.0746268656716418,"0","0","0","0","0","1"
"0",0.183098591549296,"1","0","0",0.0134328358208955,"0","0","0","0","0","0"
"0",0.183098591549296,"1","0","0",0.568159203980099,"1","1","1","0","0","1"
"0",0.957746478873239,"1","0","0",0.0154228855721393,"0","0","0","0","1","0"
"1",0.0845070422535211,"1","1","0",0.457213930348259,"0","1","0","0","0","1"
"0",0.957746478873239,"1","0","1",0.572139303482587,"0","1","0","0","1","0"
"0",1,"1","1","1",0.603980099502488,"0","1","0","0","1","1"
"0",0.0985915492957746,"1","1","0",0.821890547263681,"1","1","1","0","0","1"
"0",0.0422535211267606,"1","0","0",0.318905472636816,"0","1","0","0","0","1"
"0",0.873239436619718,"1","0","1",0.617412935323383,"0","1","1","0","0","0"
"0",1,"1","0","0",0.0159203980099503,"0","0","0","0","1","0"
"0",0.633802816901408,"1","0","1",0.0283582089552239,"0","0","0","0","1","1"
"0",0.0563380281690141,"1","0","0",0.514427860696517,"1","0","1","0","0","1"
"0",0.408450704225352,"1","0","1",0.31592039800995,"0","1","0","0","0","0"
"0",0.873239436619718,"1","1","1",0.860696517412935,"0","1","1","0","1","0"
"0",0.830985915492958,"1","0","0",0.0159203980099503,"0","0","0","0","1","0"
"0",0.873239436619718,"1","1","1",0.888059701492537,"1","1","1","1","0","1"
"0",0.338028169014085,"1","0","0",0.673134328358209,"0","1","1","0","0","1"
"0",0,"1","0","1",0.274626865671642,"1","0","0","0","0","0"
"1",0.0704225352112676,"1","1","1",0.622388059701492,"0","1","1","0","0","1"
"0",0.295774647887324,"1","1","0",0.0696517412935323,"0","0","0","0","1","0"
"0",0.422535211267606,"1","1","0",0.619900497512438,"0","1","0","0","1","0"
"0",0.535211267605634,"1","0","1",0.629353233830846,"0","1","1","0","0","0"
"0",0.352112676056338,"1","0","0",0.0263681592039801,"0","0","0","0","0","0"
"0",0.732394366197183,"1","0","1",0.874129353233831,"1","1","1","1","0","0"
"0",0,"1","0","0",0.730845771144279,"1","1","1","0","0","1"
"0",0.154929577464789,"1","1","1",0.487562189054726,"0","1","0","0","0","1"
"0",0.211267605633803,"1","1","1",0.769651741293532,"1","1","1","0","0","0"
"0",0.0140845070422535,"1","0","0",0.0208955223880597,"0","0","0","0","0","0"
"0",0.535211267605634,"0","0","0",0.266666666666667,"0","1","0","1","0","0"
"0",0,"1","1","1",0.564179104477612,"1","0","1","0","0","1"
"0",0.0845070422535211,"0","0","0",0.16318407960199,"0","1","0","0","0","0"
"1",0.0422535211267606,"1","0","0",0.508457711442786,"0","0","1","0","0","1"
"1",0.126760563380282,"1","1","1",0.767164179104478,"1","1","1","0","0","1"
"0",0.76056338028169,"1","0","1",0.629850746268657,"0","1","1","0","0","1"
"0",1,"1","0","1",0.56865671641791,"0","1","0","0","1","0"
"0",0.126760563380282,"1","0","1",0.493034825870647,"0","1","0","0","0","0"
"1",0.140845070422535,"1","1","1",0.926865671641791,"0","1","1","0","0","1"
"0",0.197183098591549,"1","0","0",0.27910447761194,"0","0","0","0","0","1"
"0",0.309859154929577,"1","0","0",0.0213930348258706,"0","0","0","0","1","0"
"0",0,"1","0","0",0.017910447761194,"0","0","0","0","0","0"
"1",0.028169014084507,"1","0","0",0.266169154228856,"1","0","0","0","0","1"
"0",0.647887323943662,"1","0","1",0.774626865671642,"0","1","1","1","0","1"
"0",0.197183098591549,"1","0","0",0.0139303482587065,"0","0","0","1","0","0"
"0",0.915492957746479,"1","0","0",0.808457711442786,"1","1","1","0","0","1"
"1",0.943661971830986,"1","0","1",0.421890547263682,"0","1","0","1","0","0"
"0",0.225352112676056,"1","0","0",0.799502487562189,"1","1","1","1","0","0"
"0",0.0845070422535211,"1","0","1",0.41044776119403,"1","1","0","0","0","0"
"1",0.154929577464789,"1","0","1",0.618905472636816,"1","1","1","0","0","1"
"1",0.28169014084507,"1","1","0",0.531840796019901,"0","1","0","1","0","0"
"0",0.28169014084507,"0","0","1",0.176616915422886,"0","1","0","0","0","0"
"0",0.774647887323944,"1","1","0",0.467164179104478,"0","1","0","1","0","0"
"0",0.0704225352112676,"1","1","1",0.30547263681592,"0","0","0","0","0","0"
"1",0.901408450704225,"0","0","1",0.350746268656716,"0","1","0","0","1","0"
"0",0.577464788732394,"1","1","0",0.618905472636816,"0","1","0","1","0","0"
"0",0.943661971830986,"1","1","1",0.903482587064677,"0","1","1","0","1","0"
"0",0.661971830985915,"1","1","0",0.0800995024875622,"0","0","0","0","1","0"
"1",0.690140845070423,"1","1","1",0.881094527363184,"0","1","1","1","0","1"
"1",0.0845070422535211,"1","0","1",0.464676616915423,"0","1","0","0","0","1"
"0",0.873239436619718,"1","0","0",0.0109452736318408,"0","0","0","0","1","1"
"0",0.225352112676056,"1","0","0",0.0283582089552239,"0","0","0","0","0","0"
"0",0.577464788732394,"1","0","1",0.594029850746269,"1","1","1","0","0","0"
"0",0.0422535211267606,"1","0","0",0.00597014925373136,"0","0","0","0","0","0"
"0",0.859154929577465,"1","1","0",0.0771144278606965,"0","0","0","0","1","0"
"1",0.0140845070422535,"1","0","1",0.561691542288557,"1","1","1","0","0","1"
"0",0.0140845070422535,"1","0","1",0.518407960199005,"0","0","1","0","0","1"
"0",0.661971830985915,"1","1","1",0.782587064676617,"0","1","1","0","1","0"
"0",0.366197183098592,"1","0","0",0.0129353233830846,"0","0","0","0","1","0"
"0",0.971830985915493,"1","0","1",0.618407960199005,"0","1","0","0","1","0"
"1",0,"1","1","1",0.701990049751244,"1","1","1","0","0","1"
"0",0.633802816901408,"1","1","1",0.760199004975124,"0","1","1","1","0","1"
"0",0.408450704225352,"1","0","1",0.716417910447761,"1","1","1","0","0","1"
"0",0.197183098591549,"1","1","1",0.461691542288557,"1","1","0","0","0","0"
"0",0.957746478873239,"1","1","0",0.771144278606965,"0","1","1","1","0","0"
"0",0.901408450704225,"1","0","1",0.0129353233830846,"0","0","0","0","1","0"
"1",1,"1","0","1",0.854228855721393,"0","1","1","0","1","0"
"1",0.169014084507042,"1","0","1",0.704477611940298,"1","1","1","0","0","0"
"0",0.225352112676056,"1","0","1",0.018407960199005,"0","0","0","1","0","0"
"0",0.704225352112676,"1","1","1",0.928358208955224,"0","1","1","1","0","1"
"0",0.704225352112676,"1","0","0",0.420398009950249,"0","1","0","0","1","0"
"0",1,"1","1","1",0.723383084577114,"0","1","0","0","1","0"
"0",0.929577464788732,"1","1","0",0.688059701492537,"1","1","1","1","0","1"
"0",0.464788732394366,"1","0","0",0.0144278606965174,"0","0","0","0","0","0"
"0",0.929577464788732,"0","0","1",0.325373134328358,"0","1","0","0","1","0"
"0",0.676056338028169,"1","0","1",0.017910447761194,"0","0","0","1","0","0"
"0",0.732394366197183,"1","0","1",0.0114427860696517,"0","0","0","0","1","0"
"0",0.366197183098592,"1","1","0",0.409950248756219,"0","1","0","0","0","1"
"1",0.309859154929577,"1","0","1",0.761194029850746,"1","1","1","0","0","1"
"0",0.957746478873239,"1","1","1",0.629353233830846,"0","1","0","0","1","0"
"0",0.0140845070422535,"0","0","0",0.107462686567164,"0","1","0","0","0","0"
"0",0.47887323943662,"1","1","1",0.678606965174129,"1","1","1","0","0","1"
"0",0.633802816901408,"1","0","0",0.52089552238806,"0","1","0","1","0","0"
"0",0.746478873239437,"1","1","1",0.785572139303483,"0","1","1","0","1","0"
"0",0.774647887323944,"1","1","1",0.796019900497512,"1","1","1","1","0","1"
"0",0.112676056338028,"1","0","1",0.572139303482587,"1","1","1","0","0","0"
"0",0.267605633802817,"1","1","0",0.407462686567164,"0","1","0","0","0","0"
"0",0.140845070422535,"1","0","1",0.57363184079602,"0","1","1","0","0","0"
"1",0.408450704225352,"1","1","1",0.714427860696517,"0","1","1","0","0","1"
"0",0.943661971830986,"1","0","0",0.524378109452736,"0","1","0","0","1","0"
"1",0.52112676056338,"1","1","1",0.839303482587065,"0","1","1","0","0","1"
"1",0.225352112676056,"1","1","1",0.667661691542288,"1","1","1","0","0","0"
"0",0.661971830985915,"1","1","1",0.874129353233831,"1","1","1","1","0","0"
"0",0,"1","0","0",0.254228855721393,"0","0","0","0","0","1"
"0",0.873239436619718,"0","0","0",0.40547263681592,"0","1","0","0","1","1"
"0",0.028169014084507,"1","0","1",0.514427860696517,"0","1","0","1","0","1"
"0",0.661971830985915,"1","1","0",0.0606965174129353,"0","0","0","1","0","0"
"0",0.915492957746479,"0","0","0",0.111442786069652,"0","1","0","1","0","0"
"0",0.943661971830986,"1","1","1",0.658208955223881,"0","1","1","0","1","0"
"1",0.225352112676056,"1","0","1",0.266666666666667,"1","0","0","0","0","1"
"0",0.0845070422535211,"1","0","0",0.0238805970149254,"0","0","0","1","0","0"
"0",1,"1","1","1",0.685074626865672,"0","1","0","0","1","0"
"0",0.394366197183099,"1","0","0",0.0159203980099503,"0","0","0","0","0","0"
"0",0.507042253521127,"1","0","1",0.717412935323383,"0","1","1","0","0","1"
"0",0.464788732394366,"1","1","1",0.910945273631841,"1","1","1","0","0","0"
"1",0.577464788732394,"1","1","1",0.660696517412935,"1","1","1","0","0","1"
"0",0.816901408450704,"1","1","0",0.470149253731343,"0","1","0","1","0","0"
"0",0.140845070422535,"1","0","1",0.609452736318408,"1","1","1","0","0","0"
"1",0.830985915492958,"1","1","1",0.623880597014925,"0","1","1","0","0","1"
"0",0.366197183098592,"1","0","1",0.377114427860696,"0","1","0","0","0","0"
"0",0,"1","1","0",0.672139303482587,"1","1","1","0","0","0"
"1",0,"1","0","1",0.60547263681592,"1","1","1","0","0","1"
"0",0.225352112676056,"0","0","0",0.160696517412935,"0","1","0","0","0","0"
"0",0.802816901408451,"1","0","0",0.0248756218905473,"0","0","0","0","1","0"
"0",0,"1","0","0",0.00547263681592041,"0","0","0","1","0","0"
"0",0.028169014084507,"1","0","0",0.259203980099502,"1","0","0","0","0","0"
"0",0.732394366197183,"1","1","0",0.721890547263682,"0","1","1","0","0","1"
"0",0.47887323943662,"1","1","1",0.073134328358209,"0","0","0","0","0","1"
"0",0.690140845070423,"1","1","0",0.872636815920398,"1","1","1","0","0","0"
"0",0.943661971830986,"1","1","0",0.522885572139303,"0","1","0","0","1","0"
"0",0.647887323943662,"1","1","0",0.0711442786069652,"0","0","0","0","0","1"
"1",0.901408450704225,"1","1","1",0.900995024875622,"0","1","1","0","0","0"
"0",0.0563380281690141,"1","0","1",0.512437810945274,"1","0","1","0","0","1"
"0",0.704225352112676,"1","1","1",0.760199004975124,"1","1","1","0","0","1"
"0",0.633802816901408,"1","1","0",0.774129353233831,"1","1","1","0","0","0"
"0",0.112676056338028,"1","1","1",0.583084577114428,"0","0","1","0","0","1"
"0",0.0985915492957746,"1","0","0",0.0199004975124378,"0","0","0","0","1","0"
"0",0.183098591549296,"1","1","1",0.0651741293532338,"0","0","0","1","0","0"
"0",0.619718309859155,"1","1","1",0.969154228855721,"0","1","1","0","0","1"
"0",0.0985915492957746,"1","1","1",0.560696517412935,"0","0","1","0","0","0"
"1",0,"1","0","1",0.317412935323383,"1","1","0","0","0","0"
"0",0.915492957746479,"1","0","1",0.844776119402985,"0","1","1","1","0","0"
"0",1,"1","1","0",0.535820895522388,"0","1","0","0","1","0"
"0",0.563380281690141,"1","1","1",0.948756218905473,"1","1","1","0","0","0"
"0",0.309859154929577,"1","1","0",0.0681592039800995,"0","0","0","0","1","0"
"0",0.394366197183099,"1","0","1",0.603482587064677,"1","1","1","0","0","1"
"0",0.0422535211267606,"1","1","1",0.61592039800995,"0","1","1","0","0","1"
"0",0.0704225352112676,"1","1","0",0.0711442786069652,"0","0","0","0","1","0"
"1",0.929577464788732,"1","1","1",0.867164179104478,"0","1","1","1","0","0"
"1",0.0845070422535211,"1","0","1",0.27363184079602,"0","0","0","0","0","0"
"0",0.774647887323944,"1","1","1",0.0616915422885572,"0","0","0","1","0","0"
"0",1,"1","1","0",0.0671641791044776,"0","0","0","0","1","0"
"0",1,"1","1","1",0.666666666666667,"0","1","0","0","1","1"
"0",0.309859154929577,"1","0","0",0.0134328358208955,"0","0","0","0","1","0"
"0",0.47887323943662,"1","1","0",0.317412935323383,"0","0","0","0","0","0"
"1",0.366197183098592,"1","0","1",0.520398009950249,"0","0","1","0","0","1"
"0",0.352112676056338,"1","1","1",0.41592039800995,"1","1","0","0","0","1"
"0",0.154929577464789,"1","1","0",0.0810945273631841,"0","0","0","1","0","0"
"0",0.549295774647887,"1","0","0",0.0189054726368159,"0","0","0","0","1","0"
"0",0.0845070422535211,"0","0","0",0.403980099502488,"0","1","0","0","0","0"
"0",0.971830985915493,"1","1","1",0.789054726368159,"0","1","1","0","0","0"
"0",0.830985915492958,"1","0","0",0.0139303482587065,"0","0","0","0","1","0"
"0",0.535211267605634,"0","0","1",0.0696517412935323,"0","0","0","1","0","0"
"0",1,"1","1","0",0.957213930348259,"0","1","1","0","1","0"
"0",0,"0","0","1",0.163681592039801,"1","1","0","0","0","1"
"0",0.746478873239437,"1","1","1",0.521890547263682,"0","1","0","1","0","1"
"0",0.028169014084507,"1","1","1",0.667164179104478,"1","1","1","0","0","1"
"0",0.873239436619718,"1","0","0",0.570149253731343,"0","1","0","0","1","0"
"0",0.985915492957746,"1","1","1",0.662189054726368,"0","1","1","0","1","1"
"0",0.577464788732394,"1","0","1",0.0238805970149254,"0","0","0","1","0","0"
"0",0.647887323943662,"1","0","0",0.0218905472636816,"0","0","0","0","1","0"
"0",0.915492957746479,"1","1","1",0.837810945273632,"1","1","1","1","0","0"
"0",0.28169014084507,"1","1","1",0.857213930348259,"1","1","1","0","0","0"
"0",0.140845070422535,"0","0","1",0.173134328358209,"0","1","0","0","0","1"
"0",0,"1","1","1",0.810945273631841,"1","1","1","0","0","1"
"1",0.76056338028169,"1","1","0",0.718407960199005,"0","1","1","0","0","1"
"0",0.957746478873239,"1","1","1",0.790049751243781,"0","1","1","0","1","0"
"1",0.028169014084507,"1","0","0",0.553233830845771,"0","1","1","0","0","1"
"0",0.0422535211267606,"1","0","1",0.558706467661692,"1","1","0","0","0","1"
"1",0.408450704225352,"1","1","1",0.505970149253731,"0","1","0","0","1","0"
"0",0.0563380281690141,"1","1","1",0.641791044776119,"0","1","1","0","0","1"
"0",0.985915492957746,"1","1","1",0.0611940298507463,"0","0","0","0","1","0"
"0",0.394366197183099,"1","1","1",0.368159203980099,"0","1","0","1","0","1"
"0",0.71830985915493,"1","1","0",0.428855721393035,"0","1","0","0","0","0"
"0",0.943661971830986,"1","1","0",0.582089552238806,"0","1","0","1","0","0"
"0",0.633802816901408,"1","0","0",0.0114427860696517,"0","0","0","0","1","0"
"0",0.0985915492957746,"1","0","1",0.36318407960199,"0","1","0","0","0","0"
"0",1,"1","0","0",0.0144278606965174,"0","0","0","0","1","0"
"0",0.225352112676056,"1","0","0",0.0164179104477612,"0","0","0","1","0","0"
"0",0.028169014084507,"1","0","1",0.892537313432836,"0","1","1","0","0","1"
"1",0.0140845070422535,"1","0","1",0.652238805970149,"0","1","1","0","0","0"
"0",0.112676056338028,"1","0","1",0.557213930348259,"1","1","1","0","0","0"
"0",0.704225352112676,"0","0","1",0.379601990049751,"0","1","0","1","0","0"
"0",0.0704225352112676,"1","0","0",0.018407960199005,"0","0","0","0","1","0"
"0",0.028169014084507,"1","1","0",0.762686567164179,"0","1","1","0","0","1"
"1",0.225352112676056,"1","1","1",0.755721393034826,"0","1","1","0","0","1"
"0",0.408450704225352,"1","1","0",0.314925373134328,"0","0","0","0","0","1"
"0",0.422535211267606,"1","1","1",0.525373134328358,"0","1","0","0","0","1"
"0",0.619718309859155,"1","0","0",0.630845771144279,"0","1","0","0","1","0"
"0",0.887323943661972,"1","1","0",0.708457711442786,"0","1","1","1","0","0"
"0",0,"1","1","1",0.413930348258707,"1","1","0","0","0","1"
"1",0,"1","0","1",0.510945273631841,"1","0","1","0","0","1"
"1",0.845070422535211,"1","1","0",0.803482587064677,"0","1","1","1","0","1"
"0",0,"1","0","0",0.00796019900497513,"0","0","0","0","0","0"
"0",0.112676056338028,"0","0","1",0.270149253731343,"1","1","0","0","0","1"
"0",1,"1","1","0",0.957213930348259,"0","1","1","0","1","0"
"0",0,"1","0","0",0.0124378109452736,"1","0","0","0","0","0"
"0",0.0845070422535211,"1","0","1",0.258706467661692,"0","0","0","0","0","0"
"0",0.915492957746479,"1","1","1",0.719402985074627,"0","1","1","1","0","0"
"0",0,"1","0","1",0.513930348258707,"1","0","1","0","0","1"
"0",0.549295774647887,"1","0","1",0.0213930348258706,"0","0","0","0","0","0"
"0",0.211267605633803,"1","1","1",0.528855721393035,"0","1","0","0","0","0"
"0",0.0140845070422535,"1","0","1",0.685572139303483,"1","1","1","0","0","0"
"0",0.929577464788732,"1","1","0",0.0656716417910448,"0","0","0","0","1","0"
"0",0.563380281690141,"1","0","1",0.85771144278607,"0","1","1","1","0","0"
"0",0.774647887323944,"1","0","1",0.0154228855721393,"0","0","0","0","1","0"
"0",1,"1","1","1",0.977114427860697,"0","1","1","0","1","0"
"0",0.028169014084507,"1","1","1",0.661691542288557,"1","1","1","0","0","0"
"0",0.746478873239437,"1","0","0",0.017910447761194,"0","0","0","0","1","0"
"1",0.71830985915493,"1","1","1",0.920398009950249,"0","1","1","0","0","1"
"0",0.690140845070423,"1","0","1",0.710945273631841,"0","1","1","0","1","0"
"0",0.183098591549296,"1","1","1",0.713432835820896,"1","1","1","0","0","1"
"0",0.366197183098592,"1","0","0",0.302985074626866,"0","1","0","1","0","0"
"1",1,"1","1","1",0.779601990049751,"0","1","1","0","1","0"
"0",0.859154929577465,"1","0","1",0.55771144278607,"0","1","0","1","0","0"
"0",0.154929577464789,"1","0","1",0.358706467661692,"0","1","0","0","0","1"
"1",0.605633802816901,"1","0","0",0.56318407960199,"0","1","0","1","0","0"
"0",0.746478873239437,"1","0","1",0.613930348258707,"0","1","1","0","1","0"
"0",0.943661971830986,"1","0","0",0.017910447761194,"0","0","0","0","1","0"
"0",0.267605633802817,"1","0","0",0.0114427860696517,"0","0","0","0","0","0"
"0",0.690140845070423,"1","1","0",0.364676616915423,"0","1","0","1","0","0"
"0",0.802816901408451,"1","1","1",0.0616915422885572,"0","0","0","0","1","0"
"0",0.47887323943662,"1","1","1",0.71044776119403,"0","1","1","0","0","0"
"0",0.0140845070422535,"1","0","1",0.270149253731343,"0","0","0","0","0","1"
"0",0.873239436619718,"1","1","0",0.571641791044776,"0","1","0","0","1","0"
"0",0.802816901408451,"1","1","1",0.919402985074627,"0","1","1","1","0","0"
"0",0.366197183098592,"1","0","1",0.0228855721393035,"0","0","0","1","0","0"
"0",0.985915492957746,"1","1","1",0.964179104477612,"0","1","1","0","1","0"
"0",0.873239436619718,"1","0","0",0.400995024875622,"0","1","0","1","0","0"
"0",0.985915492957746,"1","1","1",0.746268656716418,"0","1","1","0","0","0"
"1",0.563380281690141,"1","1","1",0.944776119402985,"1","1","1","0","0","1"
"1",0.169014084507042,"1","0","1",0.718905472636816,"1","1","1","0","0","1"
"0",0.0140845070422535,"1","0","0",0.604477611940298,"1","1","1","0","0","1"
"0",0.943661971830986,"1","0","1",0.0109452736318408,"0","0","0","0","1","0"
"0",0,"1","0","1",0.303482587064677,"0","1","0","0","0","0"
"1",0.901408450704225,"1","1","1",0.903482587064677,"0","1","1","0","1","1"
"1",1,"1","1","1",0.0671641791044776,"0","0","0","0","1","0"
"0",0.380281690140845,"1","1","1",0.364676616915423,"0","1","0","0","0","0"
"0",1,"1","1","0",0.0646766169154229,"0","0","0","0","1","0"
"0",0.0140845070422535,"1","0","1",0.725373134328358,"0","1","1","0","0","1"
"0",0.23943661971831,"1","0","0",0.0189054726368159,"1","0","0","1","0","0"
"1",0.830985915492958,"1","1","1",0.856716417910448,"0","1","1","1","0","1"
"1",0.352112676056338,"1","1","1",0.475621890547264,"0","1","0","0","0","1"
"0",0,"1","0","1",0.53134328358209,"1","0","1","0","0","1"
"0",0.0422535211267606,"1","0","0",0.0208955223880597,"1","0","0","0","0","0"
"0",0.943661971830986,"1","1","1",0.735820895522388,"0","1","0","0","1","0"
"0",0.52112676056338,"1","0","1",0.656716417910448,"1","1","1","0","0","0"
"1",0.577464788732394,"1","1","1",0.865174129353234,"0","1","1","1","0","0"
"0",0.788732394366197,"1","0","1",0.0134328358208955,"0","0","0","0","1","0"
"0",0.746478873239437,"0","0","0",0.12089552238806,"0","1","0","0","0","1"
"0",0.154929577464789,"1","0","0",0.595522388059701,"1","1","1","0","0","0"
"0",0.605633802816901,"1","0","1",0.430348258706468,"0","1","0","1","0","0"
"0",0.577464788732394,"1","1","1",0.508955223880597,"0","1","0","0","0","0"
"0",1,"1","1","0",0.0646766169154229,"0","0","0","0","1","0"
"0",0.985915492957746,"1","1","0",0.724378109452736,"0","1","0","0","1","0"
"0",0.253521126760563,"1","1","0",0.71044776119403,"1","1","1","0","0","0"
"0",0.309859154929577,"1","1","1",0.551243781094527,"0","1","0","0","0","0"
"0",0.408450704225352,"1","0","0",0.0114427860696517,"0","0","0","0","1","0"
"0",0.47887323943662,"1","1","0",0.0791044776119403,"0","0","0","1","0","0"
"0",0.126760563380282,"1","1","1",0.800497512437811,"1","1","1","0","0","1"
"0",0,"1","0","1",0.254726368159204,"0","0","0","0","0","0"
"0",0.295774647887324,"1","0","1",0.511940298507463,"0","0","1","0","0","0"
"0",0.0845070422535211,"0","0","0",0.201990049751244,"0","1","0","0","1","0"
"0",0.492957746478873,"0","0","1",0.346766169154229,"0","1","0","0","1","0"
"0",0.464788732394366,"1","0","0",0.0238805970149254,"0","0","0","0","0","0"
"0",1,"1","1","0",0.459701492537313,"0","1","0","0","1","0"
"0",0.492957746478873,"1","1","0",0.0681592039800995,"0","0","0","0","1","0"
"0",0,"1","0","0",0.578109452736318,"1","1","1","0","0","1"
"0",0.309859154929577,"1","1","1",0.605970149253731,"1","1","1","0","0","1"
"1",0.436619718309859,"1","1","1",0.664179104477612,"1","1","1","0","0","1"
"0",0.985915492957746,"1","1","1",0.765174129353234,"0","1","1","1","0","0"
"1",0.309859154929577,"1","1","1",0.607960199004975,"0","1","1","0","0","0"
"0",0.225352112676056,"1","0","1",0.780099502487562,"0","1","1","1","0","0"
"0",0,"1","0","1",0.569651741293532,"0","1","0","0","0","1"
"0",0.154929577464789,"1","0","0",0.0144278606965174,"0","0","0","0","1","0"
"0",1,"1","0","0",0.0223880597014925,"0","0","0","0","1","0"
"0",0,"1","0","0",0.00945273631840795,"0","0","0","0","0","0"
"1",1,"1","1","0",0.797014925373134,"0","1","1","0","1","0"
"0",0.830985915492958,"1","1","0",0.558208955223881,"0","0","1","0","0","0"
"0",0.845070422535211,"0","0","0",0.329353233830846,"0","1","0","0","1","0"
"0",0.0704225352112676,"1","0","0",0.272636815920398,"0","0","0","0","0","0"
"1",0.436619718309859,"1","1","0",0.667164179104478,"1","1","1","0","0","1"
"0",0.422535211267606,"1","1","1",0.679601990049751,"1","1","1","0","0","0"
"0",0.253521126760563,"1","0","1",0.553233830845771,"1","1","1","0","0","0"
"0",1,"1","0","0",0.0203980099502488,"0","0","0","0","1","0"
"0",0.436619718309859,"1","1","1",0.35771144278607,"0","1","0","0","0","1"
"0",0.901408450704225,"1","1","1",0.720398009950249,"0","1","1","0","0","1"
"0",0.619718309859155,"0","0","1",0.324875621890547,"0","1","0","0","0","0"
"0",0.577464788732394,"1","1","0",0.0676616915422886,"0","0","0","1","0","1"
"0",0.0985915492957746,"1","1","1",0.56318407960199,"0","0","1","0","0","1"
"0",0.436619718309859,"1","0","0",0.0223880597014925,"0","0","0","0","1","0"
"1",0.295774647887324,"1","1","1",0.450746268656716,"0","1","0","0","0","0"
"1",0.788732394366197,"0","0","1",0.264676616915423,"1","1","0","0","0","1"
"0",0,"1","0","0",0.295522388059702,"0","1","0","0","0","1"
"1",0,"1","0","0",0.267164179104478,"1","0","0","0","0","1"
"0",0,"1","0","1",0.266169154228856,"0","0","0","0","0","1"
"0",0.323943661971831,"1","0","1",0.77363184079602,"1","1","1","0","0","1"
"0",0,"1","0","0",0.017910447761194,"1","0","0","0","0","0"
"1",0.746478873239437,"1","1","1",0.714427860696517,"0","1","1","0","0","1"
"0",0.0422535211267606,"1","1","1",0.0701492537313433,"0","0","0","0","1","0"
"0",0.901408450704225,"1","1","0",0.899502487562189,"1","1","1","0","1","0"
"0",0.774647887323944,"1","1","0",0.0601990049751244,"0","0","0","1","0","1"
"0",0.619718309859155,"1","0","1",0.574129353233831,"0","1","0","0","0","1"
"0",0.985915492957746,"1","0","0",0.0144278606965174,"0","0","0","0","1","0"
"0",0.816901408450704,"1","0","0",0.47910447761194,"0","1","0","1","0","0"
"0",0.957746478873239,"0","0","1",0.174129353233831,"0","1","0","1","0","0"
"0",0.253521126760563,"1","0","0",0.00547263681592041,"0","0","0","1","0","0"
"0",0.76056338028169,"1","0","0",0.0114427860696517,"0","0","0","0","1","0"
"0",0.52112676056338,"1","0","0",0.0104477611940299,"0","0","0","1","0","0"
"0",0.126760563380282,"1","0","1",0.271641791044776,"1","0","0","0","0","1"
"1",0.647887323943662,"1","1","1",0.48955223880597,"0","1","0","0","0","0"
"0",0.0140845070422535,"0","0","1",0.167661691542289,"1","1","0","0","0","1"
"0",0,"1","0","0",0.278109452736318,"1","0","0","0","0","0"
"0",0,"1","0","0",0.267661691542289,"1","0","0","0","0","1"
"1",0,"0","0","1",0.249253731343284,"1","1","0","0","0","1"
"0",0.633802816901408,"1","0","1",0.018407960199005,"0","0","0","0","1","0"
"1",0.52112676056338,"1","0","1",0.387064676616915,"1","1","0","0","0","0"
"0",0.901408450704225,"1","0","0",0.404477611940299,"0","1","0","0","1","0"
"0",0.253521126760563,"1","0","1",0.546766169154229,"1","1","1","0","0","1"
"0",0.71830985915493,"1","0","1",0.667661691542288,"1","1","1","0","0","1"
"0",0.985915492957746,"1","0","0",0.0119402985074627,"0","0","0","0","1","0"
"0",0,"1","0","0",0.275621890547264,"1","0","0","0","0","0"
"1",0.71830985915493,"0","0","1",0.32089552238806,"0","1","0","0","0","1"
"0",0.0704225352112676,"1","1","0",0.0681592039800995,"0","0","0","1","0","0"
"1",0.352112676056338,"1","0","0",0.422388059701493,"0","1","0","1","0","0"
"1",0.661971830985915,"1","1","1",0.803482587064677,"0","1","1","1","0","1"
"0",0.887323943661972,"1","1","1",0.857213930348259,"0","1","1","1","0","0"
"0",0.028169014084507,"1","0","0",0.651741293532338,"1","1","1","0","0","1"
"0",0,"1","0","1",0.256716417910448,"0","0","0","0","0","0"
"0",1,"1","1","0",0.0582089552238806,"0","0","0","0","1","0"
"0",0,"1","0","1",0.271641791044776,"0","0","0","0","0","0"
"0",0.704225352112676,"1","1","1",0.751741293532338,"0","1","1","0","0","1"
"0",0.563380281690141,"1","0","0",0.0144278606965174,"0","0","0","0","1","0"
"0",1,"1","0","1",0.521393034825871,"0","1","0","0","1","0"
"0",0.591549295774648,"1","1","0",0.678606965174129,"0","1","0","0","1","0"
"0",1,"1","1","1",0.953731343283582,"0","1","1","0","1","0"
"0",0.647887323943662,"1","1","1",0.765671641791045,"0","1","1","1","0","0"
"0",1,"1","1","0",0.699502487562189,"0","1","0","0","1","0"
"0",0.028169014084507,"1","0","1",0.0248756218905473,"0","0","0","0","0","0"
"0",0,"1","0","1",0.515422885572139,"1","0","1","0","0","1"
"0",0.0140845070422535,"1","1","1",0.674129353233831,"1","1","1","0","0","1"
"0",0.352112676056338,"0","0","1",0.262686567164179,"0","1","0","0","0","0"
"0",0.394366197183099,"1","0","1",0.417412935323383,"0","1","0","0","0","0"
"1",0.47887323943662,"1","1","1",0.818407960199005,"1","1","1","0","0","0"
"0",0.366197183098592,"1","0","0",0.370149253731343,"0","1","0","1","0","0"
"0",0.323943661971831,"1","0","1",0.517910447761194,"0","1","0","0","0","0"
"0",0.929577464788732,"1","0","1",0.419402985074627,"0","1","0","0","1","0"
"0",0.211267605633803,"1","1","0",0.541293532338309,"1","0","1","0","0","1"
"0",0.309859154929577,"1","0","0",0.37363184079602,"0","1","0","1","0","0"
"0",0.183098591549296,"0","0","1",0.127860696517413,"0","1","0","0","0","0"
"0",0,"1","0","1",0.027363184079602,"1","0","0","0","0","1"
"1",0,"1","0","0",0.267164179104478,"1","0","0","0","0","0"
"1",0.0422535211267606,"0","0","1",0.325373134328358,"0","1","0","0","0","0"
"0",0.211267605633803,"1","1","1",0.505970149253731,"0","1","0","0","0","1"
"0",0.633802816901408,"0","0","1",0.255721393034826,"0","1","0","0","0","1"
"0",0.943661971830986,"1","1","1",0.67910447761194,"0","1","0","0","1","0"
"0",0.52112676056338,"1","1","0",0.514427860696517,"0","1","0","0","0","1"
"1",0.408450704225352,"1","0","1",0.319900497512438,"1","1","0","0","0","0"
"1",0.0563380281690141,"1","0","0",0.603980099502488,"1","1","1","0","0","1"
"0",0.225352112676056,"1","0","1",0.723383084577114,"0","1","1","0","0","0"
"0",0.0422535211267606,"1","0","0",0.0164179104477612,"0","0","0","0","1","0"
"0",0.154929577464789,"1","0","0",0.0189054726368159,"0","0","0","1","0","1"
"0",1,"1","1","1",0.719900497512438,"0","1","0","0","1","0"
"0",0.028169014084507,"1","0","1",0.733830845771144,"0","1","1","0","0","1"
"0",0.774647887323944,"1","1","1",0.758208955223881,"1","1","1","0","0","1"
"0",0.563380281690141,"1","1","1",0.0656716417910448,"0","0","0","1","0","0"
"0",0.549295774647887,"0","0","0",0.176616915422886,"0","1","0","1","0","0"
"0",0.0845070422535211,"1","0","1",0.599502487562189,"0","1","0","0","0","1"
"0",0.957746478873239,"1","0","0",0.0169154228855721,"0","0","0","0","1","0"
"0",0.0845070422535211,"1","0","0",0.0238805970149254,"0","0","0","1","0","0"
"0",0.0563380281690141,"0","0","1",0.121890547263682,"0","1","0","0","0","1"
"0",1,"1","1","0",0.874129353233831,"0","1","1","0","1","0"
"0",0.605633802816901,"1","0","1",0.0223880597014925,"0","0","0","1","0","0"
"0",0.901408450704225,"1","1","1",0.76865671641791,"0","1","1","1","0","1"
"0",0.028169014084507,"1","1","0",0.461194029850746,"0","1","0","0","0","1"
"0",0.323943661971831,"1","0","1",0.326865671641791,"0","1","0","0","0","0"
"0",0.605633802816901,"1","1","1",0.662189054726368,"1","1","1","0","0","0"
"1",1,"1","1","0",0.704975124378109,"0","1","0","0","1","0"
"0",0.323943661971831,"1","0","0",0.365174129353234,"0","1","0","0","0","1"
"0",0,"1","0","0",0.324875621890547,"1","1","0","0","0","0"
"0",0.295774647887324,"1","0","1",0.0218905472636816,"0","0","0","0","0","0"
"0",0.971830985915493,"1","1","1",0.67363184079602,"0","1","0","0","1","0"
"0",0.338028169014085,"1","1","0",0.418905472636816,"0","1","0","0","0","1"
"0",0.507042253521127,"1","0","0",0.0154228855721393,"0","0","0","0","1","0"
"1",0.295774647887324,"1","1","0",0.667661691542288,"0","1","1","0","0","0"
"0",0.816901408450704,"1","1","1",0.535820895522388,"0","1","0","0","1","0"
"0",0.676056338028169,"1","1","1",0.811442786069652,"1","1","1","0","0","1"
"0",0.647887323943662,"1","1","1",0.886567164179104,"1","1","1","0","0","0"
"0",0.422535211267606,"1","0","1",0.0129353233830846,"1","0","0","0","0","0"
"0",0,"1","0","1",0.624875621890547,"0","1","1","0","0","1"
"0",0.028169014084507,"1","0","1",0.0223880597014925,"0","0","0","0","0","1"
"0",0.732394366197183,"1","1","1",0.930845771144279,"0","1","1","1","0","0"
"0",0,"1","0","0",0.0194029850746269,"0","0","0","0","0","0"
"0",0.267605633802817,"1","0","1",0.0144278606965174,"0","0","0","1","0","0"
"0",0.028169014084507,"1","0","1",0.60547263681592,"1","1","1","0","0","1"
"0",0.704225352112676,"1","0","1",0.0159203980099503,"0","0","0","1","0","0"
"0",0.704225352112676,"1","0","1",0.420398009950249,"0","1","0","1","0","0"
"0",0.169014084507042,"1","0","0",0.0129353233830846,"0","0","0","0","1","0"
"0",0,"1","0","0",0.0263681592039801,"0","0","0","0","0","0"
"0",0,"1","0","1",0.0278606965174129,"0","0","0","0","0","0"
"0",0.873239436619718,"1","1","0",0.529850746268657,"0","1","0","1","0","1"
"0",0.028169014084507,"1","0","0",0.362189054726368,"0","1","0","0","0","0"
"0",0.633802816901408,"1","0","0",0.00945273631840795,"0","0","0","0","1","0"
"0",0,"1","1","1",0.313930348258706,"0","0","0","0","0","0"
"0",0.0985915492957746,"0","0","0",0.0721393034825871,"1","0","0","0","0","0"
"0",0.985915492957746,"1","0","0",0.0223880597014925,"0","0","0","0","1","0"
"0",0.76056338028169,"1","1","1",0.717910447761194,"0","1","1","0","0","0"
"0",0.971830985915493,"1","1","1",0.716417910447761,"0","1","1","1","0","0"
"0",0.0140845070422535,"1","0","0",0.621890547263682,"1","1","1","0","0","1"
"0",0.929577464788732,"1","1","0",0.859203980099502,"0","1","1","0","1","0"
"0",0.901408450704225,"1","1","1",0.732338308457711,"1","1","1","0","0","0"
"0",0.183098591549296,"1","0","0",0.317910447761194,"0","1","0","0","0","0"
"0",0.267605633802817,"1","1","1",0.76865671641791,"0","1","1","0","0","0"
"0",0,"1","0","1",0.568159203980099,"1","1","1","0","0","1"
"0",0,"1","1","1",0.569154228855721,"1","0","1","0","0","1"
"0",0.676056338028169,"1","1","1",0.767661691542289,"0","1","1","0","0","0"
"0",1,"1","1","1",0.82636815920398,"0","1","1","0","1","0"
"0",0.633802816901408,"1","1","0",0.346766169154229,"0","1","0","0","0","1"
"0",0.323943661971831,"1","1","1",0.662686567164179,"0","1","1","0","0","0"
"0",0.0563380281690141,"0","0","0",0.159203980099502,"0","1","0","0","0","1"
"0",0.450704225352113,"1","1","0",0.7,"0","1","1","0","0","0"
"0",0.577464788732394,"1","1","1",0.416915422885572,"0","1","0","1","0","0"
"0",0.309859154929577,"1","0","1",0.812935323383085,"0","1","1","1","0","0"
"0",0.0985915492957746,"1","0","0",0.521890547263682,"0","0","1","0","0","0"
"0",0.915492957746479,"1","0","1",0.363681592039801,"0","1","0","1","0","0"
"0",0.323943661971831,"1","0","1",0.311442786069652,"1","1","0","0","0","0"
"1",0.323943661971831,"1","1","0",0.363681592039801,"0","1","0","0","0","0"
"0",0.957746478873239,"1","1","1",0.600497512437811,"1","1","0","1","0","0"
"0",0.732394366197183,"1","0","1",0.816417910447761,"0","1","1","1","0","0"
"0",0.830985915492958,"0","0","0",0.351741293532338,"0","1","0","0","1","1"
"0",0.0845070422535211,"1","0","1",0.625373134328358,"1","1","1","0","0","1"
"0",0.267605633802817,"1","0","1",0.0109452736318408,"0","0","0","1","0","0"
"0",0.309859154929577,"1","1","0",0.670149253731343,"0","1","1","0","0","1"
"0",1,"1","0","1",0.622388059701492,"0","1","0","0","1","1"
"0",0.140845070422535,"1","1","1",0.564179104477612,"1","0","1","0","0","1"
"0",0.28169014084507,"1","0","0",0.0134328358208955,"0","0","0","0","1","0"
"1",0,"1","1","1",0.749253731343284,"1","1","1","0","0","1"
"1",0.422535211267606,"1","1","1",0.72089552238806,"0","1","1","0","0","1"
"0",0.788732394366197,"1","0","0",0.512437810945274,"0","1","0","0","1","0"
"0",0.619718309859155,"1","0","1",0.0174129353233831,"0","0","0","0","1","0"
"0",0.126760563380282,"1","1","1",0.766169154228856,"0","1","1","0","0","1"
"0",0.802816901408451,"1","1","1",0.834328358208955,"1","1","1","0","0","0"
"0",0.183098591549296,"1","0","0",0.0169154228855721,"0","0","0","0","0","0"
"0",0.366197183098592,"1","1","0",0.622885572139303,"0","1","0","1","0","0"
"0",0.183098591549296,"1","1","1",0.722885572139303,"1","1","1","0","0","0"
"0",0.154929577464789,"0","0","0",0.108955223880597,"1","1","0","0","0","0"
"0",0.957746478873239,"1","1","1",0.746766169154229,"0","1","1","0","1","0"
"0",0.338028169014085,"1","0","1",0.70547263681592,"1","1","1","0","0","0"
"1",0.802816901408451,"1","1","1",0.901492537313433,"1","1","1","1","0","1"
"0",0.47887323943662,"0","0","1",0.279601990049751,"0","1","0","0","1","0"
"1",0.211267605633803,"1","1","1",0.661691542288557,"1","1","1","0","0","1"
"0",0.619718309859155,"1","1","0",0.601990049751244,"0","1","0","1","0","0"
"0",0.225352112676056,"1","0","1",0.649751243781095,"0","1","1","0","0","1"
"0",0,"1","0","1",0.273134328358209,"1","0","0","0","0","1"
"0",0.295774647887324,"1","0","0",0.0134328358208955,"0","0","0","1","0","0"
"1",0,"1","0","1",0.514427860696517,"1","0","1","0","0","1"
"0",0.929577464788732,"1","0","0",0.493532338308458,"0","1","0","0","1","0"
"0",0.929577464788732,"1","1","1",0.869651741293532,"0","1","1","0","1","0"
"0",0.0140845070422535,"0","0","0",0.262189054726368,"1","1","0","0","0","1"
"0",0.309859154929577,"1","1","1",0.564179104477612,"1","0","1","0","0","1"
"1",0.112676056338028,"1","0","0",0.569651741293532,"0","1","1","0","0","0"
"0",0.0563380281690141,"1","0","0",0.0189054726368159,"0","0","0","0","0","0"
"0",0.746478873239437,"0","0","0",0.2681592039801,"0","1","0","0","1","0"
"0",0.788732394366197,"1","0","1",0.766169154228856,"1","1","1","0","1","1"
"0",0.323943661971831,"1","1","1",0.712437810945274,"1","1","1","0","0","0"
"0",0.676056338028169,"1","1","0",0.817910447761194,"1","1","1","1","0","0"
"0",0.0563380281690141,"1","1","0",0.287562189054726,"1","0","0","0","0","1"
"0",0.0140845070422535,"1","0","1",0.616417910447761,"1","1","1","0","0","1"
"0",0.0422535211267606,"1","1","1",0.685074626865672,"1","1","1","0","0","0"
"0",0.971830985915493,"1","1","1",0.606965174129353,"0","1","0","0","1","0"
"0",0.0563380281690141,"1","1","1",0.57363184079602,"1","0","1","0","0","0"
"0",0.732394366197183,"1","1","0",0.671144278606965,"0","1","0","0","0","1"
"0",0.647887323943662,"1","1","1",0.800995024875622,"1","1","1","0","0","1"
"0",0.422535211267606,"1","0","0",0.018407960199005,"0","0","0","1","0","0"
"0",0.169014084507042,"1","0","0",0.433333333333333,"0","1","0","0","0","0"
"0",0.380281690140845,"1","1","0",0.314925373134328,"0","0","0","0","0","0"
"0",0.126760563380282,"1","1","0",0.678606965174129,"1","1","1","0","0","1"
"0",0.52112676056338,"1","0","0",0.0213930348258706,"0","0","0","0","1","0"
"0",0,"1","0","1",0.269154228855721,"1","0","0","0","0","0"
"0",0.929577464788732,"1","1","0",0.854228855721393,"1","1","1","1","0","1"
"0",0.71830985915493,"1","0","1",0.56865671641791,"0","1","0","1","0","0"
"0",0.859154929577465,"1","0","0",0.89452736318408,"0","1","1","0","1","0"
"0",0.211267605633803,"1","0","1",0.676616915422886,"0","1","1","0","0","1"
"1",0.0563380281690141,"1","1","1",0.624378109452736,"1","1","1","0","0","1"
"0",0.154929577464789,"1","0","0",0.770646766169154,"0","1","1","1","0","1"
"0",1,"1","1","1",0.981094527363184,"0","1","1","0","1","0"
"1",0.985915492957746,"1","1","0",0.870646766169154,"0","1","1","1","0","0"
"0",0.323943661971831,"1","0","0",0.0189054726368159,"0","0","0","1","0","0"
"0",0.197183098591549,"1","0","0",0.0134328358208955,"0","0","0","0","1","0"
"0",0.929577464788732,"1","0","1",0.719900497512438,"1","1","1","1","0","0"
"0",0.0140845070422535,"1","1","0",0.424875621890547,"0","1","0","0","0","0"
"0",0.0563380281690141,"0","0","0",0.0676616915422886,"0","0","0","0","0","0"
"0",0.197183098591549,"1","0","0",0.695522388059702,"1","1","1","0","0","1"
"0",0,"1","0","1",0.0194029850746269,"1","0","0","0","0","0"
"0",0.563380281690141,"1","0","1",0.418407960199005,"0","1","0","1","0","0"
"0",0.591549295774648,"1","0","1",0.454726368159204,"0","1","0","0","0","1"
"1",0,"1","1","0",0.55771144278607,"0","0","1","0","0","1"
"1",0,"1","0","1",0.52089552238806,"0","0","1","0","0","0"
"0",0.352112676056338,"1","0","1",0.721890547263682,"1","1","1","0","0","1"
"0",0.295774647887324,"1","1","1",0.607960199004975,"1","1","1","0","0","1"
"0",0.985915492957746,"1","1","0",0.719402985074627,"0","1","0","0","1","0"
"0",0.0845070422535211,"1","0","0",0.0119402985074627,"0","0","0","0","1","0"
"1",0.380281690140845,"1","1","0",0.459701492537313,"0","1","0","0","0","0"
"1",0.211267605633803,"1","0","0",0.511442786069652,"0","0","1","0","0","1"
"0",0.0845070422535211,"1","0","0",0.0124378109452736,"0","0","0","1","0","0"
"0",0.957746478873239,"1","1","1",0.917910447761194,"0","1","1","0","1","0"
"0",0,"0","0","0",0.0641791044776119,"0","0","0","0","0","0"
"0",0.028169014084507,"1","0","1",0.588557213930348,"0","1","0","0","0","1"
"1",0.28169014084507,"1","0","1",0.781592039800995,"1","1","1","0","0","0"
"0",0.957746478873239,"1","1","1",0.6681592039801,"0","1","1","0","0","0"
"0",0.985915492957746,"0","0","1",0.292039800995025,"0","1","0","0","1","0"
"0",0.957746478873239,"1","0","0",0.0114427860696517,"0","0","0","0","1","0"
"0",0.661971830985915,"1","1","1",0.851741293532338,"0","1","1","0","0","1"
"0",0.647887323943662,"1","1","1",0.647761194029851,"1","1","1","0","0","0"
"0",0.0140845070422535,"1","1","1",0.309950248756219,"1","0","0","0","0","1"
"0",0.619718309859155,"1","1","1",0.897512437810945,"0","1","1","0","0","0"
"0",0.704225352112676,"1","1","0",0.624378109452736,"0","1","1","0","0","0"
"0",0.295774647887324,"1","1","1",0.606467661691542,"1","1","0","0","0","1"
"0",1,"1","1","0",0.680597014925373,"0","1","0","0","1","0"
"0",0.507042253521127,"1","1","1",0.743283582089552,"0","1","1","0","0","1"
"0",0.985915492957746,"1","1","0",0.717412935323383,"0","1","0","0","1","1"
"0",0.0845070422535211,"1","0","0",0.302985074626866,"1","1","0","0","0","1"
"0",0.915492957746479,"1","1","1",0.0686567164179104,"0","0","0","0","1","0"
"0",0.704225352112676,"1","0","1",0.578606965174129,"0","1","0","1","0","0"
"0",0.408450704225352,"1","0","0",0.0129353233830846,"0","0","0","1","0","0"
"0",0.464788732394366,"1","1","0",0.667661691542288,"0","1","1","0","0","1"
"0",0.887323943661972,"1","1","1",0.0651741293532338,"0","0","0","0","1","0"
"1",0.901408450704225,"1","1","1",0.844776119402985,"0","1","1","1","0","0"
"0",0.647887323943662,"1","1","0",0.82089552238806,"0","1","1","0","0","0"
"0",0,"1","0","1",0.769651741293532,"1","1","1","0","0","1"
"0",0.676056338028169,"1","1","1",0.412935323383085,"1","1","0","0","0","0"
"0",0.929577464788732,"1","1","0",0.754726368159204,"0","1","1","0","1","0"
"0",0.535211267605634,"1","0","0",0.0109452736318408,"0","0","0","1","0","0"
"0",0.183098591549296,"1","0","0",0.0164179104477612,"0","0","0","0","0","0"
"1",0.591549295774648,"1","0","1",0.89452736318408,"1","1","1","0","0","0"
"1",0.774647887323944,"1","1","1",0.823880597014925,"0","1","1","0","0","1"
"0",0.183098591549296,"1","0","0",0.406467661691542,"0","1","0","1","0","0"
"0",0,"1","0","0",0.528358208955224,"1","0","1","0","0","1"
"0",0.211267605633803,"1","0","1",0.374129353233831,"0","1","0","1","0","0"
"0",0.971830985915493,"1","1","1",0.87363184079602,"0","1","1","0","0","1"
"1",1,"1","1","1",0.655223880597015,"0","1","0","0","1","0"
"0",0.309859154929577,"1","0","1",0.567661691542289,"0","1","1","0","0","0"
"0",0.28169014084507,"1","1","0",0.0641791044776119,"0","0","0","0","0","0"
"0",0,"1","0","1",0.0189054726368159,"1","0","0","0","0","0"
"0",0,"1","0","0",0.512437810945274,"1","0","1","0","0","0"
"1",0.436619718309859,"1","1","1",0.745771144278607,"1","1","1","0","0","1"
"0",0.225352112676056,"1","0","0",0.622885572139303,"1","1","1","0","0","1"
"0",0.0422535211267606,"0","0","1",0.153233830845771,"1","1","0","0","0","1"
"0",0.492957746478873,"1","1","0",0.37363184079602,"0","1","0","1","0","1"
"0",0.690140845070423,"0","0","0",0.213432835820896,"0","1","0","0","1","0"
"0",0.661971830985915,"0","0","1",0.111940298507463,"0","1","0","0","0","0"
"0",0.690140845070423,"1","0","0",0.0189054726368159,"0","0","0","0","1","0"
"0",1,"1","1","0",0.609950248756219,"0","1","0","0","1","0"
"0",0.126760563380282,"1","1","0",0.0651741293532338,"0","0","0","0","0","0"
"0",0.23943661971831,"1","0","0",0.0139303482587065,"0","0","0","0","0","0"
"0",0,"1","0","1",0.613930348258707,"1","1","1","0","0","1"
"0",0,"1","0","0",0.0104477611940299,"1","0","0","0","0","1"
"0",0.112676056338028,"1","0","1",0.754228855721393,"0","1","1","0","0","1"
"0",0.0140845070422535,"1","1","0",0.721393034825871,"0","1","1","0","0","0"
"0",0.549295774647887,"1","1","1",0.602985074626866,"0","1","1","0","0","0"
"0",0.957746478873239,"1","1","0",0.808457711442786,"0","1","1","1","0","0"
"0",0.507042253521127,"1","1","1",0.80547263681592,"1","1","1","1","0","1"
"0",0.23943661971831,"1","1","1",0.619900497512438,"0","1","1","0","0","0"
"1",0.140845070422535,"1","0","1",0.516915422885572,"0","0","1","0","0","1"
"0",0.0985915492957746,"1","1","1",0.666169154228856,"1","1","1","0","0","0"
"0",0.028169014084507,"1","1","0",0.567164179104478,"1","0","1","0","0","1"
"0",0.76056338028169,"1","0","0",0.409950248756219,"0","1","0","1","0","0"
"0",0.450704225352113,"1","1","1",0.74726368159204,"0","1","1","0","0","1"
"0",0.633802816901408,"1","0","0",0.265671641791045,"0","0","0","0","0","0"
"0",0.464788732394366,"1","1","0",0.0781094527363184,"0","0","0","0","1","0"
"0",0.028169014084507,"1","0","0",0.0194029850746269,"0","0","0","0","0","1"
"0",0.408450704225352,"1","0","0",0.0298507462686567,"0","0","0","0","1","0"
"0",0.450704225352113,"1","1","0",0.409452736318408,"0","1","0","1","0","1"
"0",0.619718309859155,"1","1","1",0.763681592039801,"0","1","1","1","0","0"
"0",0.549295774647887,"1","0","1",0.434328358208955,"0","1","0","0","0","0"
"0",0.985915492957746,"1","1","1",0.999004975124378,"0","1","1","0","1","1"
"0",0,"1","1","0",0.359203980099502,"1","1","0","0","0","1"
"0",1,"0","0","0",0.459701492537313,"0","1","0","0","1","0"
"0",0.295774647887324,"1","0","1",0.61592039800995,"0","1","1","0","0","1"
"0",0.633802816901408,"1","0","1",0.0194029850746269,"0","0","0","1","0","0"
"0",0.76056338028169,"1","0","0",0.027363184079602,"0","0","0","0","1","0"
"0",0,"1","0","0",0.0218905472636816,"0","0","0","0","0","0"
"0",0.154929577464789,"1","1","1",0.573134328358209,"0","1","0","1","0","0"
"0",0.422535211267606,"1","1","1",0.618905472636816,"0","1","1","0","0","1"
"0",0.0563380281690141,"0","0","1",0.0666666666666667,"1","0","0","0","0","1"
"0",0.929577464788732,"1","1","1",0.569651741293532,"0","1","0","0","1","1"
"0",0,"1","0","0",0.260696517412935,"0","0","0","0","0","0"
"0",0.549295774647887,"0","0","1",0.239800995024876,"1","1","0","1","0","1"
"0",0.563380281690141,"1","1","1",0.560199004975124,"0","1","0","0","0","0"
"0",0,"1","1","1",0.567661691542289,"1","0","1","0","0","1"
"0",0.704225352112676,"1","1","1",0.761691542288557,"1","1","1","1","0","1"
"0",0.577464788732394,"0","0","0",0.297512437810945,"0","1","0","0","1","0"
"0",0.309859154929577,"1","0","0",0.0139303482587065,"0","0","0","1","0","0"
"1",0,"1","0","1",0.520398009950249,"1","0","1","0","0","1"
"0",0,"1","0","0",0.0189054726368159,"0","0","0","0","0","0"
"0",0.774647887323944,"1","1","1",0.87910447761194,"0","1","1","0","0","0"
"0",0.197183098591549,"1","1","1",0.723880597014925,"0","1","1","0","0","1"
"0",0.154929577464789,"1","1","1",0.0711442786069652,"0","0","0","0","1","0"
"0",0.746478873239437,"1","0","0",0.514427860696517,"0","1","0","0","1","0"
"0",0.0845070422535211,"1","0","1",0.483582089552239,"0","1","0","0","0","1"
"0",0.450704225352113,"1","1","0",0.675621890547264,"1","1","1","0","0","0"
"0",0.211267605633803,"1","0","0",0.0189054726368159,"0","0","0","0","0","1"
"0",0.28169014084507,"1","0","0",0.463681592039801,"0","1","0","1","0","0"
"1",0.408450704225352,"1","1","0",0.56318407960199,"0","1","0","0","1","1"
"0",0.028169014084507,"1","0","1",0.32089552238806,"0","1","0","0","0","0"
"0",0.140845070422535,"1","0","0",0.543781094527363,"0","1","1","0","0","1"
"0",0.859154929577465,"1","1","1",0.96318407960199,"0","1","1","1","0","0"
"0",0.23943661971831,"1","0","0",0.00746268656716418,"0","0","0","0","0","1"
"0",0.0704225352112676,"1","0","0",0.0129353233830846,"0","0","0","0","0","0"
"0",0.633802816901408,"1","1","1",0.824378109452736,"0","1","1","1","0","1"
"0",0.28169014084507,"1","1","1",0.655223880597015,"0","1","1","0","0","1"
"0",0.943661971830986,"1","1","1",0.0587064676616915,"0","0","0","0","1","0"
"0",0,"1","1","1",0.316915422885572,"0","0","0","0","0","1"
"0",0.338028169014085,"1","0","1",0.560696517412935,"0","1","1","0","0","1"
"0",0.323943661971831,"1","0","0",0.0149253731343284,"0","0","0","0","1","0"
"0",0.408450704225352,"1","1","1",0.664179104477612,"1","1","1","0","0","1"
"0",0.0140845070422535,"1","0","0",0.619900497512438,"1","1","1","0","0","1"
"0",0.704225352112676,"1","1","1",0.881094527363184,"0","1","1","1","0","0"
"0",0.788732394366197,"1","1","1",0.659203980099503,"0","1","0","0","1","1"
"0",0.197183098591549,"1","1","0",0.0676616915422886,"0","0","0","0","1","0"
"0",1,"1","0","1",0.651243781094527,"0","1","0","0","1","0"
"0",0.0140845070422535,"1","0","1",0.572636815920398,"1","1","1","0","0","1"
"0",0.380281690140845,"1","1","0",0.779601990049751,"0","1","1","0","0","0"
"1",0.394366197183099,"1","1","1",0.798507462686567,"1","1","1","0","0","1"
"0",0.971830985915493,"1","0","1",0.824378109452736,"0","1","1","0","1","0"
"0",0.169014084507042,"1","0","0",0.0194029850746269,"0","0","0","1","0","0"
"1",0.816901408450704,"1","1","1",0.754228855721393,"0","1","1","1","0","1"
"1",0.169014084507042,"1","1","1",0.766169154228856,"1","1","1","0","0","1"
"1",0.0845070422535211,"1","1","1",0.558706467661692,"1","0","1","0","0","0"
"0",0.859154929577465,"1","0","0",0.624378109452736,"0","1","0","0","1","0"
"0",0.28169014084507,"1","0","1",0.417910447761194,"0","1","0","1","0","1"
"0",0.0140845070422535,"1","0","0",0.423880597014925,"0","1","0","0","0","1"
"0",0,"1","0","0",0.255721393034826,"0","0","0","0","0","0"
"0",0.0422535211267606,"1","0","0",0.674626865671642,"0","1","1","0","0","1"
"0",0.253521126760563,"1","0","0",0.0199004975124378,"0","0","0","1","0","0"
"0",0.408450704225352,"1","0","0",0.665671641791045,"1","1","1","0","0","1"
"0",0.929577464788732,"1","0","1",0.0114427860696517,"0","0","0","0","1","0"
"1",1,"1","1","1",0.839800995024876,"0","1","1","0","1","0"
"0",0.732394366197183,"1","0","0",0.0164179104477612,"0","0","0","0","1","0"
"0",0.0563380281690141,"1","0","0",0.0129353233830846,"0","0","0","1","0","1"
"1",0.985915492957746,"1","0","1",0.76865671641791,"0","1","1","0","1","0"
"0",0.690140845070423,"1","1","1",0.655721393034826,"0","1","0","1","0","0"
"0",0.774647887323944,"1","1","1",0.845273631840796,"0","1","1","0","1","1"
"0",0.0140845070422535,"1","0","1",0.317910447761194,"0","1","0","0","0","0"
"1",0.0140845070422535,"1","1","1",0.699502487562189,"1","1","1","0","0","1"
"0",0.323943661971831,"1","1","0",0.36318407960199,"1","1","0","0","0","1"
"0",0.633802816901408,"1","0","0",0.0169154228855721,"0","0","0","0","1","0"
"0",0.985915492957746,"1","1","1",0.975124378109453,"0","1","1","0","1","1"
"0",0.394366197183099,"0","0","1",0.128855721393035,"0","1","0","0","0","1"
"0",0.957746478873239,"1","1","0",0.0616915422885572,"0","0","0","0","1","0"
"0",0.985915492957746,"1","1","0",0.656218905472637,"0","1","0","0","1","0"
"1",0,"1","0","1",0.726865671641791,"1","1","1","0","0","1"
"1",0.774647887323944,"1","0","1",0.670646766169154,"0","1","0","0","1","0"
"0",0.774647887323944,"1","0","1",0.0293532338308458,"0","0","0","1","0","0"
"0",0,"1","0","1",0.609452736318408,"1","1","1","0","0","1"
"0",0.380281690140845,"1","1","0",0.072636815920398,"0","0","0","1","0","0"
"0",0.253521126760563,"1","0","0",0.0194029850746269,"0","0","0","0","0","0"
"0",0.915492957746479,"1","1","0",0.453731343283582,"0","1","0","0","0","1"
"0",0.225352112676056,"1","1","1",0.434825870646766,"0","1","0","1","0","0"
"0",0.71830985915493,"1","1","0",0.0746268656716418,"0","0","0","0","1","0"
"0",0.253521126760563,"1","0","0",0.397512437810945,"0","1","0","1","0","1"
"0",0.492957746478873,"1","0","0",0.672636815920398,"0","1","0","1","0","0"
"1",0.0845070422535211,"1","0","1",0.51592039800995,"1","0","1","0","0","0"
"0",1,"1","1","1",0.862189054726368,"0","1","1","1","0","0"
"0",0.929577464788732,"1","1","1",0.925870646766169,"1","1","1","1","0","1"
"1",0.464788732394366,"1","0","1",0.811940298507463,"0","1","1","1","0","1"
"1",0.788732394366197,"1","1","1",0.766169154228856,"1","1","1","0","0","0"
"0",0.0845070422535211,"1","0","1",0.676616915422886,"1","1","1","0","0","1"
"1",0,"1","1","1",0.821393034825871,"1","1","1","0","0","1"
"0",0.0985915492957746,"1","0","1",0.0129353233830846,"0","0","0","0","0","0"
"0",0.957746478873239,"1","1","0",0.853233830845771,"0","1","1","0","1","1"
"0",0.690140845070423,"1","1","1",0.857213930348259,"0","1","1","1","0","0"
"0",0.126760563380282,"1","0","0",0.0124378109452736,"0","0","0","1","0","0"
"0",0.154929577464789,"1","1","0",0.0696517412935323,"0","0","0","0","1","0"
"0",0.183098591549296,"1","0","1",0.677114427860697,"1","1","1","0","0","1"
"0",0.971830985915493,"0","0","1",0.314427860696517,"0","1","0","0","1","0"
"1",0.887323943661972,"1","1","1",0.902487562189055,"0","1","1","0","0","0"
"0",0.915492957746479,"1","1","0",0.712935323383085,"0","1","0","0","1","0"
"0",0.985915492957746,"1","0","1",0.634328358208955,"0","1","0","0","1","0"
"1",0.267605633802817,"1","0","0",0.713432835820896,"0","1","1","0","0","1"
"0",1,"1","0","1",0.607960199004975,"0","1","0","0","1","0"
"0",0.985915492957746,"1","0","0",0.455721393034826,"0","1","0","0","1","0"
"0",0.52112676056338,"1","1","1",0.824875621890547,"0","1","1","0","0","0"
"0",0.380281690140845,"1","1","1",0.713432835820896,"1","1","1","0","0","1"
"1",0.225352112676056,"1","0","1",0.57910447761194,"1","1","1","0","0","1"
"0",0.450704225352113,"0","0","1",0.207462686567164,"0","1","0","1","0","1"
"0",0.309859154929577,"0","0","0",0.162686567164179,"0","1","0","0","1","0"
"0",0.802816901408451,"1","0","1",0.0129353233830846,"0","0","0","1","0","1"
"1",0.971830985915493,"1","1","1",0.85771144278607,"0","1","1","0","1","0"
"0",0.0422535211267606,"1","0","0",0.519900497512438,"0","0","1","0","0","1"
"0",0.619718309859155,"1","0","0",0.0208955223880597,"0","0","0","0","1","0"
"0",0.126760563380282,"1","0","1",0.514925373134328,"1","0","1","0","0","1"
"0",0.492957746478873,"1","0","0",0.0119402985074627,"0","0","0","0","1","0"
"0",0.746478873239437,"1","0","1",0.513930348258707,"0","1","0","0","0","0"
"0",0.309859154929577,"1","1","0",0.412437810945274,"0","1","0","0","1","0"
"0",0.563380281690141,"1","1","1",0.598009950248756,"0","1","0","1","0","0"
"1",0.0563380281690141,"1","0","1",0.529353233830846,"0","0","1","0","0","0"
"0",0.366197183098592,"0","0","1",0.274626865671642,"0","1","0","1","0","0"
"0",0,"1","0","1",0.772139303482587,"0","1","1","0","0","1"
"0",0.929577464788732,"0","0","0",0.17363184079602,"0","1","0","0","1","0"
"1",1,"1","1","1",0.709452736318408,"0","1","0","0","1","0"
"0",0.774647887323944,"1","1","1",0.0666666666666667,"0","0","0","0","1","0"
"0",0.605633802816901,"1","1","0",0.0656716417910448,"0","0","0","1","0","1"
"1",0.915492957746479,"1","1","1",0.821393034825871,"0","1","1","0","0","1"
"0",0.464788732394366,"1","1","1",0.459203980099503,"1","1","0","1","0","0"
"0",0.957746478873239,"1","1","0",0.866666666666667,"0","1","1","0","1","0"
"0",0,"1","1","1",0.837810945273632,"1","1","1","0","0","1"
"0",0.549295774647887,"1","0","0",0.0139303482587065,"0","0","0","0","1","0"
"0",0.408450704225352,"1","1","1",0.360199004975124,"0","1","0","0","0","0"
"0",0.140845070422535,"1","0","0",0.519900497512438,"0","1","0","0","0","0"
"0",0.197183098591549,"1","0","0",0.018407960199005,"0","0","0","1","0","0"
"0",0.140845070422535,"1","0","1",0.508457711442786,"0","1","0","0","0","1"
"0",0.887323943661972,"1","0","0",0.0154228855721393,"0","0","0","1","0","0"
"1",1,"1","0","0",0.558706467661692,"0","1","0","0","1","0"
"1",1,"1","1","1",0.744278606965174,"0","1","1","0","1","0"
"0",0,"1","0","0",0.327860696517413,"0","1","0","0","0","0"
"0",0.197183098591549,"1","0","0",0.471144278606965,"0","1","0","1","0","0"
"0",0.830985915492958,"1","1","0",0.619900497512438,"0","1","0","1","0","0"
"0",0.774647887323944,"1","0","0",0.342786069651741,"0","1","0","1","0","0"
"0",0.0985915492957746,"1","0","0",0.0258706467661692,"0","0","0","0","1","0"
"0",0.028169014084507,"1","0","0",0.615422885572139,"1","1","1","0","0","0"
"0",0.676056338028169,"1","1","1",0.337313432835821,"0","0","0","0","0","0"
"0",0.0140845070422535,"1","0","1",0.616417910447761,"1","1","1","0","0","1"
"0",0.0704225352112676,"1","0","1",0.795024875621891,"1","1","1","0","0","0"
"0",0.971830985915493,"1","1","1",0.962189054726368,"0","1","1","0","1","0"
"0",0.154929577464789,"1","1","1",0.94228855721393,"1","1","1","0","0","0"
"1",0.71830985915493,"1","0","1",0.85771144278607,"0","1","1","1","0","0"
"0",1,"1","1","1",0.949253731343284,"0","1","1","0","1","0"
"0",0.549295774647887,"1","0","1",0.0233830845771144,"0","0","0","0","1","0"
"0",0,"1","0","0",0.523880597014925,"1","0","1","0","0","0"
"1",0.028169014084507,"1","0","1",0.682587064676617,"1","1","1","0","0","1"
"1",0.549295774647887,"1","0","1",0.729353233830846,"0","1","1","0","0","1"
"0",0,"1","0","1",0.314427860696517,"0","1","0","0","0","1"
"0",0.408450704225352,"1","0","0",0.0154228855721393,"0","0","0","1","0","0"
"0",0.309859154929577,"1","0","1",0.811940298507463,"1","1","1","0","0","1"
"0",0,"1","1","1",0.559701492537313,"1","0","1","0","0","1"
"1",0.605633802816901,"1","1","0",0.854726368159204,"0","1","1","0","0","1"
"0",0.901408450704225,"1","1","1",0.904477611940299,"1","1","1","0","0","1"
"1",0.0845070422535211,"1","0","1",0.298009950248756,"0","1","0","0","0","1"
"1",1,"1","1","1",0.0681592039800995,"0","0","0","0","1","0"
"1",0.0985915492957746,"1","1","1",0.814925373134328,"0","1","1","0","0","0"
"0",0.211267605633803,"1","1","1",0.467164179104478,"1","1","0","0","0","0"
"1",0.915492957746479,"1","1","1",0.808457711442786,"1","1","1","0","0","0"
"0",0,"1","0","1",0.530348258706468,"1","0","1","0","0","0"
"0",0.028169014084507,"1","0","0",0.374626865671642,"0","1","0","0","0","0"
"0",0.732394366197183,"1","1","0",0.75273631840796,"1","1","1","0","0","1"
"1",0.0985915492957746,"1","0","1",0.459203980099503,"0","1","0","0","0","0"
"1",0.957746478873239,"1","1","1",0.897014925373134,"1","1","1","0","1","0"
"0",0.0563380281690141,"1","0","1",0.667164179104478,"0","1","1","0","0","0"
"0",1,"1","1","0",0.887562189054726,"0","1","1","0","1","0"
"0",0.169014084507042,"0","0","1",0.303482587064677,"1","1","0","0","0","0"
"0",0.0422535211267606,"1","1","1",0.670646766169154,"1","1","1","0","0","1"
"0",0.746478873239437,"1","1","0",0.726865671641791,"0","1","0","0","1","0"
"0",1,"1","1","0",0.67363184079602,"0","1","0","0","1","0"
"0",0.154929577464789,"1","1","1",0.880099502487562,"1","1","1","0","0","1"
"0",0,"0","0","1",0.0686567164179104,"1","0","0","0","0","1"
"1",0,"1","0","0",0.2681592039801,"0","0","0","0","0","1"
"0",0.746478873239437,"1","1","0",0.916417910447761,"1","1","1","1","0","1"
"0",0.957746478873239,"1","1","1",0.606467661691542,"0","1","1","0","1","0"
"0",0.661971830985915,"1","0","0",0.370646766169154,"0","1","0","0","1","0"
"0",0.661971830985915,"1","1","1",0.845771144278607,"1","1","1","1","0","0"
"0",0.0985915492957746,"1","1","1",0.716417910447761,"0","1","1","0","0","1"
"0",0.985915492957746,"1","1","1",0.72636815920398,"0","1","0","0","1","0"
"0",0.0140845070422535,"1","0","1",0.294029850746269,"1","1","0","0","0","1"
"0",0.929577464788732,"1","0","1",0.822388059701493,"0","1","1","1","0","0"
"0",0.464788732394366,"1","1","1",0.790547263681592,"0","1","1","0","0","0"
"0",0.028169014084507,"1","0","1",0.513432835820895,"0","0","1","0","0","1"
"0",0.112676056338028,"1","0","1",0.471144278606965,"0","1","0","1","0","0"
"0",0.985915492957746,"1","0","1",0.859701492537314,"0","1","1","1","0","0"
"0",0.788732394366197,"1","1","1",0.718407960199005,"0","1","1","0","1","0"
"0",1,"0","0","1",0.452238805970149,"0","1","0","0","1","0"
"1",0.661971830985915,"1","0","1",0.858208955223881,"0","1","1","0","0","1"
"0",0.23943661971831,"1","0","0",0.018407960199005,"0","0","0","1","0","0"
"0",0.591549295774648,"1","1","1",0.856218905472637,"0","1","1","1","0","0"
"0",1,"1","1","1",0.746268656716418,"0","1","0","0","1","0"
"0",0.47887323943662,"1","1","1",0.549253731343284,"0","1","0","1","0","0"
"0",0.0422535211267606,"1","0","0",0.0243781094527363,"0","0","0","0","0","0"
"0",0.676056338028169,"1","1","0",0.0696517412935323,"0","0","0","0","1","0"
"0",0.985915492957746,"1","1","0",0.818407960199005,"0","1","1","0","1","0"
"0",0.140845070422535,"1","0","0",0.719900497512438,"0","1","1","0","0","1"
"0",0.873239436619718,"1","1","1",0.707960199004975,"0","1","0","0","1","0"
"1",0.901408450704225,"1","1","1",0.7681592039801,"0","1","1","0","0","0"
"0",0.676056338028169,"1","0","0",0.0218905472636816,"0","0","0","0","1","0"
"0",0.394366197183099,"1","1","1",0.799502487562189,"1","1","1","0","0","0"
"1",0.197183098591549,"1","1","1",0.644776119402985,"1","1","1","0","0","1"
"0",0.0422535211267606,"1","0","1",0.0169154228855721,"0","0","0","0","0","1"
"0",1,"1","1","0",0.904477611940299,"0","1","1","1","0","0"
"1",0.352112676056338,"1","0","1",0.671144278606965,"0","1","1","0","0","0"
"1",0.47887323943662,"1","1","0",0.833830845771144,"0","1","1","0","0","0"
"0",0.788732394366197,"1","1","0",0.760696517412935,"0","1","1","1","0","1"
"0",0.380281690140845,"1","1","0",0.459203980099503,"0","1","0","0","0","1"
"0",0.338028169014085,"1","1","1",0.0850746268656716,"0","0","0","1","0","0"
"0",0.647887323943662,"1","0","1",0.475621890547264,"0","1","0","1","0","0"
"0",0.788732394366197,"1","1","0",0.467164179104478,"0","1","0","0","0","0"
"1",0.211267605633803,"1","1","1",0.664676616915423,"0","1","1","0","0","0"
"0",0.0563380281690141,"1","0","1",0.37363184079602,"0","1","0","0","0","0"
"0",0.225352112676056,"1","0","1",0.518905472636816,"1","0","1","0","0","0"
"1",0.774647887323944,"1","1","1",0.860696517412935,"1","1","1","1","0","0"
"0",1,"1","0","0",0.0169154228855721,"0","0","0","0","1","0"
"1",0.28169014084507,"1","1","1",0.756218905472637,"1","1","1","0","0","1"
"0",0.661971830985915,"0","0","0",0.266169154228856,"0","1","0","1","0","0"
"0",0.943661971830986,"1","1","0",0.961691542288557,"0","1","1","0","1","0"
"0",0.408450704225352,"1","1","0",0.877114427860697,"0","1","1","0","0","0"
"0",0.028169014084507,"1","0","1",0.277114427860697,"0","0","0","0","0","0"
"1",0.183098591549296,"0","0","0",0.213432835820896,"0","1","0","0","1","0"
"0",0.0422535211267606,"1","0","1",0.017910447761194,"0","0","0","0","0","0"
"0",0.985915492957746,"1","1","1",0.771144278606965,"0","1","1","0","1","0"
"0",0.0985915492957746,"1","1","0",0.0611940298507463,"0","0","0","1","0","0"
"0",0.845070422535211,"0","0","0",0.15273631840796,"0","1","0","0","0","0"
"0",1,"1","1","0",0.718407960199005,"0","1","1","0","1","0"
"0",0.0563380281690141,"1","1","1",0.654228855721393,"0","1","1","0","0","1"
"0",0.676056338028169,"1","0","0",0.489054726368159,"0","1","0","0","1","0"
"0",0.0985915492957746,"1","0","1",0.0144278606965174,"0","0","0","0","0","0"
"0",0.028169014084507,"1","0","1",0.617910447761194,"0","1","1","0","0","1"
"0",0.112676056338028,"1","0","0",0.0134328358208955,"0","0","0","0","1","0"
"0",0.929577464788732,"1","0","1",0.35771144278607,"0","1","0","0","1","0"
"0",0.633802816901408,"1","0","1",0.2681592039801,"0","0","0","0","0","0"
"0",0.929577464788732,"1","1","0",0.565671641791045,"0","1","0","1","0","0"
"0",0.76056338028169,"1","0","0",0.0144278606965174,"0","0","0","1","0","1"
"0",0.450704225352113,"1","1","1",0.54228855721393,"0","1","0","0","0","0"
"0",0.859154929577465,"1","0","0",0.017910447761194,"0","0","0","0","1","0"
"0",0,"1","0","0",0.275621890547264,"1","0","0","0","0","0"
"0",0.676056338028169,"0","0","1",0.208457711442786,"0","1","0","0","0","1"
"0",0,"1","0","1",0.263681592039801,"0","0","0","0","0","1"
"0",0.183098591549296,"1","1","1",0.640796019900498,"0","1","1","0","0","1"
"1",0.23943661971831,"1","1","0",0.75273631840796,"0","1","1","0","0","0"
"1",0,"1","0","1",0.516417910447761,"1","0","1","0","0","1"
"0",0,"1","0","1",0.669651741293532,"1","1","1","0","0","0"
"0",1,"1","1","1",0.98407960199005,"0","1","1","0","1","0"
"0",0.887323943661972,"1","1","0",0.805970149253731,"0","1","1","0","1","0"
"0",0.957746478873239,"1","1","1",0.938308457711443,"0","1","1","0","1","0"
"0",0,"1","1","1",0.0741293532338308,"0","0","0","0","0","1"
"0",0.985915492957746,"1","1","0",0.716915422885572,"0","1","0","0","1","0"
"0",0.915492957746479,"1","0","1",0.309950248756219,"0","1","0","1","0","0"
"0",0.0140845070422535,"1","0","0",0.0114427860696517,"0","0","0","0","0","0"
"1",0.985915492957746,"1","0","1",0.909950248756219,"0","1","1","0","1","0"
"0",0.140845070422535,"1","0","1",0.427860696517413,"0","1","0","1","0","1"
"0",0.647887323943662,"1","0","1",0.36865671641791,"0","1","0","0","0","1"
"0",0.47887323943662,"1","0","1",0.517910447761194,"1","0","1","0","0","1"
"1",0.436619718309859,"1","1","0",0.876616915422886,"1","1","1","0","0","0"
"0",0.830985915492958,"1","1","1",0.850746268656716,"0","1","1","0","0","0"
"0",0.140845070422535,"1","0","0",0.0124378109452736,"0","0","0","1","0","0"
"0",0.394366197183099,"0","0","0",0.211442786069652,"0","1","0","1","0","0"
"0",0.28169014084507,"0","0","1",0.0776119402985075,"0","0","0","0","0","1"
"1",0.661971830985915,"1","1","1",0.724378109452736,"0","1","1","0","0","0"
"0",0.028169014084507,"0","0","0",0.113432835820896,"0","1","0","0","0","0"
"0",0.591549295774648,"1","0","0",0.317910447761194,"0","1","0","0","0","0"
"0",0.0563380281690141,"1","1","0",0.866169154228856,"0","1","1","0","0","1"
"0",0,"1","0","1",0.370149253731343,"0","1","0","0","0","1"
"0",0.985915492957746,"1","1","0",0.66865671641791,"0","1","0","1","0","1"
"0",0.0985915492957746,"1","0","0",0.0154228855721393,"0","0","0","1","0","1"
"0",0.0985915492957746,"1","1","1",0.407960199004975,"0","1","0","0","0","1"
"0",0.267605633802817,"1","1","1",0.72089552238806,"0","1","1","0","0","0"
"0",0.450704225352113,"1","1","1",0.850248756218905,"1","1","1","1","0","0"
"0",0.985915492957746,"1","1","1",0.604975124378109,"0","1","1","1","0","0"
"1",0.422535211267606,"1","1","1",0.72089552238806,"0","1","1","1","0","1"
"1",0.52112676056338,"1","1","0",0.763681592039801,"0","1","1","1","0","0"
"0",0,"1","0","1",0.697512437810945,"1","1","1","0","0","1"
"0",0.0140845070422535,"0","0","1",0.119402985074627,"0","1","0","0","0","0"
"0",0.154929577464789,"0","0","1",0.314427860696517,"0","1","0","0","0","0"
"0",0.112676056338028,"1","0","0",0.743781094527363,"0","1","1","0","0","0"
"1",0.140845070422535,"1","0","1",0.361194029850746,"0","1","0","0","0","1"
"0",0.0704225352112676,"1","0","0",0.0144278606965174,"0","0","0","0","0","0"
"0",0.985915492957746,"1","0","1",0.662189054726368,"0","1","0","1","0","0"
"0",0.577464788732394,"1","1","1",0.758208955223881,"0","1","1","1","0","0"
"0",0.0985915492957746,"1","0","1",0.755721393034826,"1","1","1","0","0","1"
"0",0.0563380281690141,"1","0","1",0.776119402985075,"1","1","1","0","0","1"
"0",0.0140845070422535,"1","0","1",0.521890547263682,"1","0","1","0","0","1"
"0",0.619718309859155,"1","0","0",0.0258706467661692,"0","0","0","0","1","0"
"0",0.380281690140845,"0","0","1",0.415422885572139,"0","1","0","1","0","0"
"0",0.591549295774648,"1","1","0",0.618905472636816,"0","1","1","0","0","1"
"0",0.830985915492958,"1","1","1",0.663681592039801,"0","1","0","0","1","1"
"0",0.577464788732394,"0","0","0",0.152238805970149,"1","1","0","1","0","0"
"0",0.0845070422535211,"0","0","0",0.312437810945274,"0","1","0","0","1","0"
"0",0.338028169014085,"1","0","1",0.0194029850746269,"0","0","0","1","0","0"
"1",0.549295774647887,"1","1","1",0.759203980099502,"1","1","1","0","0","0"
"0",0.366197183098592,"1","1","1",0.818407960199005,"0","1","1","1","0","0"
"0",0.126760563380282,"0","0","0",0.174129353233831,"0","1","0","0","0","1"
"1",0.366197183098592,"1","1","1",0.678606965174129,"0","1","1","0","0","0"
"0",0.140845070422535,"1","0","0",0.353731343283582,"0","1","0","1","0","0"
"0",0.0422535211267606,"0","0","0",0.201990049751244,"0","1","0","0","0","0"
"0",0.943661971830986,"0","0","1",0.215422885572139,"0","1","0","0","0","0"
"1",0,"1","0","1",0.515422885572139,"0","0","1","0","0","1"
"0",0.23943661971831,"1","0","0",0.018407960199005,"0","0","0","1","0","0"
"0",0.788732394366197,"1","1","1",0.94228855721393,"1","1","1","0","1","0"
"0",0.352112676056338,"1","0","1",0.0203980099502488,"0","0","0","0","0","1"
"0",0.225352112676056,"0","0","1",0.173134328358209,"0","1","0","0","0","0"
"0",0,"0","0","0",0.175621890547264,"1","1","0","0","0","1"
"0",0.52112676056338,"1","1","1",0.805970149253731,"1","1","1","0","0","0"
"1",0.816901408450704,"1","0","1",0.643781094527363,"0","1","1","1","0","0"
"0",0.408450704225352,"1","0","1",0.372139303482587,"0","1","0","0","1","0"
"1",0.0140845070422535,"0","0","1",0.0616915422885572,"1","0","0","0","0","0"
"1",0.690140845070423,"1","1","0",0.0691542288557214,"0","0","0","1","0","1"
"0",0.112676056338028,"0","0","0",0.323880597014925,"0","1","0","1","0","0"
"0",0.028169014084507,"1","0","0",0.0139303482587065,"0","0","0","0","0","0"
"0",0.183098591549296,"1","0","1",0.413432835820896,"0","1","0","0","0","0"
"1",0.422535211267606,"1","0","1",0.550248756218905,"0","1","1","0","0","0"
"0",0.0845070422535211,"1","0","0",0.429353233830846,"0","1","0","0","0","1"
"0",0.0985915492957746,"1","1","1",0.846766169154229,"1","1","1","0","0","0"
"0",0.225352112676056,"1","0","0",0.0164179104477612,"0","0","0","1","0","0"
"0",0.436619718309859,"1","0","1",0.0119402985074627,"0","0","0","0","0","0"
"1",0.0140845070422535,"1","0","0",0.629353233830846,"0","1","1","0","0","0"
"1",0.0845070422535211,"1","1","1",0.662189054726368,"1","1","1","0","0","1"
"0",1,"1","1","0",0.908457711442786,"0","1","1","0","1","0"
"1",0.422535211267606,"1","1","1",0.812935323383085,"1","1","1","0","0","1"
"0",0.366197183098592,"1","0","0",0.558706467661692,"0","1","1","0","0","0"
"0",0.23943661971831,"1","1","1",0.713930348258706,"1","1","1","0","0","0"
"0",0.0845070422535211,"1","0","1",0.563681592039801,"0","1","1","0","0","1"
"1",0.183098591549296,"1","1","1",0.861691542288557,"1","1","1","0","0","1"
"0",0.140845070422535,"1","0","1",0.411940298507463,"0","1","0","0","0","0"
"0",1,"1","1","1",0.917412935323383,"0","1","1","0","1","0"
"0",0.380281690140845,"1","1","0",0.874129353233831,"1","1","1","1","0","1"
"1",0.197183098591549,"1","1","1",0.556716417910448,"1","0","1","0","0","0"
"1",0.0422535211267606,"1","1","1",0.559203980099503,"0","0","1","0","0","1"
"0",0.985915492957746,"1","1","0",0.0626865671641791,"0","0","0","0","1","1"
"0",0.0563380281690141,"1","0","1",0.707462686567164,"1","1","1","0","0","1"
"0",0.647887323943662,"1","1","0",0.0626865671641791,"0","0","0","0","1","0"
"1",0.788732394366197,"1","0","1",0.720398009950249,"0","1","1","1","0","1"
"1",0.690140845070423,"1","1","1",0.863681592039801,"0","1","1","0","1","0"
"0",0.0985915492957746,"1","0","1",0.0218905472636816,"0","0","0","0","0","0"
"0",0.661971830985915,"1","0","0",0.0129353233830846,"0","0","0","0","1","0"
"0",0.971830985915493,"1","0","0",0.0144278606965174,"0","0","0","1","0","0"
"0",0,"1","0","1",0.519402985074627,"0","1","0","0","0","0"
"0",0.0985915492957746,"1","1","1",0.670646766169154,"0","1","1","0","0","0"
"0",0,"1","1","1",0.586069651741294,"1","0","1","0","0","1"
"0",0,"0","0","1",0.169154228855721,"1","1","0","0","0","0"
"0",0.830985915492958,"1","0","0",0.0228855721393035,"0","0","0","0","1","0"
"0",0.676056338028169,"1","1","1",0.793034825870647,"0","1","1","1","0","1"
"0",0.0422535211267606,"0","0","1",0.301492537313433,"1","1","0","0","0","1"
"0",0.394366197183099,"1","0","0",0.0174129353233831,"0","0","0","1","0","0"
"0",0.929577464788732,"1","1","1",0.0696517412935323,"0","0","0","0","1","0"
"0",0.732394366197183,"1","1","1",0.797512437810945,"1","1","1","0","0","0"
"0",0.929577464788732,"1","1","0",0.523880597014925,"0","1","0","0","1","0"
"0",0.0704225352112676,"1","0","0",0.0159203980099503,"0","0","0","0","0","0"
"0",0.647887323943662,"1","1","1",0.876616915422886,"0","1","1","0","0","1"
"0",0.732394366197183,"1","0","0",0.808457711442786,"0","1","1","0","1","0"
"0",0.957746478873239,"1","0","1",0.661194029850746,"0","1","0","0","1","0"
"0",0.028169014084507,"1","0","1",0.674626865671642,"0","1","1","0","0","0"
"0",0.0422535211267606,"1","0","0",0.261691542288557,"0","0","0","0","0","0"
"0",0.774647887323944,"1","1","1",0.573134328358209,"0","1","0","0","1","0"
"1",0.816901408450704,"1","1","1",0.752238805970149,"1","1","1","0","0","0"
"1",0.845070422535211,"1","1","0",0.0671641791044776,"0","0","0","0","1","0"
"0",0.0140845070422535,"1","0","1",0.266169154228856,"0","0","0","0","0","1"
"1",0.633802816901408,"1","1","1",0.820398009950249,"1","1","1","0","0","1"
"0",0.154929577464789,"1","0","0",0.0223880597014925,"0","0","0","0","0","0"
"0",0.183098591549296,"1","1","1",0.618905472636816,"1","1","1","0","0","1"
"0",0.380281690140845,"1","1","1",0.718407960199005,"0","1","1","1","0","1"
"0",0.323943661971831,"1","0","0",0.419900497512438,"0","1","0","0","0","0"
"0",0.422535211267606,"1","0","1",0.368159203980099,"1","1","0","0","0","1"
"0",0.943661971830986,"1","1","1",0.599004975124378,"0","1","0","1","0","1"
"0",0.535211267605634,"1","1","0",0.818905472636816,"0","1","1","0","1","0"
"0",0.577464788732394,"1","0","0",0.0208955223880597,"0","0","0","0","0","0"
"0",0.169014084507042,"0","0","1",0.360199004975124,"1","1","0","0","0","1"
"0",0.0704225352112676,"1","1","1",0.721393034825871,"0","1","1","0","0","1"
"0",0.47887323943662,"1","1","0",0.568159203980099,"1","0","1","0","0","0"
"0",0.52112676056338,"1","0","1",0.0199004975124378,"0","0","0","1","0","0"
"0",0.23943661971831,"1","0","0",0.017910447761194,"0","0","0","0","1","0"
"0",0.0422535211267606,"1","0","0",0.0134328358208955,"0","0","0","0","0","0"
"0",0.366197183098592,"1","0","1",0.353731343283582,"0","1","0","0","0","1"
"0",0.563380281690141,"1","0","0",0.516915422885572,"0","1","0","1","0","0"
"0",0.690140845070423,"1","0","0",0.569651741293532,"0","1","0","1","0","1"
"0",1,"1","0","0",0.0208955223880597,"0","0","0","0","1","1"
"0",0.971830985915493,"1","1","0",0.0776119402985075,"0","0","0","1","0","0"
"0",0.605633802816901,"1","0","0",0.0233830845771144,"0","0","0","1","0","0"
"0",0.0140845070422535,"1","0","1",0.571641791044776,"1","1","1","0","0","1"
"0",0.464788732394366,"1","0","1",0.018407960199005,"0","0","0","1","0","0"
"1",1,"1","1","0",0.0601990049751244,"0","0","0","0","1","0"
"0",0.985915492957746,"1","1","1",0.0621890547263682,"0","0","0","0","1","1"
"0",0.887323943661972,"1","1","1",0.917910447761194,"0","1","1","0","1","0"
"0",1,"1","1","1",0.0696517412935323,"0","0","0","0","1","0"
"0",0,"1","1","1",0.557213930348259,"1","0","1","0","0","0"
"1",0.394366197183099,"1","0","0",0.714925373134328,"0","1","1","1","0","0"
"0",0.309859154929577,"1","0","1",0.502487562189055,"0","1","0","1","0","0"
"0",0.71830985915493,"1","0","0",0.00945273631840795,"0","0","0","0","1","0"
"1",0.338028169014085,"1","1","1",0.710945273631841,"1","1","1","0","0","1"
"0",0.887323943661972,"1","1","1",0.963681592039801,"0","1","1","0","1","0"
"1",0.211267605633803,"1","1","1",0.777611940298508,"1","1","1","0","0","1"
"1",0,"1","0","1",0.509950248756219,"1","0","1","0","0","0"
"0",0.323943661971831,"1","1","1",0.809950248756219,"0","1","1","0","0","0"
"0",0.0140845070422535,"1","1","1",0.728358208955224,"0","1","1","0","0","1"
"0",0.464788732394366,"1","0","0",0.661691542288557,"0","1","0","0","1","0"
"1",0.492957746478873,"1","1","1",0.666666666666667,"1","1","1","0","0","0"
"0",0.732394366197183,"1","1","1",0.601990049751244,"0","1","0","1","0","0"
"0",0.647887323943662,"1","0","0",0.0199004975124378,"0","0","0","0","1","0"
"0",1,"1","0","0",0.0164179104477612,"0","0","0","0","1","0"
"0",1,"1","1","1",0.791044776119403,"0","1","1","0","1","0"
"0",0,"1","0","0",0.0114427860696517,"1","0","0","0","0","0"
"0",0.112676056338028,"1","1","1",0.64726368159204,"1","1","1","0","0","1"
"0",0.0985915492957746,"1","0","1",0.615422885572139,"1","1","1","0","0","0"
"1",0.619718309859155,"1","0","0",0.44228855721393,"1","1","0","1","0","0"
"0",0.0845070422535211,"1","0","1",0.817412935323383,"0","1","1","0","0","1"
"0",0.985915492957746,"1","1","1",0.0616915422885572,"0","0","0","0","1","0"
"1",0.563380281690141,"1","0","1",0.824378109452736,"0","1","1","1","0","0"
"0",0.929577464788732,"0","0","0",0.324875621890547,"0","1","0","0","1","0"
"0",0.957746478873239,"1","1","1",0.885074626865672,"0","1","1","1","0","0"
"1",0.971830985915493,"1","1","1",0.735820895522388,"0","1","0","0","1","0"
"0",0.338028169014085,"1","1","0",0.0701492537313433,"1","0","0","1","0","0"
"0",1,"1","1","0",0.946766169154229,"0","1","1","0","1","0"
"0",0.464788732394366,"0","0","1",0.221890547263682,"0","1","0","0","1","1"
"0",0.901408450704225,"1","1","0",0.0771144278606965,"0","0","0","0","1","0"
"0",0.971830985915493,"1","1","1",0.932338308457711,"0","1","1","0","1","0"
"0",1,"0","0","1",0.353731343283582,"0","1","0","0","1","0"
"0",0.47887323943662,"1","0","1",0.535820895522388,"0","1","0","1","0","0"
"0",0.169014084507042,"1","1","0",0.795024875621891,"1","1","1","0","0","0"
"0",0.154929577464789,"1","1","0",0.602985074626866,"0","1","0","1","0","1"
"0",0.859154929577465,"1","0","1",0.522388059701492,"0","1","0","1","0","0"
"0",0.338028169014085,"1","0","1",0.576119402985075,"0","1","0","0","0","0"
"0",0.71830985915493,"0","0","0",0.207462686567164,"0","1","0","0","1","0"
"1",0.0985915492957746,"1","0","1",0.514427860696517,"0","0","1","0","0","0"
"0",0.0140845070422535,"1","0","0",0.017910447761194,"0","0","0","0","0","0"
"0",0.774647887323944,"1","0","0",0.017910447761194,"0","0","0","0","1","0"
"0",0.154929577464789,"1","0","0",0.0119402985074627,"0","0","0","0","0","0"
"0",0.647887323943662,"1","1","0",0.0860696517412935,"0","0","0","1","0","1"
"1",0.0140845070422535,"1","0","0",0.00945273631840795,"0","0","0","0","0","1"
"0",0.23943661971831,"1","0","1",0.31592039800995,"0","1","0","0","0","0"
"0",0.0985915492957746,"1","0","1",0.415422885572139,"0","1","0","0","0","1"
"0",0.619718309859155,"1","1","1",0.659701492537313,"0","1","1","0","0","0"
"0",0.028169014084507,"1","0","0",0.270646766169154,"0","0","0","0","0","0"
"0",0.52112676056338,"1","0","0",0.017910447761194,"0","0","0","1","0","0"
"0",1,"1","1","1",0.968159203980099,"0","1","1","0","1","1"
"0",0.633802816901408,"1","1","1",0.750746268656716,"1","1","1","0","0","1"
"0",0.985915492957746,"1","1","1",0.803482587064677,"0","1","1","0","1","0"
"0",0.915492957746479,"0","0","0",0.321393034825871,"0","1","0","0","1","0"
"1",0.338028169014085,"1","1","0",0.872636815920398,"1","1","1","0","0","0"
"0",0.23943661971831,"1","1","1",0.634328358208955,"1","1","0","1","0","0"
"0",0.169014084507042,"1","1","1",0.0671641791044776,"0","0","0","0","1","0"
"0",0.901408450704225,"1","1","0",0.729353233830846,"0","1","0","0","1","0"
"0",0.830985915492958,"1","1","1",0.771144278606965,"1","1","1","0","0","1"
"0",0.197183098591549,"1","0","0",0.0109452736318408,"0","0","0","0","1","0"
"0",1,"1","1","0",0.0656716417910448,"0","0","0","0","1","0"
"0",0.408450704225352,"1","1","1",0.754228855721393,"1","1","1","0","0","0"
"0",0.577464788732394,"1","0","1",0.817412935323383,"0","1","1","0","1","1"
"0",0.985915492957746,"1","1","0",0.0671641791044776,"0","0","0","0","1","0"
"0",0,"1","0","1",0.36318407960199,"1","1","0","0","0","0"
"1",0.535211267605634,"1","1","1",0.770149253731343,"1","1","1","0","0","0"
"0",0.47887323943662,"1","0","0",0.00995024875621891,"0","0","0","0","0","0"
"0",0.732394366197183,"1","0","1",0.895522388059702,"0","1","1","0","0","0"
"0",0,"1","1","1",0.759701492537313,"1","1","1","0","0","1"
"1",0.422535211267606,"1","0","1",0.802487562189055,"1","1","1","0","0","1"
"0",0.661971830985915,"1","0","0",0.0189054726368159,"0","0","0","0","1","0"
"1",0.408450704225352,"1","1","1",0.82636815920398,"0","1","1","0","0","1"
"0",0.126760563380282,"1","0","0",0.0174129353233831,"0","0","0","0","0","0"
"0",0.154929577464789,"1","1","1",0.866169154228856,"0","1","1","0","0","1"
"1",0.788732394366197,"1","0","0",0.513432835820895,"0","1","0","0","1","0"
"0",0.802816901408451,"1","0","1",0.467661691542289,"0","1","0","0","0","0"
"0",0.507042253521127,"1","0","0",0.0154228855721393,"0","0","0","0","1","0"
"0",0.605633802816901,"1","0","0",0.0134328358208955,"0","0","0","0","0","0"
"0",0.366197183098592,"1","0","0",0.017910447761194,"0","0","0","1","0","0"
"0",0.0985915492957746,"1","0","0",0.309950248756219,"0","1","0","0","0","1"
"1",0.028169014084507,"1","1","1",0.575124378109453,"1","0","1","0","0","1"
"1",0.338028169014085,"1","0","0",0.698009950248756,"0","1","1","0","0","0"
"0",0.788732394366197,"1","1","1",0.819402985074627,"0","1","1","0","0","1"
"0",0.154929577464789,"1","0","0",0.0119402985074627,"0","0","0","0","0","0"
"0",0.859154929577465,"1","0","0",0.0203980099502488,"0","0","0","0","1","0"
"0",0.901408450704225,"1","1","1",0.88955223880597,"0","1","1","0","1","0"
"0",0.985915492957746,"1","1","1",0.618905472636816,"0","1","0","0","1","0"
"0",0.28169014084507,"1","0","1",0.403980099502488,"0","1","0","1","0","0"
"0",0.985915492957746,"1","1","1",0.908955223880597,"0","1","1","1","0","1"
"0",0.0845070422535211,"1","0","1",0.566169154228856,"0","1","1","0","0","1"
"0",1,"1","0","1",0.544776119402985,"0","1","0","0","1","0"
"0",0,"1","0","0",0.51592039800995,"0","0","1","0","0","1"
"0",1,"1","1","1",0.8,"0","1","1","0","1","0"
"0",0.887323943661972,"1","1","1",0.927363184079602,"0","1","1","1","0","1"
"0",1,"1","1","1",0.961691542288557,"0","1","1","0","1","1"
"0",0.394366197183099,"1","1","0",0.818905472636816,"0","1","1","0","0","0"
"0",0.169014084507042,"1","0","1",0.0213930348258706,"0","0","0","0","1","0"
"0",0.422535211267606,"1","1","0",0.856716417910448,"0","1","1","0","0","1"
"1",0,"1","0","1",0.512437810945274,"1","0","1","0","0","1"
"0",0.0845070422535211,"0","0","1",0.161691542288557,"1","1","0","0","0","1"
"0",0.845070422535211,"1","1","1",0.86865671641791,"1","1","1","0","0","1"
"0",0.535211267605634,"0","0","0",0.117910447761194,"1","1","0","0","0","0"
"0",0.126760563380282,"1","0","1",0.517910447761194,"1","0","1","0","0","1"
"0",0.183098591549296,"1","1","0",0.618905472636816,"0","1","0","0","0","0"
"0",0,"1","1","1",0.616417910447761,"1","1","1","0","0","0"
"0",0.929577464788732,"1","1","1",0.757213930348259,"1","1","1","1","0","0"
"0",1,"1","1","1",0.727363184079602,"0","1","0","0","1","0"
"0",0.0704225352112676,"1","0","1",0.262189054726368,"1","0","0","0","0","0"
"0",0,"1","0","1",0.0134328358208955,"1","0","0","0","0","0"
"0",0.338028169014085,"1","0","0",0.0164179104477612,"0","0","0","1","0","1"
"1",0.450704225352113,"1","1","1",0.917412935323383,"1","1","1","0","0","1"
"0",0.23943661971831,"1","0","1",0.498507462686567,"0","1","0","0","0","1"
"0",0.985915492957746,"1","0","1",0.60547263681592,"0","1","0","0","1","0"
"1",0.380281690140845,"1","1","1",0.325870646766169,"0","0","0","1","0","1"
"0",0.0140845070422535,"1","1","0",0.619900497512438,"0","1","1","0","0","0"
"0",0.225352112676056,"1","1","1",0.482089552238806,"0","1","0","0","0","0"
"0",0.774647887323944,"1","1","1",0.678109452736319,"0","1","1","0","0","1"
"0",0.830985915492958,"0","0","0",0.316417910447761,"0","1","0","1","0","1"
"0",0.450704225352113,"1","1","0",0.0741293532338308,"0","0","0","0","1","0"
"0",0,"1","0","1",0.648258706467662,"0","1","1","0","0","0"
"0",0.0140845070422535,"1","0","0",0.521890547263682,"1","0","1","0","0","0"
"0",0.873239436619718,"1","1","1",0.660696517412935,"0","1","1","0","1","0"
"1",0.0845070422535211,"1","1","1",0.805970149253731,"1","1","1","0","0","1"
"0",0.76056338028169,"1","0","1",0.462686567164179,"0","1","0","0","1","0"
"0",0.901408450704225,"1","1","1",0.814925373134328,"0","1","1","1","0","0"
"0",0,"1","0","1",0.662189054726368,"1","1","1","0","0","1"
"0",0.873239436619718,"1","1","0",0.0696517412935323,"0","0","0","0","1","0"
"1",0.971830985915493,"1","1","1",0.942786069651741,"0","1","1","0","1","0"
"0",0.492957746478873,"0","0","0",0.222885572139303,"0","1","0","0","1","0"
"0",0.71830985915493,"1","0","1",0.86318407960199,"1","1","1","1","0","0"
"0",0.295774647887324,"1","1","1",0.360199004975124,"1","1","0","0","0","1"
"0",0.295774647887324,"1","0","1",0.76318407960199,"0","1","1","0","0","0"
"1",0.0563380281690141,"1","0","0",0.414427860696517,"0","1","0","0","0","0"
"0",0.647887323943662,"1","0","1",0.667164179104478,"1","1","1","0","0","1"
"0",0.450704225352113,"1","1","1",0.647761194029851,"1","1","1","0","0","1"
"0",0.23943661971831,"0","0","1",0.151741293532338,"1","1","0","0","0","0"
"0",0,"1","0","0",0.0154228855721393,"0","0","0","0","0","0"
"0",0.774647887323944,"1","0","1",0.632338308457711,"0","1","0","0","1","0"
"0",0.0140845070422535,"1","0","1",0.0174129353233831,"0","0","0","0","0","0"
"0",0.47887323943662,"1","1","1",0.411442786069652,"0","1","0","0","0","1"
"0",0.887323943661972,"1","1","0",0.0671641791044776,"0","0","0","0","1","0"
"0",0.197183098591549,"1","1","1",0.65771144278607,"0","1","1","0","0","0"
"0",0.323943661971831,"1","0","1",0.717412935323383,"1","1","1","0","0","1"
"0",0,"1","0","0",0.371144278606965,"0","1","0","0","0","0"
"0",0.971830985915493,"1","0","0",0.568159203980099,"0","1","0","0","1","0"
"0",0,"1","0","1",0.721393034825871,"1","1","1","0","0","1"
"0",0.0422535211267606,"1","1","0",0.709950248756219,"1","1","1","0","0","0"
"0",0.535211267605634,"1","0","0",0.408457711442786,"0","1","0","1","0","1"
"0",0.394366197183099,"1","1","1",0.476119402985075,"0","1","0","0","0","1"
"0",0.183098591549296,"1","0","0",0.00547263681592041,"0","0","0","0","1","0"
"0",0.845070422535211,"1","1","0",0.678606965174129,"0","1","0","0","1","0"
"0",0.169014084507042,"1","0","1",0.33681592039801,"0","1","0","0","0","0"
"0",0.915492957746479,"0","0","1",0.290049751243781,"0","1","0","0","1","0"
"0",0.0140845070422535,"0","0","1",0.308457711442786,"1","1","0","0","0","1"
"0",0.816901408450704,"1","1","1",0.904477611940299,"0","1","1","1","0","0"
"0",0.859154929577465,"1","1","1",0.76318407960199,"0","1","1","1","0","0"
"1",0.450704225352113,"1","0","1",0.749253731343284,"0","1","1","1","0","1"
"0",0.915492957746479,"1","0","1",0.609452736318408,"0","1","0","0","1","0"
"0",1,"1","1","0",0.96318407960199,"0","1","1","0","1","0"
"0",0,"1","0","0",0.0149253731343284,"1","0","0","0","0","0"
"0",0.253521126760563,"1","1","1",0.765174129353234,"1","1","1","0","0","1"
"0",0.704225352112676,"1","1","1",0.765174129353234,"0","1","1","1","0","0"
"0",0.873239436619718,"1","1","0",0.867164179104478,"0","1","1","0","0","1"
"0",0.366197183098592,"1","0","0",0.018407960199005,"0","0","0","1","0","0"
"0",0.295774647887324,"1","1","1",0.826865671641791,"1","1","1","0","0","0"
"1",0.0422535211267606,"1","0","0",0.017910447761194,"0","0","0","0","0","0"
"0",0.577464788732394,"1","0","0",0.0243781094527363,"0","0","0","0","1","0"
"0",0.394366197183099,"1","0","0",0.0208955223880597,"0","0","0","1","0","0"
"0",0.0422535211267606,"1","0","1",0.515422885572139,"1","0","1","0","0","0"
"0",0.408450704225352,"1","0","0",0.0144278606965174,"0","0","0","1","0","0"
"0",0.0422535211267606,"1","1","1",0.561194029850746,"1","0","1","0","0","1"
"0",0.985915492957746,"1","0","0",0.66865671641791,"0","1","0","0","1","0"
"0",0.633802816901408,"0","0","0",0.220398009950249,"0","1","0","0","1","0"
"0",0.0422535211267606,"1","1","0",0.319900497512438,"1","0","0","0","0","0"
"0",0.0845070422535211,"1","1","1",0.610945273631841,"1","1","1","0","0","0"
"0",0.957746478873239,"1","1","1",0.865174129353234,"0","1","1","1","0","0"
"0",1,"1","1","0",0.819900497512438,"0","1","1","0","1","0"
"1",0.253521126760563,"1","1","1",0.612935323383085,"1","1","1","0","0","1"
"0",0.380281690140845,"1","0","0",0.723880597014925,"0","1","1","0","0","1"
"0",0.0563380281690141,"1","1","1",0.601990049751244,"1","1","1","0","0","1"
"1",1,"1","1","1",0.980099502487562,"0","1","1","0","1","0"
"1",0.0985915492957746,"1","0","1",0.618905472636816,"1","1","1","0","0","0"
"0",0.0845070422535211,"1","0","1",0.406467661691542,"0","1","0","1","0","1"
"0",0.295774647887324,"1","0","1",0.313930348258706,"0","1","0","0","0","1"
"0",1,"1","0","0",0.0104477611940299,"0","0","0","0","1","0"
"0",0.0985915492957746,"1","0","0",0.0139303482587065,"0","0","0","0","0","0"
"0",0.71830985915493,"1","1","1",0.628358208955224,"0","1","0","1","0","0"
"0",0.943661971830986,"0","0","0",0.20547263681592,"0","1","0","0","1","0"
"0",0.985915492957746,"1","1","0",0.693532338308458,"0","1","0","0","1","0"
"0",0.0140845070422535,"1","0","0",0.0159203980099503,"0","0","0","0","0","0"
"1",0.464788732394366,"1","1","1",0.777114427860697,"0","1","1","0","0","1"
"0",0.47887323943662,"0","0","0",0.0587064676616915,"0","0","0","0","0","1"
"0",0.845070422535211,"1","0","0",0.00845771144278608,"0","0","0","1","0","0"
"0",0,"1","0","0",0.256218905472637,"0","0","0","0","0","1"
"0",0,"1","1","1",0.316915422885572,"1","0","0","0","0","0"
"0",0.732394366197183,"1","0","0",0.421393034825871,"0","1","0","1","0","0"
"0",1,"1","1","0",0.0736318407960199,"0","0","0","0","1","0"
"0",0.0140845070422535,"1","0","0",0.578606965174129,"1","1","1","0","0","1"
"0",0.028169014084507,"1","0","1",0.800497512437811,"1","1","1","0","0","1"
"1",0.169014084507042,"1","1","1",0.821393034825871,"1","1","1","0","0","1"
"1",0.563380281690141,"0","0","1",0.355223880597015,"0","1","0","0","0","1"
"0",0.323943661971831,"1","0","0",0.0213930348258706,"0","0","0","1","0","0"
"0",0.380281690140845,"1","0","1",0.714925373134328,"1","1","1","1","0","0"
"0",0.0985915492957746,"0","0","0",0.11044776119403,"0","1","0","0","0","0"
"0",0,"1","0","1",0.0218905472636816,"0","0","0","0","0","0"
"0",0.746478873239437,"1","1","1",0.764676616915423,"0","1","1","0","1","0"
"0",0.563380281690141,"1","1","1",0.0696517412935323,"0","0","0","0","0","0"
"0",0.253521126760563,"1","0","0",0.265174129353234,"0","0","0","0","0","0"
"0",1,"1","1","0",0.740298507462687,"0","1","0","0","1","0"
"0",0.859154929577465,"0","0","1",0.253233830845771,"0","1","0","0","1","0"
"1",0.774647887323944,"1","0","1",0.540796019900497,"0","1","0","0","1","0"
"0",0.197183098591549,"1","1","0",0.33134328358209,"1","0","0","0","0","1"
"1",0.126760563380282,"1","0","1",0.606965174129353,"1","1","1","0","0","1"
"0",0.436619718309859,"1","0","0",0.00696517412935323,"0","0","0","0","1","0"
"0",0.28169014084507,"1","0","0",0.0223880597014925,"0","0","0","0","0","0"
"0",0.859154929577465,"1","0","0",0.0169154228855721,"0","0","0","1","0","0"
"0",0.0140845070422535,"0","0","0",0.0621890547263682,"0","0","0","0","0","1"
"0",0.366197183098592,"1","0","0",0.0233830845771144,"0","0","0","0","1","0"
"0",0.0563380281690141,"1","1","1",0.762189054726368,"1","1","1","0","0","0"
"0",0.338028169014085,"0","0","0",0.425870646766169,"0","1","0","1","0","1"
"0",0.0140845070422535,"1","1","1",0.671144278606965,"1","1","1","0","0","1"
"0",0.676056338028169,"1","1","1",0.879601990049751,"0","1","1","1","0","0"
"0",0.873239436619718,"1","1","0",0.895522388059702,"0","1","1","0","0","0"
"0",0.0422535211267606,"1","0","0",0.0213930348258706,"0","0","0","0","0","0"
"0",0,"1","0","1",0.36865671641791,"0","1","0","0","0","0"
"0",0.140845070422535,"1","0","0",0.0199004975124378,"0","0","0","0","0","0"
"1",0.71830985915493,"1","1","1",0.544278606965174,"0","0","1","0","0","0"
"1",0.830985915492958,"1","1","0",0.708457711442786,"0","1","1","0","0","1"
"0",0.887323943661972,"1","1","1",0.859701492537314,"0","1","1","1","0","0"
"0",0.591549295774648,"1","0","0",0.566666666666667,"0","1","0","0","1","0"
"0",0.845070422535211,"1","1","0",0.824875621890547,"0","1","1","1","0","0"
"0",0,"1","0","0",0.260199004975124,"1","0","0","0","0","0"
"1",0.0563380281690141,"1","0","1",0.708955223880597,"1","1","1","0","0","1"
"0",0.915492957746479,"1","1","0",0.502487562189055,"0","1","0","0","1","0"
"0",0.929577464788732,"1","0","1",0.923383084577114,"0","1","1","0","1","1"
"0",0.577464788732394,"1","0","1",0.803482587064677,"0","1","1","0","1","0"
"1",0,"1","1","1",0.674626865671642,"1","1","1","0","0","1"
"0",0.422535211267606,"1","0","0",0.027363184079602,"0","0","0","0","1","0"
"0",0.0845070422535211,"1","0","1",0.0114427860696517,"0","0","0","0","0","0"
"0",0.0422535211267606,"0","0","1",0.261691542288557,"1","1","0","0","0","1"
"0",0.464788732394366,"1","1","0",0.586567164179104,"0","1","0","1","0","0"
"0",0.028169014084507,"1","0","1",0.0119402985074627,"0","0","0","1","0","0"
"0",0.253521126760563,"0","0","1",0.0656716417910448,"0","0","0","0","0","0"
"0",0.422535211267606,"0","0","0",0.170646766169154,"1","1","0","0","0","0"
"0",0,"1","1","0",0.770149253731343,"1","1","1","0","0","0"
"0",0.028169014084507,"0","0","0",0.229850746268657,"0","1","0","0","0","0"
"0",0.633802816901408,"1","0","0",0.0134328358208955,"0","0","0","0","0","1"
"0",0,"1","0","0",0.026865671641791,"1","0","0","0","0","0"
"0",0.957746478873239,"1","1","0",0.658706467661692,"0","1","1","1","0","0"
"0",0.0563380281690141,"1","0","0",0.0199004975124378,"0","0","0","0","0","0"
"0",0,"1","0","0",0.0139303482587065,"0","0","0","0","0","0"
"0",0.352112676056338,"1","0","1",0.0238805970149254,"0","0","0","1","0","0"
"1",0.126760563380282,"0","0","1",0.163681592039801,"1","1","0","0","0","1"
"0",0.338028169014085,"1","0","0",0.806467661691542,"0","1","1","0","1","0"
"0",0.887323943661972,"1","0","0",0.624875621890547,"0","1","1","0","0","1"
"0",0.408450704225352,"1","1","0",0.491044776119403,"0","1","0","0","0","1"
"0",0.169014084507042,"1","0","1",0.516417910447761,"0","0","1","0","0","1"
"0",0.887323943661972,"1","1","1",0.962686567164179,"0","1","1","1","0","1"
"0",0.633802816901408,"1","1","1",0.662189054726368,"0","1","1","0","0","0"
"0",0.154929577464789,"1","0","0",0.0144278606965174,"0","0","0","1","0","0"
"0",0.197183098591549,"1","0","0",0.0149253731343284,"1","0","0","0","0","0"
"0",0.225352112676056,"1","1","1",0.739303482587065,"1","1","1","0","0","1"
"0",0.169014084507042,"1","0","1",0.446766169154229,"0","1","0","0","0","0"
"0",0.929577464788732,"1","1","0",0.554726368159204,"0","1","0","0","1","0"
"0",0.323943661971831,"0","0","0",0.107960199004975,"0","1","0","0","0","1"
"0",0.0704225352112676,"1","0","0",0.316417910447761,"0","1","0","0","0","0"
"1",0.732394366197183,"1","1","1",0.41592039800995,"1","1","0","1","0","1"
"1",0.211267605633803,"1","0","1",0.55771144278607,"1","1","1","0","0","0"
"0",0.126760563380282,"1","0","0",0.0174129353233831,"0","0","0","0","0","1"
"0",0.169014084507042,"1","0","1",0.561194029850746,"0","1","1","1","0","0"
"0",0.112676056338028,"1","1","1",0.667661691542288,"1","1","1","0","0","1"
"0",0.338028169014085,"1","0","0",0.55771144278607,"1","1","0","1","0","0"
"1",0.0845070422535211,"0","0","1",0.260199004975124,"0","1","0","0","0","1"
"0",0.52112676056338,"1","1","1",0.6681592039801,"0","1","0","0","1","0"
"0",0.591549295774648,"1","1","1",0.754726368159204,"0","1","1","0","0","1"
"0",0.0422535211267606,"1","0","1",0.79452736318408,"1","1","1","0","0","0"
"0",0.338028169014085,"1","1","0",0.901990049751244,"0","1","1","0","1","1"
"0",0.366197183098592,"1","0","0",0.377611940298507,"0","1","0","1","0","0"
"0",1,"1","1","0",0.0781094527363184,"0","0","0","0","1","0"
"0",0.985915492957746,"1","1","1",0.66865671641791,"0","1","1","1","0","0"
"0",0.323943661971831,"1","1","1",0.703482587064677,"0","1","1","0","0","0"
"0",0.690140845070423,"1","1","1",0.909452736318408,"1","1","1","0","1","1"
"0",0.788732394366197,"1","0","1",0.558208955223881,"0","1","0","0","1","0"
"0",0.197183098591549,"1","0","0",0.304477611940299,"0","1","0","0","0","1"
"0",0.0422535211267606,"1","1","1",0.615422885572139,"0","1","1","0","0","1"
"0",0.380281690140845,"1","0","0",0.376119402985075,"0","1","0","0","0","1"
"1",0.112676056338028,"1","1","1",0.560199004975124,"1","0","1","0","0","1"
"0",0.76056338028169,"1","1","1",0.711940298507463,"0","1","1","0","0","0"
"0",0.028169014084507,"1","1","1",0.822885572139303,"1","1","1","0","0","1"
"0",0.126760563380282,"1","0","1",0.762686567164179,"1","1","1","0","0","1"
"0",0.76056338028169,"1","0","0",0.00845771144278608,"0","0","0","1","0","0"
"0",0.267605633802817,"1","0","0",0.0208955223880597,"0","0","0","0","0","0"
"0",0.859154929577465,"1","1","1",0.87363184079602,"0","1","1","1","0","0"
"1",0.436619718309859,"1","1","1",0.862189054726368,"1","1","1","0","0","1"
"0",0.591549295774648,"1","0","1",0.0139303482587065,"0","0","0","0","1","0"
"0",0.112676056338028,"0","0","0",0.0582089552238806,"1","0","0","1","0","0"
"0",0.830985915492958,"1","0","0",0.413930348258707,"0","1","0","0","1","0"
"0",0.802816901408451,"1","1","1",0.675124378109453,"0","1","0","0","1","1"
"0",0.0845070422535211,"1","0","0",0.0119402985074627,"0","0","0","1","0","0"
"0",0.0140845070422535,"1","0","0",0.784577114427861,"0","1","1","0","0","1"
"1",0.507042253521127,"0","0","0",0.183084577114428,"0","1","0","0","0","1"
"1",0.901408450704225,"1","1","1",0.852238805970149,"0","1","1","1","0","0"
"0",0.535211267605634,"1","0","0",0.0149253731343284,"0","0","0","0","1","0"
"0",0.915492957746479,"1","1","1",0.853731343283582,"1","1","1","1","0","1"
"0",0.943661971830986,"1","1","0",0.0626865671641791,"0","0","0","0","1","0"
"0",0.859154929577465,"0","0","0",0.302985074626866,"0","1","0","0","1","0"
"0",0.028169014084507,"1","0","1",0.697512437810945,"1","1","1","0","0","0"
"0",1,"1","1","1",0.908457711442786,"0","1","1","0","1","1"
"0",0.563380281690141,"1","0","0",0.0238805970149254,"0","0","0","0","1","0"
"0",0.394366197183099,"1","0","0",0.760199004975124,"1","1","1","0","0","0"
"0",0.0422535211267606,"1","0","0",0.367661691542289,"0","1","0","0","0","1"
"0",0.732394366197183,"1","1","0",0.0577114427860697,"0","0","0","1","0","0"
"1",0,"1","1","1",0.558706467661692,"1","0","1","0","0","1"
"0",0.563380281690141,"1","1","0",0.613432835820896,"1","1","0","0","0","0"
"0",0.535211267605634,"1","0","1",0.0218905472636816,"0","0","0","0","1","0"
"0",0.873239436619718,"1","0","0",0.00995024875621891,"0","0","0","0","1","0"
"0",0.197183098591549,"1","1","1",0.0805970149253731,"0","0","0","0","0","1"
"0",0.169014084507042,"1","0","0",0.254228855721393,"0","0","0","1","0","1"
"0",0,"1","0","1",0.317412935323383,"0","1","0","0","0","0"
"0",0,"1","0","0",0.0218905472636816,"0","0","0","0","1","0"
"1",0.0985915492957746,"1","0","1",0.511940298507463,"1","0","1","0","0","1"
"0",0.830985915492958,"1","0","0",0.429353233830846,"0","1","0","0","1","1"
"1",0.154929577464789,"1","1","1",0.79452736318408,"1","1","1","0","0","1"
"0",0.549295774647887,"1","1","0",0.522388059701492,"0","1","0","1","0","0"
"0",0.915492957746479,"1","0","1",0.426865671641791,"0","1","0","0","1","0"
"0",0.577464788732394,"1","0","0",0.0199004975124378,"0","0","0","1","0","0"
"1",0.915492957746479,"1","1","1",0.453731343283582,"0","1","0","1","0","0"
"0",0.676056338028169,"1","1","0",0.800497512437811,"0","1","1","0","0","1"
"0",0,"1","0","0",0.0223880597014925,"1","0","0","0","0","0"
"0",0.563380281690141,"1","0","0",0.0174129353233831,"0","0","0","0","1","0"
"0",0.563380281690141,"1","0","0",0.0104477611940299,"0","0","0","0","1","0"
"0",0.309859154929577,"1","0","0",0.658208955223881,"0","1","1","0","0","0"
"0",0.028169014084507,"0","0","0",0.0681592039800995,"0","0","0","0","0","1"
"0",0.0422535211267606,"0","0","0",0.298507462686567,"0","1","0","0","0","0"
"0",0.71830985915493,"1","0","0",0.0159203980099503,"0","0","0","0","1","0"
"1",0.0422535211267606,"1","1","1",0.809452736318408,"1","1","1","0","0","1"
"0",0.140845070422535,"1","0","1",0.755721393034826,"0","1","1","0","0","1"
"0",0.0140845070422535,"1","0","1",0.43681592039801,"0","1","0","0","0","0"
"0",0.352112676056338,"1","1","0",0.607462686567164,"0","1","1","0","0","0"
"0",0.323943661971831,"1","0","1",0.378109452736318,"0","1","0","1","0","0"
"0",0.154929577464789,"1","0","0",0.0203980099502488,"0","0","0","0","0","0"
"1",0.830985915492958,"1","1","1",0.803482587064677,"0","1","1","0","0","1"
"0",0.887323943661972,"1","1","1",0.719900497512438,"0","1","0","0","1","0"
"0",0.915492957746479,"1","0","1",0.673134328358209,"0","1","0","0","1","0"
"0",0.830985915492958,"1","1","1",0.606467661691542,"0","1","1","1","0","0"
"0",0.225352112676056,"1","1","1",0.518407960199005,"0","1","0","1","0","0"
"0",0.577464788732394,"1","0","0",0.0109452736318408,"0","0","0","0","1","0"
"0",0,"1","1","1",0.317412935323383,"0","0","0","0","0","1"
"0",0.647887323943662,"1","0","0",0.453233830845771,"0","1","0","0","1","0"
"0",0.126760563380282,"1","0","1",0.0228855721393035,"0","0","0","0","0","0"
"1",0.971830985915493,"1","1","1",0.699502487562189,"0","1","0","0","1","0"
"1",0.929577464788732,"1","1","1",0.827363184079602,"0","1","1","0","0","0"
"0",0,"1","0","1",0.633830845771144,"1","1","1","0","0","1"
"0",0.0845070422535211,"1","0","1",0.508457711442786,"1","0","1","0","0","1"
"0",0,"1","0","0",0.262189054726368,"0","0","0","0","0","0"
"0",0.0422535211267606,"1","0","1",0.45273631840796,"0","1","0","0","0","0"
"0",0.915492957746479,"1","1","0",0.90547263681592,"0","1","1","0","1","0"
"0",0.154929577464789,"1","0","1",0.660199004975124,"0","1","1","0","0","1"
"0",0.323943661971831,"1","0","0",0.0218905472636816,"0","0","0","1","0","0"
"0",0.352112676056338,"1","0","1",0.671641791044776,"0","1","1","0","0","1"
"0",0.0704225352112676,"1","0","1",0.724875621890547,"1","1","1","0","0","1"
"0",0.788732394366197,"1","1","0",0.892537313432836,"0","1","1","0","1","1"
"0",0.183098591549296,"1","1","1",0.675124378109453,"1","1","1","0","0","1"
"0",0.577464788732394,"1","1","0",0.0467661691542288,"0","0","0","0","1","1"
"0",0.338028169014085,"1","1","1",0.760696517412935,"1","1","1","0","0","0"
"0",0.887323943661972,"1","0","0",0.0119402985074627,"0","0","0","0","1","0"
"0",0.295774647887324,"1","1","1",0.665174129353234,"1","1","1","0","0","1"
"0",0.253521126760563,"1","0","1",0.0144278606965174,"0","0","0","1","0","0"
"0",0.845070422535211,"1","1","1",0.804975124378109,"1","1","1","0","0","1"
"0",0.295774647887324,"1","0","1",0.68407960199005,"0","1","1","0","0","0"
"1",0.971830985915493,"1","1","1",0.842786069651741,"1","1","1","0","0","1"
"0",0.154929577464789,"1","0","1",0.613930348258707,"0","1","1","0","0","0"
"0",0.422535211267606,"1","0","1",0.455223880597015,"0","1","0","1","0","1"
"0",0.140845070422535,"1","0","1",0.464179104477612,"0","1","0","0","0","1"
"0",0.943661971830986,"1","1","0",0.0746268656716418,"0","0","0","0","1","0"
"1",1,"1","1","1",0.715422885572139,"0","1","0","0","1","0"
"1",0.929577464788732,"1","1","1",0.97363184079602,"0","1","1","0","1","0"
"0",0.830985915492958,"1","0","1",0.862686567164179,"0","1","1","0","0","0"
"0",0,"1","0","1",0.266666666666667,"1","0","0","0","0","0"
"1",0,"1","0","1",0.524875621890547,"1","0","1","0","0","1"
"0",0.802816901408451,"0","0","0",0.31592039800995,"0","1","0","1","0","0"
"1",0.647887323943662,"1","0","0",0.520398009950249,"1","0","1","0","0","0"
"0",0,"1","0","1",0.611442786069652,"1","1","1","0","0","1"
"0",0,"1","0","0",0.0218905472636816,"0","0","0","0","0","0"
"0",0.295774647887324,"1","1","0",0.40547263681592,"1","1","0","0","0","1"
"0",0.661971830985915,"1","0","1",0.418905472636816,"1","1","0","1","0","0"
"0",0.507042253521127,"1","0","1",0.0159203980099503,"0","0","0","1","0","0"
"0",0.169014084507042,"1","0","1",0.0169154228855721,"0","0","0","1","0","1"
"0",0.591549295774648,"1","1","0",0.081592039800995,"0","0","0","0","1","0"
"0",0.0704225352112676,"0","0","1",0.449253731343284,"0","1","0","0","1","0"
"0",0.985915492957746,"0","0","0",0.355223880597015,"0","1","0","0","1","0"
"1",0,"1","0","1",0.507462686567164,"1","0","1","0","0","1"
"0",1,"1","1","1",0.764676616915423,"0","1","1","0","1","1"
"1",0.0704225352112676,"1","0","1",0.555721393034826,"0","1","1","0","0","1"
"0",0.154929577464789,"0","0","0",0.171641791044776,"0","1","0","0","0","0"
"0",0.338028169014085,"1","0","0",0.524378109452736,"1","0","1","0","0","0"
"0",0.28169014084507,"1","0","0",0.606467661691542,"0","1","1","1","0","1"
"0",0.0704225352112676,"1","0","1",0.303980099502488,"0","1","0","0","0","0"
"0",0.267605633802817,"1","0","1",0.703980099502488,"1","1","1","0","0","0"
"0",0.23943661971831,"1","1","1",0.807462686567164,"1","1","1","0","0","1"
"0",0.591549295774648,"1","0","0",0.370149253731343,"0","1","0","1","0","1"
"0",0.47887323943662,"1","1","1",0.0711442786069652,"0","0","0","0","1","0"
"0",0,"1","0","0",0.549751243781095,"1","1","1","0","0","0"
"1",0.436619718309859,"1","1","1",0.748756218905473,"0","1","1","0","0","1"
"0",0.71830985915493,"0","0","0",0.454228855721393,"0","1","0","0","1","0"
"0",0.436619718309859,"1","0","1",0.463681592039801,"0","1","0","1","0","0"
"0",1,"0","0","1",0.453233830845771,"0","1","0","0","1","0"
"0",0.704225352112676,"0","0","1",0.260696517412935,"0","1","0","0","0","0"
"0",0.943661971830986,"1","0","1",0.0169154228855721,"0","0","0","0","1","0"
"1",0.0985915492957746,"0","0","1",0.249751243781095,"0","1","0","0","0","0"
"0",0.676056338028169,"0","0","0",0.312437810945274,"0","1","0","0","1","0"
"0",1,"1","0","0",0.665174129353234,"0","1","0","0","1","0"
"0",0.112676056338028,"1","1","1",0.76865671641791,"1","1","1","0","0","1"
"0",0.380281690140845,"1","0","1",0.737313432835821,"1","1","1","0","0","0"
"0",0.746478873239437,"1","0","0",0.711940298507463,"0","1","1","0","0","0"
"0",0.140845070422535,"1","0","1",0.560199004975124,"1","1","1","0","0","1"
"0",0.690140845070423,"1","0","0",0.843781094527363,"0","1","1","1","0","0"
"0",0.957746478873239,"1","1","1",0.972636815920398,"0","1","1","0","1","1"
"0",0,"1","0","1",0.513930348258707,"0","0","1","0","0","1"
"0",0.943661971830986,"1","0","0",0.764676616915423,"0","1","1","0","1","0"
"0",0.549295774647887,"0","0","0",0.218905472636816,"0","1","0","1","0","0"
"0",0.422535211267606,"1","1","0",0.0746268656716418,"0","0","0","0","1","0"
"1",0.450704225352113,"1","1","1",0.866666666666667,"0","1","1","0","0","0"
"1",0.76056338028169,"1","1","1",0.948756218905473,"0","1","1","0","1","1"
"0",0.943661971830986,"1","1","1",0.0572139303482587,"0","0","0","0","1","0"
"0",0.154929577464789,"1","0","0",0.0114427860696517,"0","0","0","0","0","0"
"0",0.985915492957746,"1","0","1",0.675124378109453,"0","1","0","0","1","0"
"0",0.549295774647887,"1","1","1",0.839800995024876,"0","1","1","0","0","0"
"0",0.887323943661972,"1","1","1",0.74228855721393,"0","1","1","1","0","1"
"0",0.732394366197183,"1","1","0",0.791044776119403,"0","1","1","1","0","0"
"1",0.154929577464789,"1","0","1",0.652238805970149,"1","1","1","0","0","0"
"1",0.732394366197183,"0","0","1",0.360199004975124,"1","1","0","0","0","1"
"0",1,"1","1","1",0.793034825870647,"0","1","1","0","1","0"
"0",0.633802816901408,"1","0","0",0.0169154228855721,"0","0","0","0","1","1"
"0",0.549295774647887,"1","1","1",0.0631840796019901,"0","0","0","0","1","0"
"0",0.154929577464789,"0","0","1",0.325373134328358,"0","1","0","0","0","0"
"0",0.112676056338028,"1","0","0",0.570646766169154,"0","1","1","0","0","1"
"0",0.704225352112676,"1","1","1",0.621890547263682,"0","1","1","0","0","1"
"0",0.676056338028169,"1","0","1",0.717910447761194,"0","1","1","0","0","0"
"1",0.563380281690141,"1","1","1",0.811442786069652,"1","1","1","0","0","1"
"0",0.774647887323944,"1","0","1",0.417910447761194,"0","1","0","1","0","0"
"0",0.0422535211267606,"1","0","1",0.0194029850746269,"0","0","0","0","0","1"
"0",0.267605633802817,"1","0","1",0.456716417910448,"0","1","0","1","0","0"
"0",0.352112676056338,"1","0","1",0.0199004975124378,"0","0","0","0","0","0"
"0",0.267605633802817,"1","1","1",0.871641791044776,"1","1","1","0","0","0"
"0",0.0845070422535211,"1","1","0",0.569154228855721,"1","0","1","0","0","0"
"0",0.0845070422535211,"1","1","1",0.752238805970149,"1","1","1","0","0","1"
"0",0.704225352112676,"1","0","1",0.803482587064677,"0","1","1","0","0","1"
"0",0.0422535211267606,"1","1","1",0.617412935323383,"0","1","1","0","0","0"
"0",0,"1","0","0",0.0129353233830846,"0","0","0","0","0","0"
"0",0.366197183098592,"1","1","0",0.82089552238806,"0","1","1","0","0","1"
"0",0.295774647887324,"1","1","1",0.82089552238806,"1","1","1","0","0","1"
"0",0.154929577464789,"1","0","1",0.353233830845771,"0","1","0","0","0","0"
"0",0.028169014084507,"0","0","1",0.126865671641791,"1","1","0","0","0","0"
"0",0.464788732394366,"1","1","1",0.073134328358209,"0","0","0","1","0","0"
"0",0.323943661971831,"1","1","1",0.399004975124378,"0","1","0","1","0","1"
"0",0.704225352112676,"1","1","0",0.614427860696517,"1","1","1","0","0","0"
"1",0.183098591549296,"0","0","1",0.279601990049751,"0","1","0","0","0","1"
"0",0.816901408450704,"1","1","0",0.950248756218905,"0","1","1","0","1","1"
"0",0.028169014084507,"1","0","0",0.717910447761194,"0","1","1","0","0","1"
"0",0.901408450704225,"1","1","0",0.905970149253731,"0","1","1","0","1","1"
"1",0.0563380281690141,"1","0","1",0.517412935323383,"1","0","1","0","0","0"
"0",0.816901408450704,"1","1","0",0.716915422885572,"0","1","0","0","1","0"
"0",1,"0","0","1",0.467661691542289,"0","1","0","0","1","0"
"0",0.859154929577465,"1","0","1",0.814925373134328,"1","1","1","0","0","1"
"0",0.380281690140845,"1","1","1",0.758706467661692,"1","1","1","0","0","0"
"0",0.028169014084507,"1","0","0",0.421890547263682,"0","1","0","0","0","0"
"0",0.253521126760563,"1","1","1",0.0582089552238806,"0","0","0","0","0","0"
"0",0,"1","0","1",0.0124378109452736,"0","0","0","0","0","0"
"0",0.323943661971831,"1","0","1",0.67363184079602,"0","1","1","0","0","1"
"1",0.788732394366197,"1","0","1",0.350746268656716,"0","1","0","1","0","1"
"0",1,"1","1","0",0.0716417910447761,"0","0","0","0","1","0"
"0",0.929577464788732,"1","0","0",0.0223880597014925,"0","0","0","0","1","0"
"0",0.71830985915493,"1","0","1",0.0258706467661692,"0","0","0","1","0","0"
"0",0.985915492957746,"1","1","0",0.712935323383085,"0","1","0","0","1","0"
"0",0.352112676056338,"1","1","0",0.0771144278606965,"0","0","0","1","0","0"
"0",0.47887323943662,"1","1","1",0.944776119402985,"0","1","1","0","1","0"
"0",0.76056338028169,"1","0","1",0.50547263681592,"0","0","1","0","1","0"
"0",0.450704225352113,"1","0","0",0.018407960199005,"0","0","0","0","1","0"
"0",1,"1","1","1",0.909452736318408,"0","1","1","0","1","1"
"0",0,"1","0","1",0.00945273631840795,"0","0","0","0","0","0"
"0",0.126760563380282,"0","0","1",0.155721393034826,"1","1","0","0","0","0"
"1",0.507042253521127,"1","0","0",0.713930348258706,"0","1","1","0","0","1"
"0",0.154929577464789,"0","0","0",0.156716417910448,"0","1","0","0","0","0"
"0",0,"1","0","0",0.0213930348258706,"0","0","0","1","0","0"
"0",0.859154929577465,"0","0","1",0.202487562189055,"0","1","0","0","1","0"
"0",0,"0","0","0",0.0696517412935323,"0","0","0","0","0","0"
"0",0.23943661971831,"1","1","1",0.421393034825871,"0","1","0","0","0","0"
"1",0.957746478873239,"1","1","1",0.713432835820896,"1","1","1","0","0","1"
"0",0.0140845070422535,"1","0","1",0.562189054726368,"0","1","1","0","0","1"
"0",0.253521126760563,"1","0","0",0.0233830845771144,"0","0","0","0","0","0"
"0",0.154929577464789,"1","1","1",0.658706467661692,"1","1","1","0","0","1"
"0",0.112676056338028,"1","0","0",0.0213930348258706,"0","0","0","0","0","0"
"0",0.366197183098592,"1","0","0",0.63134328358209,"0","1","0","1","0","1"
"0",0.366197183098592,"1","1","1",0.609452736318408,"1","1","1","0","0","1"
"0",0,"1","0","0",0.70547263681592,"1","1","1","0","0","0"
"1",0.323943661971831,"1","0","1",0.0203980099502488,"0","0","0","0","0","0"
"1",0.183098591549296,"1","1","1",0.564179104477612,"1","0","1","0","0","1"
"1",0.436619718309859,"1","0","1",0.558706467661692,"1","1","1","0","0","1"
"0",0.140845070422535,"1","0","0",0.0174129353233831,"0","0","0","1","0","0"
"0",0,"1","1","1",0.0671641791044776,"0","0","0","0","0","0"
"1",0.52112676056338,"1","1","1",0.618905472636816,"0","1","1","0","0","0"
"0",0.112676056338028,"1","0","0",0.0149253731343284,"0","0","0","0","1","0"
"0",0.746478873239437,"1","1","1",0.471641791044776,"0","1","0","0","1","0"
"0",0.394366197183099,"1","1","1",0.524875621890547,"0","1","0","1","0","0"
"1",0.605633802816901,"1","1","1",0.705970149253731,"0","1","1","0","0","1"
"0",0.816901408450704,"1","0","1",0.681592039800995,"0","1","0","0","1","1"
"0",0.028169014084507,"1","0","1",0.36865671641791,"1","1","0","0","0","1"
"0",0.23943661971831,"1","0","1",0.430348258706468,"0","1","0","1","0","0"
"1",0.929577464788732,"1","1","0",0.0681592039800995,"0","0","0","0","1","0"
"0",0.295774647887324,"1","0","0",0.367164179104478,"1","1","0","0","0","1"
"0",0.450704225352113,"0","0","0",0.157213930348259,"0","1","0","1","0","0"
"0",0.0563380281690141,"1","0","0",0.0169154228855721,"0","0","0","0","0","0"
"0",0.0140845070422535,"1","0","0",0.0169154228855721,"0","0","0","0","0","0"
"0",1,"1","1","0",0.710945273631841,"0","1","0","0","1","0"
"0",0.112676056338028,"1","0","0",0.0213930348258706,"0","0","0","0","0","0"
"0",0.929577464788732,"1","1","0",0.0800995024875622,"0","0","0","0","1","0"
"0",0.211267605633803,"1","1","1",0.663681592039801,"1","1","1","0","0","1"
"0",0.0985915492957746,"1","0","1",0.0243781094527363,"0","0","0","0","0","0"
"0",0.0563380281690141,"0","0","1",0.248756218905473,"1","1","0","0","0","0"
"0",0.309859154929577,"1","1","1",0.299502487562189,"1","0","0","1","0","0"
"0",0,"1","0","1",0.609950248756219,"1","1","1","0","0","1"
"1",0.690140845070423,"1","0","1",0.525373134328358,"1","0","1","0","0","1"
"0",0.225352112676056,"1","0","0",0.0119402985074627,"0","0","0","0","1","0"
"0",0.943661971830986,"1","1","1",0.92089552238806,"0","1","1","0","1","0"
"0",0,"1","1","0",0.659203980099503,"1","1","1","0","0","1"
"1",0.338028169014085,"1","0","1",0.507960199004975,"0","0","1","0","0","1"
"0",0.929577464788732,"0","0","1",0.309452736318408,"0","1","0","1","0","0"
"0",0.436619718309859,"1","0","0",0.0208955223880597,"0","0","0","1","0","0"
"1",0.929577464788732,"1","1","1",0.869154228855721,"0","1","1","1","0","1"
"1",1,"0","0","1",0.459701492537313,"0","1","0","0","1","0"
"0",0.985915492957746,"1","1","1",0.899004975124378,"1","1","1","0","1","0"
"0",0,"1","0","1",0.314925373134328,"0","1","0","0","0","1"
"0",0.633802816901408,"0","0","0",0.119900497512438,"1","1","0","0","0","0"
"1",0.0140845070422535,"0","0","1",0.12089552238806,"1","1","0","0","0","1"
"0",0,"1","0","1",0.270149253731343,"1","0","0","0","0","0"
"0",0.661971830985915,"1","0","1",0.471641791044776,"0","1","0","1","0","1"
"0",0.845070422535211,"1","1","1",0.846268656716418,"0","1","1","1","0","0"
"0",0.436619718309859,"1","0","0",0.655721393034826,"1","1","1","0","0","0"
"0",0.0140845070422535,"1","0","0",0.260696517412935,"0","0","0","0","0","1"
"0",0.028169014084507,"1","0","0",0.0149253731343284,"1","0","0","0","0","1"
"0",0.0563380281690141,"1","0","1",0.6681592039801,"1","1","1","0","0","0"
"0",0.985915492957746,"1","1","0",0.712935323383085,"0","1","0","0","1","0"
"0",0.507042253521127,"1","1","1",0.366169154228856,"0","1","0","0","0","0"
"0",0.901408450704225,"1","1","1",0.854228855721393,"0","1","1","0","1","0"
"0",0.929577464788732,"1","1","1",0.87910447761194,"0","1","1","1","0","0"
"0",0.676056338028169,"1","1","0",0.566666666666667,"1","0","1","0","0","0"
"0",0.690140845070423,"1","1","1",0.519900497512438,"0","1","0","0","1","0"
"0",0.338028169014085,"1","0","0",0.0134328358208955,"0","0","0","1","0","1"
"0",0.225352112676056,"1","1","1",0.374129353233831,"1","1","0","1","0","0"
"0",0.887323943661972,"1","1","1",0.0577114427860697,"0","0","0","0","1","0"
"0",0.338028169014085,"0","0","1",0.197512437810945,"0","1","0","1","0","0"
"1",0.309859154929577,"1","1","1",0.877114427860697,"1","1","1","0","0","1"
"1",0.323943661971831,"0","0","0",0.159203980099502,"0","1","0","0","0","0"
"0",0.507042253521127,"1","1","1",0.813930348258706,"0","1","1","0","0","1"
"0",0.28169014084507,"1","0","1",0.501492537313433,"0","0","1","0","0","1"
"0",0,"1","0","1",0.274129353233831,"0","0","0","0","0","0"
"0",0.126760563380282,"1","1","1",0.572139303482587,"0","0","1","0","0","0"
"0",0.0704225352112676,"1","0","1",0.658208955223881,"1","1","1","0","0","1"
"0",0.704225352112676,"1","1","1",0.777611940298508,"0","1","1","1","0","0"
"0",0.126760563380282,"1","0","1",0.0228855721393035,"0","0","0","0","0","0"
"0",0.0704225352112676,"0","0","0",0.325373134328358,"0","1","0","0","0","0"
"0",0.647887323943662,"1","1","1",0.718905472636816,"0","1","0","0","1","0"
"0",0.845070422535211,"1","1","1",0.608457711442786,"0","1","0","1","0","1"
"0",0.71830985915493,"0","0","1",0.402985074626866,"0","1","0","0","1","0"
"0",0.47887323943662,"1","1","1",0.409950248756219,"0","1","0","0","0","0"
"0",0.985915492957746,"1","1","1",0.870149253731343,"0","1","1","1","0","0"
"0",0.0704225352112676,"1","0","0",0.378109452736318,"1","1","0","0","0","1"
"0",0.619718309859155,"1","0","0",0.348756218905473,"0","1","0","0","1","0"
"1",0.0140845070422535,"1","1","1",0.669651741293532,"1","1","1","0","0","1"
"0",0.0422535211267606,"1","0","1",0.501492537313433,"1","1","0","0","0","0"
"0",0.0140845070422535,"0","0","0",0.0601990049751244,"0","0","0","0","0","0"
"0",0.0422535211267606,"1","0","0",0.593034825870647,"1","1","1","0","0","1"
"0",0.704225352112676,"1","1","0",0.414427860696517,"0","1","0","1","0","0"
"0",0.830985915492958,"1","1","0",0.0567164179104478,"0","0","0","1","0","0"
"0",0.112676056338028,"1","0","1",0.0189054726368159,"0","0","0","1","0","0"
"0",0.028169014084507,"1","1","1",0.866666666666667,"1","1","1","0","0","0"
"0",0.225352112676056,"1","1","1",0.770149253731343,"0","1","1","0","0","0"
"0",0.0985915492957746,"1","1","1",0.684577114427861,"1","1","1","0","0","1"
"0",0.633802816901408,"1","0","0",0.624378109452736,"0","1","0","0","1","0"
"0",0.943661971830986,"1","0","1",0.638805970149254,"0","1","0","0","1","0"
"0",0,"1","0","1",0.350746268656716,"1","1","0","0","0","0"
"0",0.0422535211267606,"1","0","0",0.0223880597014925,"0","0","0","1","0","0"
"0",0,"0","0","1",0.0681592039800995,"1","0","0","0","0","0"
"0",0.380281690140845,"1","0","1",0.359701492537313,"0","1","0","1","0","0"
"0",0.535211267605634,"1","0","1",0.401492537313433,"0","1","0","1","0","0"
"0",0.140845070422535,"1","0","0",0.662189054726368,"0","1","1","0","0","1"
"0",0.985915492957746,"0","0","1",0.429353233830846,"0","1","0","0","1","0"
"0",0.0140845070422535,"1","0","0",0.0213930348258706,"0","0","0","0","0","0"
"1",0.408450704225352,"1","0","1",0.610945273631841,"1","1","1","0","0","0"
"0",0.225352112676056,"1","0","0",0.0189054726368159,"0","0","0","1","0","0"
"0",0.76056338028169,"1","1","1",0.758208955223881,"0","1","1","0","0","0"
"0",0.802816901408451,"1","1","1",0.612437810945274,"0","1","1","0","0","0"
"0",0.0563380281690141,"1","0","0",0.35771144278607,"1","1","0","0","0","1"
"1",0,"1","0","1",0.0119402985074627,"1","0","0","0","0","1"
"1",0.112676056338028,"1","1","1",0.555223880597015,"0","0","1","0","0","1"
"0",0.352112676056338,"1","0","0",0.307462686567164,"0","1","0","0","0","0"
"0",0.690140845070423,"1","0","0",0.0114427860696517,"0","0","0","0","1","0"
"0",1,"1","1","1",0.949253731343284,"0","1","1","0","1","0"
"0",0.591549295774648,"1","0","1",0.873134328358209,"0","1","1","1","0","0"
"0",0.774647887323944,"1","1","1",0.0766169154228856,"0","0","0","0","1","0"
"0",0,"1","0","0",0.00845771144278608,"0","0","0","0","0","0"
"0",1,"1","1","1",0.84726368159204,"1","1","1","0","1","1"
"0",1,"1","1","1",0.818905472636816,"0","1","1","0","1","0"
"0",0.492957746478873,"1","1","1",0.767661691542289,"0","1","1","0","0","1"
"0",0.0563380281690141,"1","0","0",0.566169154228856,"0","1","0","0","0","0"
"0",0.169014084507042,"1","1","1",0.658706467661692,"1","1","1","0","0","1"
"1",0.605633802816901,"1","0","0",0.70547263681592,"0","1","1","1","0","0"
"1",0.971830985915493,"1","1","1",0.892039800995025,"0","1","1","1","0","1"
"0",0.605633802816901,"1","0","0",0.0124378109452736,"0","0","0","1","0","0"
"1",0.436619718309859,"1","1","1",0.67363184079602,"1","1","1","0","0","0"
"0",0.957746478873239,"1","1","1",0.0666666666666667,"0","0","0","0","1","0"
"1",0.211267605633803,"1","0","0",0.409452736318408,"1","1","0","0","0","1"
"1",0.943661971830986,"1","0","0",0.0124378109452736,"0","0","0","1","0","0"
"0",0.211267605633803,"1","0","1",0.514427860696517,"0","0","1","0","0","0"
"0",0.943661971830986,"1","0","0",0.642786069651741,"0","1","0","0","1","0"
"0",0.0422535211267606,"1","0","0",0.00746268656716418,"0","0","0","0","0","0"
"0",0.352112676056338,"0","0","0",0.204975124378109,"0","1","0","0","0","0"
"0",0.394366197183099,"0","0","1",0.122885572139303,"1","1","0","0","0","1"
"0",0.0563380281690141,"1","0","0",0.0208955223880597,"0","0","0","0","0","0"
"0",0.971830985915493,"1","1","1",0.763681592039801,"0","1","1","1","0","0"
"0",0.323943661971831,"1","0","0",0.558706467661692,"0","1","0","1","0","0"
"1",1,"1","1","0",0.599004975124378,"0","1","0","0","1","0"
"0",0,"1","0","1",0.55771144278607,"0","1","1","0","0","0"
"0",0.971830985915493,"0","0","1",0.32636815920398,"0","1","0","1","0","0"
"0",0.492957746478873,"1","0","0",0.00945273631840795,"0","0","0","0","0","0"
"1",0.52112676056338,"1","1","1",0.808955223880597,"1","1","1","0","0","1"
"0",0.225352112676056,"1","0","1",0.514925373134328,"1","0","1","0","0","1"
"0",0.563380281690141,"1","1","1",0.903980099502487,"0","1","1","1","0","0"
"0",0,"1","0","1",0.269154228855721,"1","0","0","0","0","1"
"0",0.0140845070422535,"0","0","0",0.115422885572139,"1","1","0","0","0","0"
"0",0.183098591549296,"1","0","0",0.57910447761194,"0","1","1","0","0","1"
"1",0.0140845070422535,"1","0","1",0.764676616915423,"1","1","1","0","0","0"
"0",0,"1","0","0",0.0154228855721393,"1","0","0","0","0","0"
"0",0.169014084507042,"1","1","1",0.542786069651741,"0","1","0","0","0","1"
"0",0.0704225352112676,"1","0","0",0.00696517412935323,"0","0","0","0","0","0"
"0",0.0422535211267606,"1","0","1",0.581094527363184,"1","1","1","0","0","0"
"0",0.0563380281690141,"1","0","1",0.804975124378109,"1","1","1","0","0","0"
"0",0.197183098591549,"1","0","0",0.830845771144279,"0","1","1","0","0","1"
"0",0.647887323943662,"1","0","0",0.569154228855721,"0","1","1","0","0","0"
"0",0.0985915492957746,"1","0","0",0.456218905472637,"0","1","0","0","0","0"
"0",0.225352112676056,"0","0","1",0.0736318407960199,"0","0","0","0","0","0"
"0",0.197183098591549,"1","0","0",0.565671641791045,"0","1","1","0","0","0"
"0",0.352112676056338,"1","0","1",0.772139303482587,"0","1","1","1","0","0"
"0",0.309859154929577,"1","1","0",0.359701492537313,"0","1","0","0","0","1"
"1",0.0422535211267606,"1","0","0",0.54228855721393,"0","1","1","0","0","1"
"0",0.394366197183099,"1","0","0",0.0159203980099503,"0","0","0","1","0","0"
"0",0.338028169014085,"1","0","0",0.00796019900497513,"0","0","0","0","0","0"
"0",0.112676056338028,"1","0","0",0.265671641791045,"1","0","0","0","0","0"
"0",0.23943661971831,"1","0","1",0.311442786069652,"1","1","0","0","0","0"
"1",0.028169014084507,"1","1","1",0.762189054726368,"0","1","1","0","0","1"
"0",0.957746478873239,"0","0","0",0.278606965174129,"0","1","0","0","1","0"
"0",0.183098591549296,"1","0","0",0.0109452736318408,"0","0","0","1","0","0"
"0",0.253521126760563,"1","1","0",0.510945273631841,"0","1","0","0","0","0"
"1",0.535211267605634,"1","1","0",0.72089552238806,"0","1","1","0","0","1"
"0",0.422535211267606,"1","0","1",0.827363184079602,"0","1","1","0","0","1"
"0",0.323943661971831,"1","0","0",0.0199004975124378,"0","0","0","1","0","0"
"0",0.183098591549296,"1","0","0",0.303980099502488,"0","1","0","0","0","0"
"0",0.887323943661972,"1","0","1",0.558208955223881,"0","1","0","0","1","0"
"0",0.690140845070423,"1","0","1",0.0109452736318408,"0","0","0","1","0","0"
"0",0.71830985915493,"1","0","1",0.502487562189055,"0","1","0","1","0","1"
"0",0.380281690140845,"1","1","0",0.815422885572139,"0","1","1","1","0","1"
"0",0.28169014084507,"1","0","1",0.0258706467661692,"0","0","0","0","1","0"
"0",0.338028169014085,"1","0","1",0.772636815920398,"1","1","1","0","0","1"
"0",0.225352112676056,"1","0","0",0.0109452736318408,"0","0","0","1","0","0"
"0",0.802816901408451,"0","0","1",0.266169154228856,"0","1","0","1","0","0"
"1",0.225352112676056,"1","0","0",0.629353233830846,"1","1","1","0","0","0"
"0",0.704225352112676,"1","1","0",0.0721393034825871,"0","0","0","0","1","0"
"0",1,"0","0","0",0.304975124378109,"0","1","0","0","1","0"
"0",0.71830985915493,"1","0","0",0.655223880597015,"1","1","1","0","0","1"
"0",0.366197183098592,"1","0","1",0.0134328358208955,"0","0","0","0","1","0"
"0",0.028169014084507,"1","0","0",0.0174129353233831,"0","0","0","0","0","0"
"0",0.887323943661972,"1","1","1",0.627363184079602,"0","1","0","0","1","0"
"0",0.619718309859155,"1","0","1",0.765671641791045,"0","1","1","0","1","0"
"1",0.028169014084507,"0","0","1",0.181094527363184,"1","1","0","0","0","0"
"0",0.985915492957746,"1","1","1",0.64726368159204,"0","1","0","0","1","0"
"1",0,"0","0","0",0.0676616915422886,"1","0","0","0","0","0"
"0",0.802816901408451,"1","0","0",0.0203980099502488,"0","0","0","0","1","0"
"0",0.464788732394366,"1","0","1",0.712437810945274,"0","1","1","0","0","1"
"0",0.0985915492957746,"1","0","1",0.314427860696517,"1","1","0","0","0","1"
"0",0.197183098591549,"1","0","0",0.0154228855721393,"0","0","0","0","0","0"
"0",0.915492957746479,"0","0","0",0.362189054726368,"0","1","0","0","1","0"
"1",0.154929577464789,"0","0","1",0.11044776119403,"0","1","0","0","0","0"
"0",0.802816901408451,"1","0","1",0.008955223880597,"0","0","0","0","1","0"
"0",0.028169014084507,"1","0","0",0.00845771144278608,"0","0","0","0","1","0"
"1",0.591549295774648,"0","0","0",0.371144278606965,"1","1","0","0","0","0"
"0",0.112676056338028,"1","0","0",0.619900497512438,"0","1","1","0","0","1"
"0",0.028169014084507,"1","0","0",0.0199004975124378,"0","0","0","1","0","0"
"0",0.295774647887324,"1","0","1",0.509950248756219,"1","1","0","1","0","0"
"0",0.549295774647887,"1","1","1",0.873134328358209,"0","1","1","1","0","0"
"0",0.943661971830986,"1","1","0",0.0721393034825871,"0","0","0","0","1","0"
"0",0.746478873239437,"1","1","1",0.856218905472637,"1","1","1","0","0","1"
"0",0.690140845070423,"1","1","1",0.61044776119403,"0","1","0","0","1","0"
"0",0,"1","0","1",0.368159203980099,"0","1","0","0","0","1"
"0",1,"1","1","0",0.69452736318408,"0","1","0","0","1","0"
"0",0.549295774647887,"1","0","1",0.0213930348258706,"0","0","0","1","0","0"
"0",1,"1","1","1",0.988557213930348,"0","1","1","0","1","0"
"0",0.0704225352112676,"1","0","0",0.0174129353233831,"0","0","0","0","0","0"
"0",0.0563380281690141,"1","0","1",0.0139303482587065,"0","0","0","0","0","0"
"0",0.661971830985915,"1","1","1",0.520398009950249,"0","1","0","1","0","0"
"0",0,"1","1","1",0.752238805970149,"1","1","1","0","0","1"
"0",0.887323943661972,"1","0","0",0.473134328358209,"0","1","0","1","0","0"
"0",0.225352112676056,"1","0","0",0.017910447761194,"0","0","0","1","0","0"
"0",0.549295774647887,"1","0","1",0.614427860696517,"0","1","1","0","0","1"
"0",0.563380281690141,"0","0","0",0.170646766169154,"0","1","0","1","0","0"
"1",0.704225352112676,"1","1","1",0.61044776119403,"0","1","1","1","0","0"
"0",0.563380281690141,"1","1","1",0.616915422885572,"0","1","1","0","0","1"
"0",0,"1","0","0",0.320398009950249,"1","1","0","0","0","0"
"0",0.0140845070422535,"1","0","1",0.0218905472636816,"0","0","0","0","0","0"
"0",0.943661971830986,"1","0","0",0.61044776119403,"0","1","1","1","0","0"
"0",0.323943661971831,"1","1","0",0.0641791044776119,"0","0","0","0","1","0"
"0",0.971830985915493,"1","1","0",0.587562189054726,"0","1","0","0","1","0"
"0",0.028169014084507,"0","0","1",0.114427860696517,"0","1","0","0","0","1"
"0",0.0140845070422535,"1","0","0",0.265174129353234,"0","0","0","0","0","0"
"0",0.028169014084507,"0","0","0",0.114925373134328,"0","1","0","0","0","0"
"0",0.0845070422535211,"1","1","1",0.561194029850746,"1","1","0","0","0","1"
"0",0.169014084507042,"1","0","1",0.534328358208955,"0","1","0","0","0","1"
"0",0.0845070422535211,"1","0","0",0.0248756218905473,"0","0","0","0","0","0"
"0",0.154929577464789,"1","0","1",0.378606965174129,"0","1","0","0","0","0"
"0",0.732394366197183,"1","1","1",0.865671641791045,"0","1","1","1","0","1"
"0",0.154929577464789,"1","1","1",0.755721393034826,"1","1","1","0","0","1"
"0",0.873239436619718,"1","0","0",0.0129353233830846,"0","0","0","0","1","0"
"0",0.197183098591549,"1","0","0",0.658706467661692,"0","1","0","0","0","0"
"0",0.492957746478873,"1","0","0",0.352238805970149,"0","1","0","1","0","0"
"1",0.0422535211267606,"0","0","1",0.11592039800995,"0","1","0","0","0","1"
"0",0.323943661971831,"1","0","0",0.0144278606965174,"0","0","0","0","1","0"
"0",0.845070422535211,"0","0","0",0.253233830845771,"0","1","0","1","0","0"
"0",0.211267605633803,"1","1","0",0.36865671641791,"0","1","0","0","0","1"
"0",0.901408450704225,"1","0","1",0.0159203980099503,"0","0","0","0","1","0"
"0",0.352112676056338,"1","0","0",0.0139303482587065,"0","0","0","0","1","0"
"0",0.211267605633803,"1","0","1",0.31044776119403,"0","1","0","0","0","0"
"0",0.746478873239437,"1","1","0",0.878606965174129,"1","1","1","1","0","0"
"0",0,"1","0","0",0.018407960199005,"1","0","0","0","0","0"
"0",0.0563380281690141,"1","0","0",0.0218905472636816,"0","0","0","0","1","0"
"0",0.253521126760563,"0","0","1",0.213432835820896,"0","1","0","0","0","1"
"0",0.126760563380282,"1","1","1",0.360696517412935,"0","1","0","0","0","0"
"0",0.309859154929577,"1","0","0",0.652238805970149,"1","1","1","0","0","1"
"0",0.028169014084507,"1","0","0",0.367164179104478,"1","1","0","0","0","0"
"0",1,"1","1","1",0.928855721393035,"0","1","1","0","1","0"
"1",0.126760563380282,"1","1","1",0.680597014925373,"1","1","1","0","0","1"
"0",0.126760563380282,"1","0","1",0.371144278606965,"0","1","0","0","0","0"
"0",0.140845070422535,"1","0","1",0.0228855721393035,"0","0","0","1","0","0"
"1",0.507042253521127,"1","1","1",0.880597014925373,"1","1","1","0","0","0"
"0",0.225352112676056,"1","1","1",0.436318407960199,"0","1","0","1","0","0"
"0",0.492957746478873,"1","1","1",0.858208955223881,"0","1","1","0","0","0"
"1",0.225352112676056,"1","0","1",0.83134328358209,"0","1","1","0","0","1"
"1",0.915492957746479,"1","1","1",0.918905472636816,"0","1","1","1","0","0"
"0",0.845070422535211,"1","0","0",0.66318407960199,"0","1","0","1","0","0"
"0",0.295774647887324,"1","0","1",0.745771144278607,"0","1","1","0","0","0"
"0",0,"0","0","1",0.0611940298507463,"0","0","0","0","0","1"
"0",0.0704225352112676,"1","0","0",0.520398009950249,"0","0","1","0","0","0"
"0",0.422535211267606,"1","0","1",0.599004975124378,"1","1","1","0","0","1"
"0",0.943661971830986,"1","0","1",0.664179104477612,"0","1","0","0","1","0"
"0",0.464788732394366,"1","1","0",0.688557213930348,"1","1","1","0","0","1"
"0",0.71830985915493,"1","0","0",0.672139303482587,"0","1","1","0","0","0"
"0",0.126760563380282,"1","0","1",0.724875621890547,"0","1","1","0","0","1"
"0",0.394366197183099,"1","0","1",0.522388059701492,"1","0","1","0","0","1"
"0",1,"1","0","0",0.018407960199005,"0","0","0","0","1","0"
"0",0.647887323943662,"1","0","0",0.017910447761194,"0","0","0","1","0","0"
"0",0.323943661971831,"1","1","0",0.562686567164179,"0","1","0","1","0","0"
"0",0.901408450704225,"1","1","0",0.0651741293532338,"0","0","0","1","0","0"
"0",0.0422535211267606,"1","1","1",0.821890547263681,"0","1","1","0","0","0"
"1",0.154929577464789,"1","1","1",0.826865671641791,"1","1","1","0","0","1"
"0",0,"1","1","1",0.63134328358209,"1","1","1","0","0","1"
"0",0.450704225352113,"1","0","0",0.497512437810945,"1","0","1","0","0","1"
"0",0.464788732394366,"1","0","1",0.864179104477612,"0","1","1","0","0","1"
"0",0.183098591549296,"1","0","0",0.0213930348258706,"0","0","0","0","1","0"
"0",0.0422535211267606,"1","0","1",0.605970149253731,"1","1","1","0","0","1"
"0",0.169014084507042,"1","0","0",0.0174129353233831,"0","0","0","1","0","0"
"0",0.901408450704225,"1","1","1",0.608457711442786,"0","1","0","0","1","0"
"0",0.309859154929577,"1","0","0",0.387562189054726,"0","1","0","1","0","0"
"0",0.76056338028169,"1","0","0",0.401492537313433,"0","1","0","0","1","1"
"0",0.676056338028169,"1","0","1",0.761691542288557,"0","1","1","0","1","1"
"0",0.830985915492958,"1","1","0",0.838308457711443,"0","1","1","1","0","0"
"0",0.957746478873239,"1","0","1",0.0208955223880597,"0","0","0","1","0","0"
"0",0.549295774647887,"1","1","1",0.66318407960199,"0","1","1","0","0","1"
"0",0.929577464788732,"1","0","1",0.506965174129353,"0","1","0","0","1","0"
"1",0.47887323943662,"1","1","1",0.7681592039801,"1","1","1","0","0","1"
"0",0.253521126760563,"1","1","1",0.822885572139303,"1","1","1","1","0","1"
"0",0.169014084507042,"1","0","0",0.0258706467661692,"0","0","0","0","1","0"
"0",0.563380281690141,"1","1","1",0.699004975124378,"0","1","1","0","0","0"
"0",0.0422535211267606,"0","0","0",0.166666666666667,"0","1","0","0","0","0"
"0",0.323943661971831,"1","0","0",0.367164179104478,"0","1","0","0","0","1"
"0",0.0563380281690141,"0","0","1",0.325373134328358,"0","1","0","0","0","0"
"0",0.0563380281690141,"1","1","1",0.455223880597015,"0","1","0","0","0","1"
"0",0,"1","0","1",0.505970149253731,"1","0","1","0","0","0"
"0",1,"1","1","0",0.616417910447761,"0","1","0","0","1","0"
"0",0.323943661971831,"1","0","1",0.308955223880597,"0","1","0","0","0","0"
"0",0.577464788732394,"1","1","0",0.65771144278607,"0","1","0","0","1","0"
"0",0.0422535211267606,"1","0","0",0.017910447761194,"0","0","0","0","0","0"
"0",0.943661971830986,"1","1","1",0.984577114427861,"0","1","1","1","0","0"
"0",0.450704225352113,"1","0","0",0.018407960199005,"0","0","0","1","0","0"
"1",0,"1","0","1",0.510945273631841,"1","0","1","0","0","1"
"0",0.422535211267606,"1","1","1",0.847761194029851,"1","1","1","1","0","1"
"0",0.0422535211267606,"1","1","0",0.594029850746269,"1","1","1","0","0","0"
"1",0.957746478873239,"1","1","1",0.912437810945274,"0","1","1","0","1","1"
"1",0.52112676056338,"1","1","0",0.761194029850746,"0","1","1","0","0","1"
"0",0.028169014084507,"1","0","1",0.614427860696517,"0","1","1","0","0","1"
"0",0.661971830985915,"1","1","0",0.610945273631841,"0","1","0","0","1","1"
"0",0.197183098591549,"1","1","0",0.0691542288557214,"0","0","0","0","1","0"
"0",0.338028169014085,"1","0","0",0.0164179104477612,"0","0","0","1","0","0"
"1",0,"1","0","0",0.599004975124378,"1","1","1","0","0","1"
"0",0.661971830985915,"0","0","1",0.264179104477612,"0","1","0","0","0","1"
"0",0,"1","0","0",0.0203980099502488,"0","0","0","0","0","0"
"0",0,"1","0","0",0.00945273631840795,"0","0","0","0","0","1"
"0",0.507042253521127,"1","0","0",0.614925373134328,"0","1","1","1","0","1"
"1",0.915492957746479,"1","1","1",0.886567164179104,"0","1","1","1","0","0"
"0",0.352112676056338,"0","0","0",0.29452736318408,"0","1","0","1","0","0"
"0",0.873239436619718,"1","0","0",0.522885572139303,"0","1","0","1","0","0"
"0",0.126760563380282,"0","0","0",0.111940298507463,"1","1","0","0","0","0"
"0",0.0140845070422535,"1","0","1",0.522388059701492,"1","1","0","0","0","1"
"1",0.23943661971831,"1","0","1",0.406467661691542,"0","1","0","0","0","0"
"0",0.887323943661972,"1","1","0",0.072636815920398,"0","0","0","0","1","0"
"1",0.112676056338028,"1","1","1",0.658706467661692,"1","1","1","0","0","1"
"0",0.380281690140845,"1","0","0",0.0199004975124378,"0","0","0","0","0","0"
"0",0,"1","0","0",0.570149253731343,"0","1","1","0","0","1"
"0",0.0422535211267606,"1","1","1",0.670646766169154,"1","1","1","0","0","1"
"1",0.52112676056338,"1","0","1",0.516417910447761,"1","1","0","1","0","0"
"0",0.915492957746479,"1","1","0",0.766666666666667,"0","1","1","1","0","1"
"0",0,"1","0","1",0.517412935323383,"0","0","1","0","0","1"
"0",0.23943661971831,"1","0","1",0.318905472636816,"0","1","0","0","0","0"
"1",0.704225352112676,"1","1","1",0.791542288557214,"1","1","1","0","0","1"
"0",0,"1","0","0",0.27910447761194,"1","0","0","0","0","0"
"0",0.154929577464789,"1","0","0",0.0109452736318408,"0","0","0","0","1","0"
"0",0.563380281690141,"1","1","1",0.876119402985075,"1","1","1","0","0","1"
"0",0.154929577464789,"1","1","0",0.0671641791044776,"0","0","0","0","0","1"
"0",0.76056338028169,"1","0","0",0.0203980099502488,"0","0","0","0","1","0"
"0",0.0845070422535211,"1","1","1",0.568159203980099,"0","0","1","0","0","1"
"0",0.154929577464789,"1","0","1",0.707960199004975,"1","1","1","0","0","1"
"0",0.943661971830986,"1","1","0",0.694029850746269,"0","1","0","0","1","0"
"1",0.0563380281690141,"1","1","1",0.645771144278607,"1","1","1","0","0","0"
"1",0.676056338028169,"1","0","0",0.254228855721393,"0","0","0","0","0","0"
"0",0.549295774647887,"0","0","0",0.435820895522388,"0","1","0","1","0","0"
"0",0.211267605633803,"1","0","0",0.018407960199005,"0","0","0","1","0","0"
"0",0.126760563380282,"1","1","1",0.556218905472637,"1","0","1","0","0","0"
"0",1,"1","1","1",0.826865671641791,"0","1","1","1","0","1"
"1",0.0140845070422535,"1","1","1",0.654726368159204,"0","1","1","0","0","1"
"0",0.309859154929577,"1","0","0",0.0263681592039801,"0","0","0","0","1","0"
"1",0.985915492957746,"1","1","1",0.872139303482587,"0","1","1","1","0","1"
"0",0.140845070422535,"1","1","1",0.808457711442786,"1","1","1","0","0","1"
"0",0,"1","0","1",0.25771144278607,"1","0","0","0","0","0"
"0",0.211267605633803,"1","0","1",0.354726368159204,"1","1","0","0","0","0"
"0",0,"1","1","1",0.66865671641791,"1","1","1","0","0","0"
"0",0.154929577464789,"1","0","1",0.664676616915423,"0","1","1","0","0","0"
"0",0.746478873239437,"0","0","0",0.257213930348259,"0","1","0","1","0","0"
"0",0.943661971830986,"1","1","0",0.71592039800995,"0","1","1","0","1","0"
"0",0.0422535211267606,"1","1","0",0.324378109452736,"1","0","0","0","0","0"
"0",0,"1","0","0",0.407462686567164,"1","1","0","0","0","1"
"0",0.366197183098592,"1","0","0",0.350248756218905,"0","1","0","0","0","0"
"0",0.28169014084507,"1","0","1",0.0169154228855721,"0","0","0","0","0","0"
"0",0.169014084507042,"1","0","1",0.646268656716418,"1","1","1","0","0","1"
"1",0.887323943661972,"1","1","0",0.561194029850746,"0","1","0","0","0","0"
"0",0,"1","0","1",0.364676616915423,"1","1","0","0","0","1"
"0",0.788732394366197,"0","0","1",0.390547263681592,"0","1","0","0","1","0"
"0",0.28169014084507,"1","1","1",0.852238805970149,"1","1","1","0","0","1"
"0",0.253521126760563,"1","0","0",0.0139303482587065,"0","0","0","0","1","0"
"0",0.422535211267606,"1","0","1",0.751741293532338,"0","1","1","1","0","1"
"0",0.71830985915493,"1","1","1",0.706467661691542,"0","1","0","0","1","0"
"0",0.633802816901408,"1","1","1",0.755223880597015,"0","1","1","1","0","1"
"1",0.140845070422535,"1","1","1",0.371641791044776,"0","1","0","0","0","1"
"0",0.732394366197183,"0","0","1",0.302985074626866,"0","1","0","0","0","0"
"0",0.140845070422535,"1","0","1",0.00995024875621891,"1","0","0","0","0","0"
"1",0.788732394366197,"1","1","1",0.862189054726368,"0","1","1","0","0","0"
"1",0.0140845070422535,"1","1","1",0.569154228855721,"1","0","1","0","0","0"
"1",0.0140845070422535,"1","0","0",0.364179104477612,"1","1","0","0","0","0"
"0",0.985915492957746,"1","0","0",0.0164179104477612,"0","0","0","0","1","0"
"0",0,"1","0","1",0.0114427860696517,"0","0","0","0","0","0"
"0",0.943661971830986,"1","1","0",0.0676616915422886,"0","0","0","0","1","0"
"0",1,"1","0","0",0.658706467661692,"0","1","0","0","1","0"
"0",0.0140845070422535,"1","0","0",0.0104477611940299,"0","0","0","0","0","0"
"1",0,"1","1","1",0.764676616915423,"1","1","1","0","0","1"
"0",0.563380281690141,"1","0","1",0.612935323383085,"0","1","0","1","0","0"
"0",1,"1","1","0",0.072636815920398,"0","0","0","0","1","0"
"0",0.0704225352112676,"1","1","1",0.569651741293532,"1","0","1","0","0","1"
"0",0.0422535211267606,"1","0","1",0.552238805970149,"1","1","1","0","0","1"
"0",0.154929577464789,"1","1","1",0.774129353233831,"1","1","1","0","0","1"
"0",0.802816901408451,"1","1","1",0.499004975124378,"0","1","0","1","0","1"
"0",0.0845070422535211,"1","0","0",0.0238805970149254,"0","0","0","0","0","0"
"0",0.901408450704225,"1","0","1",0.367164179104478,"0","1","0","0","0","0"
"0",0,"1","0","1",0.52089552238806,"0","0","1","0","0","0"
"0",0.774647887323944,"1","0","0",0.0169154228855721,"0","0","0","1","0","0"
"0",0.0422535211267606,"1","0","0",0.00746268656716418,"0","0","0","0","0","0"
"0",0.802816901408451,"1","0","1",0.257213930348259,"0","0","0","1","0","0"
"0",0.859154929577465,"1","1","1",0.889054726368159,"0","1","1","0","1","0"
"0",0.352112676056338,"1","1","0",0.430845771144279,"0","1","0","1","0","1"
"0",0.859154929577465,"1","1","0",0.72089552238806,"0","1","1","0","0","0"
"0",0.802816901408451,"1","0","0",0.805970149253731,"0","1","1","1","0","0"
"0",0.943661971830986,"1","1","1",0.730845771144279,"0","1","0","0","1","1"
"0",0.845070422535211,"1","1","1",0.820398009950249,"0","1","1","1","0","0"
"0",0.577464788732394,"1","1","1",0.599004975124378,"0","1","0","0","1","0"
"0",0.23943661971831,"1","1","0",0.657213930348259,"0","1","1","0","0","0"
"0",0.774647887323944,"1","0","1",0.0129353233830846,"0","0","0","0","1","0"
"0",0.0422535211267606,"1","1","1",0.703482587064677,"1","1","1","0","0","1"
"0",0.0422535211267606,"1","0","0",0.0218905472636816,"0","0","0","0","0","0"
"0",0.47887323943662,"1","0","0",0.371641791044776,"0","1","0","1","0","0"
"0",0.887323943661972,"1","1","1",0.682089552238806,"0","1","1","0","0","0"
"0",0.422535211267606,"1","0","0",0.026865671641791,"0","0","0","1","0","0"
"1",0.929577464788732,"1","0","1",0.017910447761194,"0","0","0","0","1","0"
"0",0.0422535211267606,"1","0","0",0.322885572139304,"1","1","0","0","0","0"
"1",0.971830985915493,"1","1","1",0.949253731343284,"0","1","1","0","1","1"
"0",0.028169014084507,"1","0","0",0.349751243781095,"1","1","0","0","0","0"
"1",0.732394366197183,"1","1","1",0.832338308457712,"1","1","1","0","0","1"
"0",0.0140845070422535,"1","0","0",0.41044776119403,"0","1","0","0","1","0"
"0",0.394366197183099,"1","0","1",0.692039800995025,"0","1","1","0","0","0"
"0",0.647887323943662,"0","0","0",0.235323383084577,"0","1","0","0","1","0"
"0",0.943661971830986,"1","1","1",0.644278606965174,"1","1","1","1","0","1"
"0",0.154929577464789,"1","0","1",0.513432835820895,"0","1","0","0","0","0"
"0",0.0985915492957746,"1","0","0",0.378606965174129,"0","1","0","0","0","0"
"0",0.746478873239437,"1","1","0",0.908457711442786,"0","1","1","0","0","1"
"0",0.957746478873239,"1","0","1",0.735323383084577,"0","1","1","0","1","0"
"0",0.352112676056338,"1","1","1",0.509950248756219,"0","1","0","0","0","0"
"0",1,"1","1","1",0.783582089552239,"0","1","1","0","1","0"
"0",0.971830985915493,"0","0","1",0.399004975124378,"0","1","0","0","1","0"
"0",0,"1","0","0",0.321890547263682,"1","1","0","0","0","0"
"0",0.126760563380282,"1","0","1",0.708955223880597,"1","1","1","0","0","1"
"0",0.380281690140845,"1","0","1",0.518905472636816,"0","0","1","1","0","0"
"0",0,"1","0","1",0.512935323383085,"1","0","1","0","0","1"
"0",0.28169014084507,"1","1","1",0.756716417910448,"0","1","1","0","0","1"
"1",0.704225352112676,"1","1","1",0.751741293532338,"1","1","1","0","0","0"
"0",0.732394366197183,"1","0","0",0.0129353233830846,"0","0","0","1","0","0"
"0",0.732394366197183,"1","0","0",0.773134328358209,"0","1","1","1","0","1"
"0",0.323943661971831,"1","1","1",0.823880597014925,"1","1","1","0","0","1"
"0",0.971830985915493,"1","1","1",0.761691542288557,"0","1","0","0","1","0"
"0",0.845070422535211,"1","1","1",0.890547263681592,"0","1","1","1","0","1"
"0",0.140845070422535,"1","0","1",0.361691542288557,"0","1","0","1","0","0"
"0",0.0140845070422535,"1","0","1",0.527860696517413,"0","0","1","0","0","0"
"0",0.338028169014085,"1","0","1",0.0124378109452736,"0","0","0","1","0","0"
"0",0.563380281690141,"1","1","1",0.378606965174129,"0","1","0","1","0","0"
"0",0.23943661971831,"1","1","1",0.760696517412935,"1","1","1","0","0","1"
"1",1,"1","1","1",0.854726368159204,"1","1","1","0","1","0"
"0",0.985915492957746,"1","1","1",0.719402985074627,"0","1","0","0","1","0"
"0",0.464788732394366,"1","0","1",0.423383084577114,"0","1","0","1","0","0"
"0",0.394366197183099,"1","0","1",0.801492537313433,"0","1","1","0","0","0"
"1",0.549295774647887,"1","0","1",0.795024875621891,"0","1","1","1","0","0"
"0",0.492957746478873,"0","0","0",0.170149253731343,"0","1","0","1","0","0"
"0",0.633802816901408,"1","1","1",0.844776119402985,"0","1","1","1","0","1"
"0",0.802816901408451,"1","1","1",0.890547263681592,"0","1","1","1","0","1"
"0",0.535211267605634,"1","1","0",0.628358208955224,"0","1","1","1","0","0"
"0",0.0422535211267606,"1","0","0",0.429850746268657,"1","1","0","0","0","0"
"0",0.71830985915493,"1","1","1",0.770646766169154,"0","1","1","1","0","0"
"1",0.971830985915493,"1","1","1",0.861194029850746,"0","1","1","1","0","1"
"1",0.901408450704225,"1","0","1",0.524378109452736,"0","0","1","1","0","0"
"0",0,"1","0","1",0.265671641791045,"0","0","0","0","0","0"
"0",0.971830985915493,"1","1","1",0.790049751243781,"0","1","1","1","0","1"
"1",0.394366197183099,"0","0","1",0.173134328358209,"0","1","0","0","0","0"
"0",0,"1","0","1",0.719402985074627,"1","1","1","0","0","1"
"0",0.929577464788732,"1","1","1",0.666666666666667,"0","1","0","0","1","0"
"0",0,"1","0","1",0.0124378109452736,"0","0","0","0","0","0"
"0",0.352112676056338,"1","0","1",0.701990049751244,"1","1","1","0","0","0"
"0",0.408450704225352,"1","1","1",0.0681592039800995,"0","0","0","0","1","0"
"0",0.661971830985915,"1","0","1",0.813930348258706,"0","1","1","0","0","0"
"0",0.76056338028169,"1","0","0",0.372636815920398,"0","1","0","0","0","1"
"0",0.0845070422535211,"1","1","1",0.666169154228856,"1","1","1","0","0","0"
"0",0.507042253521127,"1","1","1",0.725373134328358,"0","1","1","0","0","1"
"0",0.422535211267606,"1","0","1",0.65273631840796,"0","1","1","0","0","0"
"0",0.0422535211267606,"1","0","1",0.275124378109453,"0","0","0","0","0","1"
"0",1,"1","1","1",0.0681592039800995,"0","0","0","0","1","0"
"1",0.0563380281690141,"1","0","1",0.727860696517413,"1","1","1","0","0","1"
"0",0,"1","0","0",0.0144278606965174,"0","0","0","0","0","0"
"1",0.197183098591549,"1","0","1",0.728855721393035,"0","1","1","0","0","1"
"0",0.0985915492957746,"1","0","1",0.328855721393035,"0","1","0","0","0","0"
"0",0.47887323943662,"1","0","0",0.0283582089552239,"0","0","0","1","0","0"
"1",0.774647887323944,"1","1","0",0.860696517412935,"0","1","1","0","0","1"
"0",0.577464788732394,"1","1","1",0.874626865671642,"1","1","1","0","0","0"
"1",0.901408450704225,"1","1","1",0.671641791044776,"0","1","1","0","0","1"
"0",0.0140845070422535,"1","0","0",0.0203980099502488,"0","0","0","1","0","0"
"1",0.901408450704225,"1","1","1",0.82089552238806,"0","1","1","1","0","1"
"0",0.23943661971831,"1","1","1",0.556218905472637,"0","0","1","0","0","1"
"0",0.309859154929577,"1","1","1",0.6,"0","1","0","1","0","1"
"0",0.0422535211267606,"1","0","1",0.269154228855721,"1","0","0","0","0","0"
"0",0.971830985915493,"1","0","0",0.0159203980099503,"0","0","0","0","1","0"
"0",0.0422535211267606,"1","1","0",0.322885572139304,"0","0","0","0","0","1"
"0",0.253521126760563,"1","0","1",0.266169154228856,"0","0","0","0","0","0"
"0",0.23943661971831,"1","0","0",0.592537313432836,"0","1","1","0","0","1"
"1",0.52112676056338,"1","0","1",0.648756218905473,"0","1","1","0","0","1"
"0",0.0140845070422535,"1","1","1",0.54726368159204,"1","0","1","0","0","0"
"0",0.647887323943662,"1","1","0",0.761691542288557,"0","1","1","1","0","0"
"0",0.71830985915493,"1","0","0",0.018407960199005,"0","0","0","0","1","0"
"0",0.112676056338028,"1","1","0",0.414427860696517,"0","1","0","0","0","0"
"0",0.352112676056338,"1","1","1",0.714925373134328,"0","1","0","1","0","0"
"0",0.0985915492957746,"1","0","1",0.32636815920398,"1","1","0","0","0","1"
"0",0.605633802816901,"1","0","1",0.524378109452736,"0","1","0","1","0","1"
"0",0.028169014084507,"0","0","0",0.108955223880597,"0","1","0","0","0","0"
"0",0.0140845070422535,"1","0","1",0.282089552238806,"0","0","0","0","0","0"
"0",0.112676056338028,"1","1","1",0.667661691542288,"1","1","1","0","0","0"
"1",0,"1","1","1",0.568159203980099,"1","0","1","0","0","1"
"0",0.338028169014085,"1","0","0",0.55771144278607,"0","1","1","0","0","0"
"1",0.0140845070422535,"1","0","1",0.507960199004975,"0","0","1","0","0","1"
"0",0.591549295774648,"1","0","1",0.566666666666667,"1","1","1","0","0","1"
"0",0,"1","0","0",0.0263681592039801,"1","0","0","0","0","0"
"0",0.802816901408451,"1","1","1",0.756716417910448,"0","1","1","1","0","1"
"0",0.816901408450704,"1","1","1",0.57910447761194,"0","1","0","0","1","0"
"0",0.605633802816901,"0","0","1",0.355721393034826,"0","1","0","1","0","1"
"0",0.915492957746479,"1","1","1",0.855721393034826,"0","1","1","1","0","1"
"0",0.943661971830986,"1","0","0",0.0169154228855721,"0","0","0","0","1","0"
"0",0.112676056338028,"0","0","1",0.0666666666666667,"0","0","0","0","0","1"
"0",0.253521126760563,"1","1","1",0.661691542288557,"0","1","1","0","0","1"
"0",0.0422535211267606,"1","0","0",0.0149253731343284,"0","0","0","0","0","0"
"0",0.971830985915493,"1","1","1",0.949253731343284,"0","1","1","0","1","0"
"0",0,"1","0","1",0.265174129353234,"0","0","0","0","0","0"
"0",0.0985915492957746,"1","1","1",0.567164179104478,"0","0","1","0","0","1"
"0",0.732394366197183,"1","1","0",0.0631840796019901,"0","0","0","0","1","0"
"1",0.704225352112676,"1","1","0",0.0671641791044776,"0","0","0","1","0","0"
"0",0.140845070422535,"1","0","0",0.026865671641791,"0","0","0","0","0","0"
"0",0.830985915492958,"1","1","1",0.918905472636816,"0","1","1","0","1","1"
"0",0.225352112676056,"1","0","1",0.370646766169154,"0","1","0","0","0","0"
"0",0.028169014084507,"1","0","1",0.249253731343284,"1","0","0","0","0","1"
"0",0.971830985915493,"1","0","1",0.907960199004975,"1","1","1","1","0","0"
"0",0,"1","0","0",0.0119402985074627,"0","0","0","0","0","0"
"1",0.591549295774648,"1","1","1",0.662686567164179,"0","1","1","0","0","1"
"0",0.211267605633803,"1","0","0",0.0134328358208955,"0","0","0","0","0","0"
"0",0.788732394366197,"1","0","0",0.350248756218905,"0","1","0","1","0","1"
"0",0.507042253521127,"1","0","0",0.0154228855721393,"0","0","0","1","0","0"
"0",1,"1","1","0",0.933830845771144,"0","1","1","0","1","0"
"1",0.140845070422535,"1","1","1",0.662189054726368,"1","1","1","0","0","0"
"1",0.690140845070423,"1","1","1",0.764179104477612,"1","1","1","0","0","1"
"1",0.0563380281690141,"1","0","0",0.319402985074627,"1","1","0","0","0","1"
"0",0,"1","1","1",0.560696517412935,"1","0","1","0","0","0"
"0",0.211267605633803,"1","0","1",0.0144278606965174,"1","0","0","0","0","0"
"1",0.0140845070422535,"1","0","1",0.556716417910448,"0","1","1","0","0","1"
"0",0.225352112676056,"1","1","1",0.504975124378109,"0","1","0","0","0","0"
"0",0.211267605633803,"1","0","0",0.0109452736318408,"0","0","0","1","0","0"
"0",0.197183098591549,"1","0","1",0.409950248756219,"1","1","0","0","0","1"
"0",0.126760563380282,"1","0","1",0.0154228855721393,"0","0","0","1","0","0"
"0",0.633802816901408,"1","0","1",0.865174129353234,"1","1","1","1","0","0"
"0",0.887323943661972,"1","1","1",0.904975124378109,"0","1","1","0","1","0"
"0",0,"1","1","1",0.605970149253731,"0","1","1","0","0","0"
"0",0.338028169014085,"1","0","0",0.352238805970149,"0","1","0","1","0","0"
"0",0.985915492957746,"1","0","0",0.815422885572139,"0","1","1","0","1","0"
"0",0.0985915492957746,"1","0","1",0.267661691542289,"1","0","0","0","0","0"
"0",1,"1","0","1",0.899502487562189,"0","1","1","0","1","0"
"0",0.676056338028169,"0","0","0",0.222885572139303,"0","1","0","0","0","0"
"0",0.394366197183099,"0","0","1",0.369154228855721,"0","1","0","1","0","0"
"0",1,"1","1","0",0.869154228855721,"0","1","1","0","1","0"
"0",0.422535211267606,"1","1","0",0.751741293532338,"1","1","1","0","0","1"
"0",0.690140845070423,"1","1","1",0.770646766169154,"0","1","1","0","0","1"
"0",0.985915492957746,"1","1","0",0.646268656716418,"0","1","0","0","1","1"
"1",0.971830985915493,"1","1","0",0.714427860696517,"0","1","0","0","1","0"
"0",0.985915492957746,"1","1","0",0.790049751243781,"0","1","1","1","0","0"
"0",0.845070422535211,"1","0","1",0.495522388059701,"0","1","0","0","1","0"
"0",0.436619718309859,"1","0","1",0.775621890547264,"1","1","1","0","0","1"
"0",0,"1","0","1",0.61044776119403,"1","1","1","0","0","1"
"0",0.943661971830986,"1","1","1",0.834328358208955,"0","1","1","0","1","0"
"0",0.859154929577465,"1","1","0",0.0512437810945273,"0","0","0","0","1","0"
"0",0.0845070422535211,"1","0","1",0.525373134328358,"0","0","1","0","0","1"
"0",0.267605633802817,"1","1","1",0.666666666666667,"1","1","1","0","0","1"
"0",0.0704225352112676,"1","0","0",0.0119402985074627,"0","0","0","1","0","0"
"1",0.450704225352113,"0","0","1",0.409950248756219,"0","1","0","0","0","0"
"0",0.380281690140845,"1","1","0",0.735820895522388,"0","1","1","1","0","0"
"0",0.366197183098592,"1","0","0",0.0159203980099503,"0","0","0","0","1","0"
"0",0.0845070422535211,"1","0","0",0.255223880597015,"0","0","0","0","0","0"
"0",0.352112676056338,"1","1","1",0.619402985074627,"1","1","1","0","0","1"
"1",0.0563380281690141,"1","1","1",0.711940298507463,"1","1","1","0","0","1"
"1",0.408450704225352,"1","1","1",0.718905472636816,"0","1","1","0","0","0"
"0",0.873239436619718,"1","1","0",0.718407960199005,"0","1","1","1","0","0"
"0",0,"1","0","1",0.323383084577114,"1","1","0","0","0","1"
"0",0.732394366197183,"1","1","1",0.660199004975124,"0","1","0","1","0","1"
"0",0.183098591549296,"1","0","1",0.71044776119403,"1","1","1","0","0","0"
"0",0.28169014084507,"1","0","1",0.804975124378109,"0","1","1","0","0","0"
"0",0.225352112676056,"1","0","0",0.0169154228855721,"0","0","0","1","0","0"
"0",0.211267605633803,"1","0","0",0.0223880597014925,"0","0","0","0","1","0"
"0",0.47887323943662,"1","0","1",0.436318407960199,"0","1","0","0","0","1"
"1",0.436619718309859,"1","0","1",0.609452736318408,"0","1","1","0","0","1"
"0",0.380281690140845,"1","0","1",0.0129353233830846,"0","0","0","0","0","0"
"0",0,"1","0","1",0.0208955223880597,"0","0","0","0","0","0"
"0",0.816901408450704,"0","0","1",0.332835820895522,"0","1","0","0","0","1"
"0",1,"1","1","1",0.0502487562189055,"0","0","0","1","0","0"
"0",0.492957746478873,"1","0","1",0.469154228855721,"1","1","0","1","0","0"
"0",0.549295774647887,"1","0","0",0.466169154228856,"0","1","0","0","0","0"
"0",0.549295774647887,"1","1","1",0.62636815920398,"0","1","1","0","0","1"
"0",0.112676056338028,"1","0","1",0.543781094527363,"1","1","0","0","0","0"
"0",0.873239436619718,"1","0","0",0.559701492537313,"0","1","0","0","1","0"
"0",0.028169014084507,"1","0","1",0.619402985074627,"0","1","1","0","0","1"
"0",0.549295774647887,"0","0","0",0.418407960199005,"0","1","0","1","0","0"
"0",0.0985915492957746,"1","0","1",0.564676616915423,"0","1","1","0","0","0"
"1",0.464788732394366,"1","0","0",0.715422885572139,"0","1","1","1","0","0"
"0",0.0563380281690141,"0","0","0",0.216417910447761,"1","1","0","0","0","0"
"1",0.112676056338028,"1","1","1",0.807960199004975,"1","1","1","0","0","0"
"0",0.112676056338028,"1","1","1",0.50547263681592,"0","1","0","0","0","0"
"0",0.422535211267606,"1","1","0",0.412437810945274,"0","1","0","0","0","0"
"0",0.690140845070423,"1","0","1",0.0159203980099503,"0","0","0","1","0","0"
"0",0.0140845070422535,"1","0","1",0.676616915422886,"1","1","1","0","0","1"
"0",0,"1","0","1",0.272636815920398,"1","0","0","0","0","1"
"0",0.0985915492957746,"1","0","1",0.51592039800995,"1","0","1","0","0","0"
"0",0.112676056338028,"0","0","0",0.223880597014925,"0","1","0","0","0","1"
"1",0.0140845070422535,"1","0","1",0.516915422885572,"1","0","1","0","0","0"
"0",0.028169014084507,"1","0","0",0.369154228855721,"1","1","0","0","0","1"
"0",0.338028169014085,"1","0","1",0.770646766169154,"0","1","1","0","0","0"
"1",0,"1","0","0",0.27910447761194,"0","0","0","0","0","1"
"0",0.619718309859155,"1","1","0",0.627363184079602,"0","1","0","0","0","0"
"1",0.704225352112676,"1","1","1",0.656218905472637,"1","1","1","0","0","1"
"0",0.76056338028169,"1","0","0",0.0174129353233831,"0","0","0","0","0","0"
"0",0.52112676056338,"1","1","1",0.476616915422886,"0","1","0","0","0","0"
"0",0.0140845070422535,"1","0","0",0.274626865671642,"1","0","0","0","0","0"
"0",0.52112676056338,"1","0","0",0.0134328358208955,"0","0","0","0","0","1"
"0",0.464788732394366,"1","0","1",0.313930348258706,"0","1","0","0","0","1"
"0",0.971830985915493,"1","1","1",0.830845771144279,"0","1","1","1","0","1"
"0",0.169014084507042,"1","0","0",0.367164179104478,"0","1","0","1","0","0"
"0",0.535211267605634,"1","1","0",0.567164179104478,"1","0","1","0","0","1"
"0",0.845070422535211,"1","1","1",0.85273631840796,"0","1","1","1","0","1"
"0",0.154929577464789,"1","1","1",0.814925373134328,"1","1","1","0","0","0"
"0",0.563380281690141,"1","0","1",0.809950248756219,"0","1","1","0","1","0"
"0",0.28169014084507,"1","1","1",0.551741293532338,"0","0","1","0","0","1"
"1",0.76056338028169,"0","0","1",0.316417910447761,"0","1","0","1","0","0"
"0",0.957746478873239,"0","0","0",0.417910447761194,"0","1","0","0","1","0"
"1",0.352112676056338,"1","1","0",0.870646766169154,"1","1","1","0","0","1"
"1",0.957746478873239,"1","0","0",0.687064676616915,"0","1","1","1","0","0"
"1",0.23943661971831,"0","0","1",0.299502487562189,"1","1","0","0","0","1"
"0",0.647887323943662,"1","1","0",0.358208955223881,"0","1","0","0","0","1"
"0",1,"1","0","0",0.667164179104478,"0","1","0","0","1","0"
"1",0.450704225352113,"0","0","1",0.31592039800995,"0","1","0","0","0","1"
"0",0.0140845070422535,"0","0","1",0.0611940298507463,"1","0","0","0","0","0"
"0",1,"1","1","0",0.723383084577114,"0","1","0","0","1","0"
"1",0.507042253521127,"1","0","1",0.537313432835821,"0","0","1","0","0","0"
"1",0.859154929577465,"1","1","1",0.774626865671642,"0","1","1","0","0","0"
"0",0.985915492957746,"1","0","0",0.0159203980099503,"0","0","0","0","1","0"
"0",0.309859154929577,"1","0","1",0.36865671641791,"0","1","0","0","0","0"
"0",0.211267605633803,"1","0","0",0.018407960199005,"0","0","0","1","0","0"
"0",0.112676056338028,"1","0","1",0.509950248756219,"0","1","0","0","0","0"
"0",0.225352112676056,"1","1","1",0.0686567164179104,"0","0","0","0","1","0"
"0",0.0422535211267606,"1","0","0",0.026865671641791,"1","0","0","0","0","0"
"1",0,"1","0","1",0.311442786069652,"1","1","0","0","0","1"
"0",0.323943661971831,"1","1","1",0.610945273631841,"0","1","1","0","0","0"
"1",0,"1","0","1",0.527363184079602,"0","0","1","0","0","1"
"1",1,"1","1","0",0.950746268656716,"0","1","1","0","1","0"
"0",1,"1","1","0",0.0626865671641791,"0","0","0","0","1","1"
"0",0.140845070422535,"1","0","0",0.0144278606965174,"0","0","0","0","0","0"
"0",0.112676056338028,"1","0","0",0.0199004975124378,"1","0","0","0","0","0"
"1",0.0140845070422535,"1","0","0",0.317412935323383,"1","1","0","0","0","0"
"1",0.830985915492958,"1","1","1",0.818407960199005,"0","1","1","1","0","0"
"1",0.394366197183099,"1","1","1",0.772636815920398,"1","1","1","0","0","1"
"0",0.676056338028169,"1","0","1",0.559203980099503,"0","1","0","0","1","0"
"1",0.408450704225352,"1","1","1",0.854228855721393,"0","1","1","0","0","1"
"0",0.732394366197183,"1","0","0",0.00796019900497513,"0","0","0","1","0","0"
"0",0.535211267605634,"1","1","0",0.0671641791044776,"0","0","0","0","1","0"
"0",0.112676056338028,"1","0","0",0.00796019900497513,"0","0","0","0","0","0"
"0",0.535211267605634,"1","0","0",0.633333333333333,"0","1","1","1","0","1"
"1",0.0985915492957746,"1","0","1",0.511940298507463,"0","0","1","0","0","1"
"0",0.704225352112676,"1","1","1",0.715422885572139,"0","1","1","1","0","1"
"0",0.985915492957746,"1","1","0",0.0706467661691542,"0","0","0","0","1","0"
"1",0.985915492957746,"1","1","1",0.063681592039801,"0","0","0","0","1","0"
"1",0.971830985915493,"1","0","1",0.0129353233830846,"0","0","0","0","1","0"
"1",0,"0","0","0",0.0696517412935323,"1","0","0","0","0","1"
"0",0.52112676056338,"0","0","1",0.415422885572139,"0","1","0","0","1","0"
"0",0.380281690140845,"1","0","0",0.712935323383085,"0","1","1","0","0","0"
"0",0.436619718309859,"1","0","0",0.0114427860696517,"0","0","0","0","0","0"
"1",0.676056338028169,"1","0","0",0.313930348258706,"0","1","0","0","1","0"
"0",0.507042253521127,"1","1","1",0.0582089552238806,"0","0","0","0","1","0"
"0",0.126760563380282,"1","0","0",0.358208955223881,"0","1","0","0","0","1"
"0",0.929577464788732,"1","1","0",0.911940298507463,"0","1","1","1","0","0"
"0",0.0845070422535211,"0","0","1",0.171641791044776,"0","1","0","1","0","0"
"0",0.704225352112676,"1","0","0",0.68955223880597,"0","1","1","1","0","0"
"0",0.112676056338028,"1","0","0",0.267661691542289,"1","0","0","0","0","1"
"0",0.112676056338028,"1","0","1",0.698009950248756,"0","1","1","0","0","0"
"0",0.0422535211267606,"1","0","1",0.323880597014925,"0","1","0","0","0","0"
"0",0.985915492957746,"1","1","1",0.803482587064677,"0","1","1","0","1","1"
"0",0.690140845070423,"1","1","1",0.658208955223881,"1","1","1","0","0","0"
"1",0.323943661971831,"1","0","1",0.77910447761194,"0","1","1","0","1","1"
"0",0.295774647887324,"1","0","1",0.412935323383085,"0","1","0","1","0","0"
"0",0.605633802816901,"1","1","1",0.927860696517413,"0","1","1","0","0","1"
"0",0.450704225352113,"1","1","0",0.0597014925373134,"0","0","0","0","0","0"
"0",0,"1","1","1",0.565671641791045,"1","0","1","0","0","1"
"0",0.746478873239437,"1","1","1",0.516417910447761,"1","1","0","1","0","0"
"0",0.577464788732394,"1","1","1",0.830845771144279,"1","1","1","0","0","1"
"0",0,"1","0","0",0.274129353233831,"1","0","0","0","0","1"
"0",0,"1","0","0",0.0223880597014925,"0","0","0","0","0","0"
"0",0.408450704225352,"1","0","0",0.518905472636816,"0","1","0","1","0","1"
"0",0,"0","0","0",0.122388059701493,"0","1","0","0","0","0"
"0",0.211267605633803,"1","1","0",0.66318407960199,"0","1","0","0","0","1"
"0",0,"1","0","1",0.018407960199005,"1","0","0","0","0","0"
"0",0.112676056338028,"0","0","0",0.222885572139303,"1","1","0","0","0","0"
"1",0.633802816901408,"1","1","1",0.823383084577114,"1","1","1","0","0","1"
"0",0,"1","0","1",0.505970149253731,"1","0","1","0","0","1"
"0",0.985915492957746,"1","0","0",0.360696517412935,"0","1","0","0","1","0"
"0",0.591549295774648,"1","1","1",0.568159203980099,"0","0","1","0","0","0"
"0",0.690140845070423,"0","0","1",0.260696517412935,"0","1","0","1","0","0"
"0",0.169014084507042,"1","1","1",0.564676616915423,"1","0","1","0","0","0"
"0",0.253521126760563,"1","0","0",0.813432835820896,"1","1","1","1","0","0"
"0",0.563380281690141,"1","1","0",0.794029850746269,"0","1","1","0","0","0"
"1",0,"1","0","1",0.52636815920398,"1","0","1","0","0","1"
"0",0.323943661971831,"0","0","1",0.357213930348259,"1","1","0","0","0","0"
"0",0.549295774647887,"1","1","0",0.454228855721393,"0","1","0","1","0","0"
"0",0.028169014084507,"1","1","1",0.506467661691542,"0","1","0","0","0","0"
"0",0.507042253521127,"1","1","0",0.461691542288557,"0","1","0","1","0","0"
"0",0.929577464788732,"1","1","1",0.900497512437811,"1","1","1","0","1","0"
"0",0.436619718309859,"1","1","1",0.801990049751244,"0","1","1","0","0","1"
"0",0.0704225352112676,"1","0","1",0.307462686567164,"1","1","0","0","0","1"
"0",0.436619718309859,"1","1","0",0.709950248756219,"0","1","1","0","0","1"
"0",0.816901408450704,"1","1","1",0.646766169154229,"0","1","1","0","0","1"
"0",0.408450704225352,"1","0","0",0.517412935323383,"0","1","0","1","0","0"
"0",0.267605633802817,"1","0","1",0.0114427860696517,"1","0","0","0","0","1"
"0",0.366197183098592,"1","1","0",0.0621890547263682,"0","0","0","0","1","1"
"1",0.267605633802817,"1","1","1",0.605970149253731,"1","1","1","0","0","1"
"0",0.112676056338028,"1","0","0",0.018407960199005,"0","0","0","1","0","0"
"0",0.943661971830986,"1","1","1",0.544776119402985,"0","1","0","1","0","0"
"0",0.957746478873239,"1","1","0",0.429353233830846,"0","1","0","0","1","0"
"0",0.352112676056338,"1","1","1",0.657213930348259,"0","1","1","0","0","0"
"0",0.957746478873239,"1","0","0",0.0164179104477612,"0","0","0","0","1","0"
"0",0.140845070422535,"1","0","0",0.0213930348258706,"0","0","0","0","1","0"
"0",0,"1","1","0",0.323383084577114,"0","0","0","0","0","0"
"0",0.126760563380282,"1","0","0",0.0218905472636816,"0","0","0","1","0","0"
"0",0.76056338028169,"1","1","1",0.572139303482587,"0","1","0","1","0","0"
"0",0.605633802816901,"1","0","0",0.469154228855721,"0","1","0","1","0","1"
"1",0.633802816901408,"1","0","1",0.618407960199005,"1","1","1","0","0","1"
"0",0.957746478873239,"1","0","1",0.412935323383085,"0","1","0","0","1","0"
"1",0.140845070422535,"1","0","1",0.599502487562189,"0","1","1","0","0","1"
"0",0.140845070422535,"1","1","1",0.833333333333333,"1","1","1","0","0","1"
"0",0.394366197183099,"1","0","0",0.30547263681592,"0","1","0","0","0","0"
"0",0.788732394366197,"1","1","1",0.809950248756219,"0","1","1","0","0","1"
"0",0.380281690140845,"1","0","0",0,"0","0","0","1","0","0"
"0",0.577464788732394,"1","0","0",0.361194029850746,"0","1","0","0","0","0"
"0",0.0140845070422535,"1","0","0",0.0238805970149254,"1","0","0","0","0","0"
"0",0.309859154929577,"0","0","0",0.222885572139303,"0","1","0","1","0","0"
"0",0.23943661971831,"1","0","0",0.0218905472636816,"0","0","0","0","0","0"
"0",0.859154929577465,"1","1","0",0.0651741293532338,"0","0","0","1","0","0"
"0",0,"1","0","1",0.522885572139303,"1","0","1","0","0","0"
"0",0.211267605633803,"1","1","1",0.704477611940298,"1","1","1","0","0","0"
"0",0.028169014084507,"1","1","1",0.779601990049751,"1","1","1","0","0","1"
"0",0.929577464788732,"1","1","1",0.701990049751244,"0","1","0","1","0","0"
"0",0.859154929577465,"1","0","1",0.017910447761194,"0","0","0","0","1","0"
"0",0.788732394366197,"1","1","1",0.858208955223881,"1","1","1","0","0","0"
"0",0.0140845070422535,"1","0","1",0.512935323383085,"0","0","1","0","0","1"
"0",0.309859154929577,"1","1","1",0.586069651741294,"0","1","0","0","1","0"
"0",0.338028169014085,"0","0","0",0.167164179104478,"0","1","0","0","1","0"
"1",1,"1","1","1",0.894029850746269,"0","1","1","0","1","0"
"0",0.0140845070422535,"1","1","1",0.654726368159204,"0","1","1","0","0","1"
"0",0.0985915492957746,"1","0","1",0.0194029850746269,"0","0","0","1","0","0"
"0",0.0563380281690141,"1","1","1",0.321890547263682,"1","0","0","0","0","0"
"0",0.47887323943662,"0","0","0",0.307960199004975,"0","1","0","0","0","1"
"0",0.323943661971831,"1","1","0",0.0631840796019901,"0","0","0","1","0","1"
"0",0.0140845070422535,"1","0","1",0.53134328358209,"0","0","1","0","0","1"
"0",1,"1","1","1",0.862189054726368,"0","1","1","0","1","0"
"0",0.563380281690141,"1","1","1",0.878109452736318,"0","1","1","0","0","1"
"0",0.0422535211267606,"1","0","0",0.309452736318408,"1","1","0","0","0","1"
"0",0.352112676056338,"1","0","0",0.569651741293532,"0","1","1","1","0","0"
"0",0.0845070422535211,"1","0","1",0.756218905472637,"1","1","1","0","0","1"
"0",0,"1","0","1",0.504477611940298,"1","0","1","0","0","1"
"0",0.0422535211267606,"1","1","1",0.400497512437811,"0","1","0","0","0","0"
"0",0.661971830985915,"1","0","0",0.603482587064677,"0","1","0","0","1","0"
"1",0.0140845070422535,"1","1","1",0.752238805970149,"1","1","1","0","0","1"
"1",0.154929577464789,"1","0","1",0.606467661691542,"0","1","0","1","0","1"
"0",0.830985915492958,"1","1","1",0.907462686567164,"0","1","1","0","0","0"
"0",0.76056338028169,"1","0","1",0.407462686567164,"0","1","0","0","1","1"
"0",0,"0","0","0",0.108457711442786,"0","1","0","0","0","0"
"0",0,"1","0","0",0.017910447761194,"0","0","0","0","0","0"
"0",0.0422535211267606,"1","1","1",0.575124378109453,"1","0","1","0","0","1"
"0",0,"0","0","1",0.0616915422885572,"1","0","0","0","0","0"
"0",0.577464788732394,"1","0","0",0.480099502487562,"0","1","0","0","1","0"
"0",0,"1","0","0",0.311442786069652,"0","1","0","0","0","0"
"0",0.0845070422535211,"1","1","1",0.707462686567164,"1","1","1","0","0","0"
"0",0.028169014084507,"1","0","1",0.550746268656716,"0","1","1","0","0","0"
"0",1,"1","1","1",0.640796019900498,"0","1","0","0","1","0"
"0",0.197183098591549,"1","1","1",0.305970149253731,"0","0","0","0","0","1"
"0",0.0422535211267606,"1","0","1",0.617910447761194,"1","1","1","0","0","1"
"0",0.140845070422535,"1","1","0",0.0691542288557214,"0","0","0","1","0","1"
"0",0.0563380281690141,"1","1","0",0.0716417910447761,"0","0","0","0","0","0"
"1",0,"1","0","1",0.37363184079602,"1","1","0","0","0","1"
"0",1,"1","1","1",0.921890547263682,"0","1","1","0","1","0"
"0",0.76056338028169,"1","1","1",0.592039800995025,"0","1","1","0","0","0"
"0",0.549295774647887,"1","1","1",0.0791044776119403,"0","0","0","0","0","1"
"0",0.788732394366197,"1","0","0",0.0164179104477612,"0","0","0","0","1","0"
"0",0,"1","0","1",0.604975124378109,"1","1","1","0","0","1"
"0",0,"1","0","1",0.763681592039801,"1","1","1","0","0","1"
"0",0,"0","0","0",0.0691542288557214,"1","0","0","0","0","0"
"1",0.71830985915493,"1","1","1",0.622885572139303,"0","1","0","1","0","1"
"1",0.563380281690141,"1","1","1",0.797512437810945,"1","1","1","0","0","1"
"0",0.591549295774648,"1","0","1",0.37910447761194,"0","1","0","1","0","0"
"0",0.647887323943662,"1","0","0",0.0104477611940299,"0","0","0","0","1","0"
"0",0.028169014084507,"1","1","0",0.319900497512438,"0","0","0","0","0","0"
"1",0.915492957746479,"1","1","0",0.608457711442786,"1","1","0","0","1","0"
"0",0.76056338028169,"1","0","1",0.368159203980099,"0","1","0","0","1","0"
"0",0.394366197183099,"1","0","0",0.00845771144278608,"0","0","0","1","0","0"
"0",0.154929577464789,"1","1","1",0.654726368159204,"0","1","1","0","0","1"
"0",0.915492957746479,"1","1","1",0.865174129353234,"0","1","1","0","0","1"
"1",0.47887323943662,"1","1","1",0.827363184079602,"1","1","1","0","0","1"
"1",0.126760563380282,"1","1","1",0.711940298507463,"1","1","1","0","0","1"
"0",0.366197183098592,"1","1","1",0.572139303482587,"0","0","1","0","0","0"
"0",0.802816901408451,"1","0","1",0.766666666666667,"0","1","1","0","0","1"
"0",0.746478873239437,"1","0","0",0.91044776119403,"1","1","1","0","1","0"
"0",0.112676056338028,"1","0","0",0.0159203980099503,"0","0","0","0","0","0"
"0",0.0140845070422535,"1","0","0",0.0104477611940299,"1","0","0","1","0","0"
"0",0.0704225352112676,"1","0","1",0.505970149253731,"0","0","1","0","0","1"
"1",0.352112676056338,"1","0","1",0.72636815920398,"1","1","1","0","0","1"
"0",0.112676056338028,"1","0","0",0.0199004975124378,"0","0","0","0","0","0"
"0",0.0985915492957746,"1","0","1",0.36318407960199,"0","1","0","0","0","0"
"0",0.154929577464789,"1","0","1",0.628855721393035,"0","1","1","0","0","1"
"0",0.197183098591549,"1","1","1",0.306965174129353,"1","0","0","0","0","1"
"0",0.591549295774648,"1","1","1",0.616417910447761,"0","1","0","1","0","1"
"0",0.577464788732394,"1","1","1",0.816417910447761,"0","1","1","0","0","1"
"0",0.422535211267606,"1","1","0",0.467661691542289,"1","1","0","0","0","0"
"0",0.915492957746479,"1","1","1",0.723383084577114,"0","1","1","0","1","0"
"1",0.23943661971831,"1","1","1",0.66865671641791,"1","1","1","0","0","1"
"0",0,"1","0","0",0.0174129353233831,"0","0","0","0","0","0"
"0",0.845070422535211,"1","1","1",0.754726368159204,"1","1","1","0","1","1"
"0",0.126760563380282,"1","1","0",0.612935323383085,"0","1","1","0","0","1"
"1",0,"1","0","1",0.53134328358209,"1","0","1","0","0","1"
"1",0.23943661971831,"1","0","1",0.550248756218905,"0","1","1","0","0","1"
"0",0.323943661971831,"1","1","1",0.859701492537314,"1","1","1","0","0","1"
"0",0.028169014084507,"1","0","0",0.0104477611940299,"0","0","0","0","0","0"
"0",0.690140845070423,"1","0","0",0.0189054726368159,"0","0","0","1","0","0"
"0",0,"1","0","0",0.261691542288557,"0","0","0","0","0","1"
"0",0.0140845070422535,"1","0","1",0.360199004975124,"0","1","0","0","0","0"
"0",0.225352112676056,"1","0","1",0.0139303482587065,"0","0","0","1","0","0"
"0",0.957746478873239,"1","1","1",0.86318407960199,"0","1","1","0","1","1"
"0",1,"1","1","1",0.700995024875622,"0","1","0","0","1","0"
"0",0.028169014084507,"1","1","1",0.557213930348259,"1","0","1","0","0","1"
"1",0.690140845070423,"1","1","1",0.566169154228856,"0","1","0","0","1","0"
"0",0.732394366197183,"1","0","0",0.0199004975124378,"0","0","0","0","1","0"
"0",0.802816901408451,"1","1","1",0.903980099502487,"0","1","1","0","1","0"
"0",0.633802816901408,"0","0","1",0.124378109452736,"0","1","0","1","0","0"
"1",1,"1","1","1",0.941791044776119,"0","1","1","0","0","0"
"1",0,"1","1","1",0.556716417910448,"1","0","1","0","0","1"
"0",0.0704225352112676,"1","1","1",0.754228855721393,"0","1","1","0","0","0"
"0",1,"1","1","0",0.602985074626866,"0","1","0","0","1","0"
"0",0.0422535211267606,"1","0","1",0.36865671641791,"0","1","0","0","0","0"
"0",0.71830985915493,"1","0","0",0.0109452736318408,"0","0","0","0","1","0"
"0",0.0140845070422535,"1","0","0",0.0218905472636816,"0","0","0","1","0","0"
"0",0.901408450704225,"1","0","0",0.0109452736318408,"0","0","0","0","1","0"
"1",0.591549295774648,"1","1","1",0.823383084577114,"1","1","1","0","0","1"
"0",0.0422535211267606,"1","1","1",0.815422885572139,"1","1","1","0","0","1"
"1",0.338028169014085,"1","1","1",0.704477611940298,"1","1","1","1","0","1"
"0",0.704225352112676,"1","1","1",0.600995024875622,"0","1","0","1","0","0"
"0",0.154929577464789,"1","1","0",0.562189054726368,"0","1","0","0","0","0"
"0",0.788732394366197,"1","0","1",0.51592039800995,"1","1","0","1","0","0"
"0",0.323943661971831,"1","0","0",0.0164179104477612,"0","0","0","1","0","0"
"0",0.887323943661972,"1","1","0",0.399004975124378,"0","1","0","1","0","0"
"0",0.0422535211267606,"1","0","1",0.869651741293532,"1","1","1","1","0","1"
"0",0.352112676056338,"1","1","1",0.818407960199005,"0","1","1","0","0","0"
"0",0.197183098591549,"1","0","0",0.017910447761194,"0","0","0","0","0","0"
"1",0.887323943661972,"1","1","0",0.0736318407960199,"0","0","0","0","1","0"
"1",0.492957746478873,"1","1","1",0.778606965174129,"1","1","1","0","0","1"
"0",0.366197183098592,"1","1","0",0.763681592039801,"0","1","1","0","0","0"
"1",0,"1","0","0",0.523383084577114,"1","0","1","0","0","0"
"0",0.47887323943662,"1","1","1",0.67363184079602,"1","1","0","1","0","0"
"0",0.0422535211267606,"1","0","1",0.553731343283582,"1","1","1","0","0","1"
"0",0.0985915492957746,"1","0","1",0.270646766169154,"0","0","0","0","0","1"
"0",0.126760563380282,"1","0","1",0.0174129353233831,"0","0","0","0","0","0"
"0",0.0140845070422535,"1","0","0",0.307960199004975,"0","1","0","0","0","0"
"0",0.802816901408451,"1","1","1",0.907462686567164,"1","1","1","0","1","0"
"0",0.704225352112676,"1","0","1",0.646766169154229,"0","1","0","0","1","0"
"0",0.633802816901408,"1","0","1",0.00995024875621891,"0","0","0","0","1","0"
"0",0,"1","0","1",0.0139303482587065,"0","0","0","0","0","0"
"0",0.633802816901408,"1","1","0",0.542786069651741,"0","0","1","0","0","0"
"0",0.690140845070423,"1","1","1",0.909452736318408,"0","1","1","0","0","0"
"0",0.732394366197183,"1","0","0",0.465174129353234,"0","1","0","0","0","0"
"0",0.845070422535211,"1","1","1",0.953731343283582,"0","1","1","0","0","1"
"0",0.0563380281690141,"1","0","0",0.0238805970149254,"0","0","0","0","0","0"
"0",0.647887323943662,"1","0","1",0.683582089552239,"0","1","0","1","0","0"
"0",0.746478873239437,"1","1","1",0.761194029850746,"0","1","1","1","0","0"
"0",0.253521126760563,"0","0","1",0.0706467661691542,"0","0","0","0","0","0"
"0",0.352112676056338,"1","0","1",0.867661691542289,"0","1","1","0","1","1"
"0",0.971830985915493,"1","1","0",0.0711442786069652,"0","0","0","0","1","0"
"0",0.225352112676056,"1","1","1",0.838805970149254,"0","1","1","0","0","1"
"0",0.408450704225352,"1","1","1",0.815422885572139,"1","1","1","0","0","1"
"0",0,"1","1","0",0.0572139303482587,"0","0","0","0","0","0"
"0",0.253521126760563,"1","1","0",0.073134328358209,"0","0","0","0","1","0"
"0",0.352112676056338,"1","0","1",0.549751243781095,"0","1","0","0","1","0"
"0",0.28169014084507,"1","0","1",0.555223880597015,"1","1","1","0","0","0"
"0",0.690140845070423,"1","1","1",0.796019900497512,"0","1","1","1","0","1"
"0",0.943661971830986,"0","0","1",0.359701492537313,"0","1","0","1","0","1"
"0",0.028169014084507,"1","1","1",0.828855721393035,"1","1","1","0","0","0"
"0",0.112676056338028,"1","0","0",0.844278606965174,"0","1","1","0","0","1"
"0",0.704225352112676,"0","0","0",0.158706467661692,"0","1","0","0","1","0"
"0",0.112676056338028,"1","0","1",0.253731343283582,"0","0","0","0","0","1"
"1",0.563380281690141,"1","1","1",0.932338308457711,"1","1","1","1","0","1"
"0",0.295774647887324,"1","1","1",0.819900497512438,"0","1","1","0","0","1"
"0",0.28169014084507,"0","0","1",0.375124378109453,"1","1","0","1","0","1"
"0",0.985915492957746,"1","1","1",0.973134328358209,"0","1","1","0","1","0"
"0",0,"1","0","0",0.27363184079602,"1","0","0","0","0","1"
"0",0.352112676056338,"1","1","1",0.634328358208955,"0","1","0","1","0","0"
"0",0.985915492957746,"1","1","0",0.466666666666667,"0","1","0","0","1","0"
"0",0.0422535211267606,"1","0","1",0.264179104477612,"0","0","0","0","0","0"
"0",0.154929577464789,"1","1","1",0.612437810945274,"0","1","1","0","0","1"
"0",0.23943661971831,"1","1","1",0.702487562189055,"0","1","1","0","0","1"
"0",0.028169014084507,"1","1","1",0.564179104477612,"0","0","1","0","0","1"
"1",1,"1","1","1",0.881592039800995,"0","1","1","1","0","0"
"0",0.140845070422535,"1","0","0",0.564179104477612,"1","1","1","0","0","1"
"0",0,"1","0","0",0.61592039800995,"1","1","1","0","0","0"
"0",0.169014084507042,"1","0","0",0.0104477611940299,"0","0","0","1","0","0"
"0",1,"1","1","1",0.90547263681592,"1","1","1","1","0","1"
"0",0.577464788732394,"1","1","0",0.376616915422886,"0","1","0","1","0","0"
"0",0.225352112676056,"1","0","0",0.0144278606965174,"0","0","0","0","0","0"
"1",0.0845070422535211,"1","0","1",0.328855721393035,"0","1","0","0","0","0"
"0",0.943661971830986,"1","1","0",0.998507462686567,"0","1","1","0","1","0"
"0",0.774647887323944,"1","1","0",0.0587064676616915,"0","0","0","0","1","0"
"0",0.52112676056338,"1","0","0",0.0203980099502488,"0","0","0","1","0","0"
"0",1,"1","1","1",0.967661691542289,"0","1","1","0","1","1"
"0",0.661971830985915,"1","1","0",0.0676616915422886,"0","0","0","1","0","0"
"1",0.71830985915493,"1","1","1",0.903980099502487,"0","1","1","0","0","1"
"0",0.47887323943662,"1","0","0",0.0139303482587065,"0","0","0","1","0","0"
"0",0.929577464788732,"1","1","1",0.925870646766169,"0","1","1","0","1","0"
"0",0,"0","0","0",0.11592039800995,"0","1","0","0","0","0"
"0",0.732394366197183,"1","0","1",0.620398009950249,"0","1","1","0","0","0"
"0",0.464788732394366,"1","0","0",0.0253731343283582,"0","0","0","0","0","0"
"0",0.028169014084507,"0","0","0",0.16865671641791,"1","1","0","0","0","0"
"0",0,"1","0","0",0.602487562189055,"1","1","1","0","0","1"
"0",0.253521126760563,"1","0","0",0.713432835820896,"0","1","1","0","0","0"
"1",0.830985915492958,"1","1","1",0.973134328358209,"0","1","1","0","1","0"
"0",0.140845070422535,"1","0","0",0.0129353233830846,"0","0","0","0","1","0"
"0",0.647887323943662,"1","1","1",0.877114427860697,"1","1","1","0","0","1"
"0",0.23943661971831,"1","0","0",0.309950248756219,"1","1","0","0","0","1"
"0",0.830985915492958,"1","1","0",0.965174129353234,"0","1","1","0","1","0"
"0",1,"1","1","0",0.0651741293532338,"0","0","0","0","1","0"
"0",0.535211267605634,"1","0","0",0.0164179104477612,"0","0","0","1","0","0"
"0",0.816901408450704,"1","0","1",0.626865671641791,"0","1","1","1","0","0"
"0",0.0140845070422535,"1","0","0",0.514427860696517,"0","0","1","0","0","0"
"1",0,"1","0","0",0.505970149253731,"1","0","1","0","0","1"
"0",0.267605633802817,"1","0","1",0.71592039800995,"1","1","1","0","0","1"
"0",0.0704225352112676,"1","1","1",0.749253731343284,"1","1","1","0","0","0"
"0",0.985915492957746,"1","1","1",0.678109452736319,"0","1","1","0","1","0"
"0",0.323943661971831,"1","1","0",0.478109452736318,"0","1","0","0","0","0"
"1",0.929577464788732,"1","1","1",0.760199004975124,"0","1","1","0","0","0"
"0",0,"1","0","1",0.622885572139303,"1","1","1","0","0","0"
"0",0.661971830985915,"1","1","1",0.634825870646766,"1","1","1","1","0","0"
"0",0.507042253521127,"1","1","0",0.535820895522388,"0","1","0","1","0","0"
"0",0.140845070422535,"0","0","0",0.163681592039801,"0","1","0","0","0","0"
"0",0.028169014084507,"1","0","1",0.0228855721393035,"1","0","0","0","0","0"
"0",0.23943661971831,"1","0","1",0.773134328358209,"0","1","1","0","0","0"
"0",0.690140845070423,"1","0","1",0.264179104477612,"0","0","0","1","0","0"
"0",0.929577464788732,"1","1","1",0.906965174129353,"0","1","1","1","0","1"
"0",0.338028169014085,"1","0","1",0.525373134328358,"0","1","0","0","0","0"
"1",0.0140845070422535,"1","1","1",0.6,"1","1","1","0","0","1"
"0",0.112676056338028,"1","0","0",0.0144278606965174,"0","0","0","0","0","0"
"0",0.126760563380282,"0","0","0",0.218905472636816,"0","1","0","1","0","0"
"0",0.971830985915493,"1","0","0",0.0159203980099503,"0","0","0","0","1","0"
"0",0.112676056338028,"1","0","1",0.497512437810945,"0","1","0","0","0","0"
"0",0.0422535211267606,"1","0","1",0.0189054726368159,"0","0","0","0","0","0"
"0",0.0140845070422535,"1","0","0",0.325373134328358,"0","1","0","0","0","0"
"0",0,"1","0","0",0.600995024875622,"1","1","1","0","0","1"
"0",0.253521126760563,"0","0","1",0.0686567164179104,"0","0","0","0","0","0"
"0",0.0845070422535211,"1","0","1",0.0199004975124378,"0","0","0","0","0","0"
"0",0,"1","0","1",0.245273631840796,"1","0","0","0","0","1"
"1",0,"1","0","0",0.256218905472637,"0","0","0","0","0","1"
"0",0.112676056338028,"1","0","0",0.0199004975124378,"0","0","0","1","0","0"
"0",0.028169014084507,"0","0","0",0.159203980099502,"1","1","0","0","0","0"
"0",0.112676056338028,"0","0","0",0.400497512437811,"1","1","0","0","0","0"
"0",0.0563380281690141,"1","0","0",0.37363184079602,"0","1","0","0","0","0"
"0",0.774647887323944,"1","0","0",0.702985074626866,"0","1","1","1","0","0"
"0",0.23943661971831,"1","1","0",0.392039800995025,"0","1","0","0","0","0"
"1",0.676056338028169,"1","1","1",0.775621890547264,"1","1","1","0","0","1"
"0",0.971830985915493,"1","1","0",0.605970149253731,"0","1","0","0","1","0"
"0",1,"1","1","1",0.893532338308458,"0","1","1","0","1","0"
"1",0.0704225352112676,"1","0","0",0.558706467661692,"1","1","1","0","0","1"
"1",0.225352112676056,"1","1","1",0.761691542288557,"0","1","1","0","0","1"
"0",0.394366197183099,"0","0","1",0.275124378109453,"0","1","0","0","0","1"
"0",0.0704225352112676,"1","1","1",0.866169154228856,"1","1","1","0","0","1"
"0",0.873239436619718,"1","1","0",0.839303482587065,"0","1","1","0","1","1"
"0",0.211267605633803,"1","1","1",0.553233830845771,"1","0","1","0","0","0"
"0",0.816901408450704,"1","0","1",0.428855721393035,"0","1","0","1","0","0"
"0",0.028169014084507,"1","0","0",0.391044776119403,"0","1","0","0","0","1"
"0",0.0985915492957746,"0","0","1",0.109452736318408,"0","1","0","0","0","0"
"1",0.0845070422535211,"1","1","1",0.659701492537313,"1","1","1","0","0","1"
"0",0.943661971830986,"1","0","0",0.0134328358208955,"0","0","0","0","1","0"
"0",0.943661971830986,"1","1","0",0.930348258706468,"0","1","1","0","1","0"
"1",0.71830985915493,"1","1","1",0.878109452736318,"0","1","1","1","0","1"
"0",1,"1","1","1",0.890049751243781,"0","1","1","0","1","0"
"0",0.436619718309859,"1","0","0",0.0104477611940299,"0","0","0","1","0","0"
"0",1,"1","0","0",0.017910447761194,"0","0","0","0","1","0"
"0",0,"1","0","1",0.514427860696517,"0","0","1","0","0","0"
"0",0.577464788732394,"1","0","0",0.452238805970149,"0","1","0","1","0","0"
"0",0.338028169014085,"1","1","0",0.0646766169154229,"1","0","0","0","1","0"
"0",0.619718309859155,"1","0","1",0.324875621890547,"0","1","0","0","0","0"
"0",0.591549295774648,"0","0","1",0.419402985074627,"0","1","0","1","0","0"
"0",0.507042253521127,"1","1","0",0.606965174129353,"0","1","0","1","0","0"
"1",0.267605633802817,"1","1","1",0.672139303482587,"1","1","1","0","0","0"
"0",0.0422535211267606,"0","0","1",0.0616915422885572,"1","0","0","0","0","1"
"0",0.873239436619718,"1","0","1",0.913930348258706,"0","1","1","0","1","0"
"0",0.028169014084507,"1","0","0",0.72089552238806,"0","1","1","0","0","0"
"0",0.915492957746479,"1","1","1",0.0701492537313433,"0","0","0","0","1","0"
"0",0.380281690140845,"1","1","1",0.870149253731343,"1","1","1","0","0","1"
"1",0.0985915492957746,"1","1","0",0.666169154228856,"0","1","1","0","0","1"
"0",0.985915492957746,"1","1","0",0.0606965174129353,"0","0","0","0","1","0"
"0",0,"0","0","1",0.0597014925373134,"1","0","0","0","0","1"
"0",1,"1","1","0",0.0681592039800995,"0","0","0","0","1","0"
"1",0.211267605633803,"1","0","1",0.361194029850746,"0","1","0","0","0","0"
"0",0.915492957746479,"1","1","0",0.779601990049751,"0","1","1","0","1","0"
"0",0.140845070422535,"1","1","1",0.579601990049751,"1","0","1","0","0","1"
"0",0.704225352112676,"1","1","1",0.625870646766169,"0","1","0","1","0","0"
"0",0.0985915492957746,"0","0","1",0.201492537313433,"0","1","0","0","0","1"
"0",0.183098591549296,"1","0","1",0.742786069651741,"0","1","1","0","0","1"
"0",0.0422535211267606,"1","1","1",0.748756218905473,"1","1","1","0","0","1"
"0",0.971830985915493,"1","1","0",0.661194029850746,"0","1","0","0","1","0"
"0",0.971830985915493,"1","1","0",0.475124378109453,"0","1","0","0","1","1"
"1",0.746478873239437,"1","1","1",0.828358208955224,"1","1","1","1","0","0"
"0",0.380281690140845,"1","0","1",0.563681592039801,"1","1","1","0","0","0"
"0",0.323943661971831,"1","0","0",0.0248756218905473,"0","0","0","0","1","0"
"0",0.957746478873239,"1","0","1",0.429850746268657,"0","1","0","0","1","0"
"0",0.577464788732394,"1","0","0",0.360696517412935,"0","1","0","0","0","0"
"1",0.0140845070422535,"1","0","1",0.510945273631841,"1","0","1","0","0","1"
"1",0.535211267605634,"1","1","1",0.810945273631841,"0","1","1","0","0","1"
"0",0.619718309859155,"1","1","1",0.91044776119403,"0","1","1","0","1","0"
"0",1,"1","1","1",0.622885572139303,"0","1","0","0","1","0"
"0",0.52112676056338,"1","0","0",0.0203980099502488,"0","0","0","0","1","0"
"0",1,"1","1","1",0.493034825870647,"0","1","0","0","1","0"
"0",0,"1","1","1",0.0577114427860697,"1","0","0","0","0","0"
"0",1,"1","0","1",0.0154228855721393,"0","0","0","0","1","0"
"0",0.76056338028169,"1","1","0",0.0741293532338308,"0","0","0","0","1","0"
"0",0.704225352112676,"0","0","1",0.377114427860696,"0","1","0","1","0","1"
"0",0.873239436619718,"1","0","1",0.681094527363184,"0","1","0","0","1","0"
"0",0,"1","0","0",0.0213930348258706,"0","0","0","0","0","0"
"0",0.309859154929577,"1","0","1",0.0139303482587065,"0","0","0","0","1","0"
"0",0,"1","0","0",0.321393034825871,"1","1","0","0","0","1"
"0",0.0140845070422535,"1","1","1",0.359203980099502,"0","1","0","0","0","0"
"1",0.71830985915493,"1","1","0",0.894029850746269,"0","1","1","0","0","0"
"0",0.492957746478873,"1","1","0",0.360199004975124,"0","1","0","1","0","0"
"0",0,"1","0","0",0.269651741293532,"0","0","0","0","0","0"
"0",0.380281690140845,"1","1","0",0.40547263681592,"0","1","0","1","0","0"
"0",0.0845070422535211,"1","0","0",0.509452736318408,"0","1","0","1","0","1"
"0",0.183098591549296,"1","1","1",0.818905472636816,"1","1","1","0","0","1"
"1",1,"0","0","1",0.464676616915423,"0","1","0","0","1","0"
"0",0,"1","0","1",0.0223880597014925,"1","0","0","0","0","0"
"0",0.126760563380282,"1","0","0",0.00597014925373136,"0","0","0","0","0","0"
"0",0.577464788732394,"1","0","0",0.0154228855721393,"0","0","0","1","0","0"
"0",0.0845070422535211,"0","0","0",0.0676616915422886,"0","0","0","0","0","0"
"0",0.0422535211267606,"1","0","1",0.562686567164179,"1","1","1","0","0","0"
"0",1,"1","1","1",0.955721393034826,"0","1","1","0","1","0"
"0",0.267605633802817,"0","0","1",0.0616915422885572,"1","0","0","0","0","1"
"0",0.873239436619718,"1","0","0",0.904975124378109,"0","1","1","0","1","0"
"0",0.774647887323944,"0","0","0",0.266666666666667,"0","1","0","0","1","0"
"0",0.0563380281690141,"1","0","1",0.325870646766169,"0","1","0","0","0","0"
"0",1,"1","1","1",0.917412935323383,"0","1","1","0","1","0"
"1",0.943661971830986,"1","1","1",0.660696517412935,"0","1","1","0","0","1"
"0",0.929577464788732,"1","0","0",0.41592039800995,"0","1","0","1","0","0"
"0",0.0985915492957746,"1","0","0",0.262686567164179,"0","0","0","0","0","0"
"0",0.71830985915493,"1","1","1",0.746268656716418,"0","1","1","0","0","0"
"0",0.23943661971831,"1","0","1",0.0199004975124378,"0","0","0","0","0","0"
"0",0.816901408450704,"1","1","0",0.0716417910447761,"0","0","0","0","1","0"
"0",0.830985915492958,"1","0","0",0.0233830845771144,"0","0","0","0","1","0"
"0",0.0845070422535211,"1","1","1",0.754726368159204,"0","1","1","0","0","1"
"0",0.816901408450704,"0","0","0",0.164676616915423,"0","1","0","1","0","0"
"0",0.633802816901408,"0","0","1",0.422885572139304,"0","1","0","0","1","0"
"0",0.0563380281690141,"1","0","1",0.329353233830846,"0","1","0","0","0","1"
"1",0.816901408450704,"0","0","1",0.455721393034826,"0","1","0","0","1","0"
"0",0.971830985915493,"1","1","1",0.662189054726368,"0","1","0","0","1","0"
"0",0.183098591549296,"1","0","1",0.524875621890547,"1","0","1","0","0","0"
"0",0.605633802816901,"1","1","1",0.317412935323383,"0","0","0","0","0","0"
"0",0.887323943661972,"1","1","1",0.759701492537313,"0","1","1","0","1","0"
"0",0.802816901408451,"0","0","0",0.412935323383085,"0","1","0","0","1","0"
"1",0.633802816901408,"1","1","0",0.81592039800995,"0","1","1","1","0","1"
"1",0.802816901408451,"1","1","1",0.802487562189055,"0","1","1","0","0","1"
"0",1,"1","1","1",0.790547263681592,"0","1","1","0","1","0"
"1",0.408450704225352,"0","0","1",0.219402985074627,"1","1","0","0","0","1"
"1",0.140845070422535,"1","1","0",0.417910447761194,"0","1","0","0","0","0"
"1",0.464788732394366,"0","0","1",0.378109452736318,"0","1","0","0","0","1"
"0",0.746478873239437,"0","0","0",0.278109452736318,"0","1","0","0","1","0"
"0",0.028169014084507,"0","0","1",0.321890547263682,"1","1","0","0","0","1"
"0",1,"1","1","0",0.0661691542288557,"0","0","0","0","1","0"
"0",0.549295774647887,"1","1","1",0.662686567164179,"1","1","1","0","0","1"
"0",0.0140845070422535,"1","0","0",0.472139303482587,"1","1","0","0","0","0"
"0",0.746478873239437,"1","1","0",0.448756218905473,"0","1","0","0","1","0"
"0",0.183098591549296,"1","0","0",0.316915422885572,"0","1","0","0","0","0"
"0",0,"1","0","0",0.519900497512438,"1","0","1","0","0","1"
"0",0.126760563380282,"1","1","1",0.762189054726368,"1","1","1","0","0","1"
"0",0,"1","0","0",0.317412935323383,"0","1","0","0","0","1"
"0",0,"1","0","0",0.0149253731343284,"1","0","0","0","0","0"
"0",0.774647887323944,"1","1","1",0.461691542288557,"0","1","0","1","0","0"
"0",0.943661971830986,"1","0","1",0.61044776119403,"0","1","0","0","1","0"
"0",0.183098591549296,"1","0","1",0.0124378109452736,"0","0","0","1","0","0"
"0",0.943661971830986,"1","0","1",0.808955223880597,"0","1","1","0","1","1"
"1",0.76056338028169,"1","1","1",0.554726368159204,"0","0","1","0","0","1"
"0",0.211267605633803,"0","0","1",0.20547263681592,"0","1","0","0","0","1"
"1",0.112676056338028,"1","0","1",0.609950248756219,"0","1","1","0","0","1"
"0",0.183098591549296,"1","0","1",0.469651741293532,"1","1","0","0","0","1"
"1",0.802816901408451,"1","1","1",0.800497512437811,"1","1","1","0","0","1"
"0",0.732394366197183,"0","0","1",0.27910447761194,"0","1","0","0","0","0"
"0",0.971830985915493,"1","1","1",0.806965174129353,"0","1","1","0","1","0"
"1",0.183098591549296,"1","1","1",0.771641791044776,"0","1","1","0","0","1"
"0",0.295774647887324,"1","0","1",0.490049751243781,"1","1","0","1","0","0"
"0",0.126760563380282,"1","1","1",0.596019900497513,"0","1","1","0","0","0"
"0",0.394366197183099,"1","1","0",0.0781094527363184,"0","0","0","0","1","0"
"0",0,"1","0","1",0.510945273631841,"1","0","1","0","0","1"
"0",0.676056338028169,"1","1","0",0.65771144278607,"1","1","0","1","0","1"
"1",0.943661971830986,"1","1","1",0.815422885572139,"1","1","1","0","0","1"
"0",0,"1","0","0",0.595024875621891,"1","1","1","0","0","1"
"0",0.408450704225352,"0","0","1",0.219900497512438,"0","1","0","1","0","0"
"0",1,"1","1","0",0.606467661691542,"0","1","0","0","1","0"
"0",0.126760563380282,"1","0","1",0.0263681592039801,"0","0","0","0","0","0"
"0",0.0845070422535211,"1","1","0",0.550746268656716,"1","0","1","0","0","1"
"0",0.112676056338028,"1","1","1",0.562189054726368,"1","0","1","0","0","1"
"0",0,"1","0","0",0.314925373134328,"0","1","0","0","0","0"
"0",0.267605633802817,"1","1","1",0.503980099502488,"0","1","0","0","0","0"
"0",0,"1","0","1",0.0199004975124378,"0","0","0","0","0","0"
"0",0.394366197183099,"1","1","1",0.574626865671642,"0","0","1","0","0","0"
"0",0,"1","0","0",0.554726368159204,"0","1","1","0","0","1"
"0",0.028169014084507,"1","0","1",0.637313432835821,"0","1","1","0","0","0"
"0",0.267605633802817,"1","0","1",0.707960199004975,"0","1","1","0","0","0"
"0",0.887323943661972,"1","0","1",0.804975124378109,"0","1","1","0","0","0"
"0",0,"1","0","1",0.0194029850746269,"1","0","0","0","0","0"
"0",0.0704225352112676,"0","0","0",0.111442786069652,"0","1","0","0","0","0"
"0",0.690140845070423,"1","0","0",0.0154228855721393,"0","0","0","0","1","1"
"0",0.0704225352112676,"1","0","1",0.406965174129353,"0","1","0","0","0","0"
"0",0.0845070422535211,"1","0","0",0.263681592039801,"0","0","0","0","0","1"
"0",1,"1","1","1",0.721890547263682,"0","1","1","0","1","0"
"0",0.0985915492957746,"1","0","1",0.311442786069652,"0","1","0","0","0","0"
"0",0.929577464788732,"1","1","0",0.880099502487562,"0","1","1","0","1","0"
"1",0.323943661971831,"1","1","1",0.749253731343284,"1","1","1","0","0","1"
"0",1,"1","1","1",0.758208955223881,"0","1","1","0","1","0"
"0",0.450704225352113,"1","0","1",0.0119402985074627,"0","0","0","1","0","0"
"0",0.0140845070422535,"0","0","1",0.0676616915422886,"1","0","0","0","0","1"
"0",0.971830985915493,"1","0","0",0.49452736318408,"0","1","0","0","1","0"
"0",0.295774647887324,"1","0","0",0.467661691542289,"0","1","0","1","0","0"
"0",0.816901408450704,"1","1","1",0.807960199004975,"0","1","1","0","0","0"
"0",0.492957746478873,"1","0","1",0.0208955223880597,"0","0","0","1","0","0"
"0",0.704225352112676,"1","0","0",0.0169154228855721,"0","0","0","0","1","0"
"0",0.732394366197183,"1","1","0",0.588557213930348,"0","1","0","1","0","0"
"0",0.267605633802817,"1","0","0",0.0144278606965174,"0","0","0","1","0","0"
"0",0.873239436619718,"1","0","0",0.81044776119403,"0","1","1","0","1","0"
"0",0.549295774647887,"1","0","0",0.562686567164179,"0","1","1","0","0","0"
"0",0.47887323943662,"1","0","1",0.008955223880597,"0","0","0","1","0","0"
"0",0.352112676056338,"1","0","0",0.603980099502488,"0","1","1","1","0","0"
"1",0.366197183098592,"1","1","1",0.769154228855721,"1","1","1","0","0","1"
"0",0.732394366197183,"1","0","0",0.443781094527363,"0","1","0","1","0","0"
"1",0.464788732394366,"1","0","0",0.530348258706468,"0","0","1","0","0","0"
"1",0.253521126760563,"1","1","1",0.76318407960199,"0","1","1","0","0","1"
"0",0.591549295774648,"1","0","1",0.675124378109453,"0","1","1","0","0","0"
"0",0.0704225352112676,"1","0","0",0.0129353233830846,"0","0","0","0","0","0"
"0",0.774647887323944,"1","1","1",0.0651741293532338,"0","0","0","0","1","0"
"0",0.788732394366197,"0","0","1",0.209452736318408,"1","1","0","0","0","1"
"0",0.464788732394366,"1","0","1",0.654726368159204,"0","1","1","0","0","0"
"0",0.126760563380282,"0","0","0",0.17910447761194,"0","1","0","0","0","1"
"0",0,"1","0","1",0.0199004975124378,"1","0","0","0","0","0"
"0",0.169014084507042,"0","0","1",0.0562189054726368,"1","0","0","0","0","1"
"0",0.774647887323944,"1","1","0",0.799502487562189,"0","1","1","0","0","1"
"0",0.76056338028169,"1","1","1",0.849751243781095,"0","1","1","0","0","0"
"0",0.492957746478873,"1","1","1",0.742786069651741,"0","1","0","0","1","0"
"0",0.647887323943662,"1","0","0",0.0164179104477612,"0","0","0","1","0","0"
"0",0.154929577464789,"1","0","1",0.018407960199005,"0","0","0","0","0","0"
"0",0,"1","0","1",0.66865671641791,"1","1","1","0","0","1"
"1",0.323943661971831,"1","1","1",0.619402985074627,"0","1","1","0","0","1"
"0",0.873239436619718,"1","1","0",0.812437810945274,"1","1","1","1","0","0"
"1",0.47887323943662,"0","0","1",0.214925373134328,"0","1","0","0","0","1"
"0",0.929577464788732,"1","0","0",0.420398009950249,"0","1","0","1","0","0"
"0",0.338028169014085,"1","1","1",0.662189054726368,"1","1","1","0","0","1"
"0",0.28169014084507,"1","1","0",0.851741293532338,"0","1","1","0","0","0"
"0",0.169014084507042,"1","0","0",0.493034825870647,"0","1","0","0","0","0"
"0",0.47887323943662,"1","1","1",0.566666666666667,"1","0","1","0","0","1"
"1",0.985915492957746,"1","1","0",0.0656716417910448,"0","0","0","0","1","0"
"0",0.394366197183099,"1","0","0",0.0109452736318408,"0","0","0","0","0","0"
"0",0.985915492957746,"0","0","0",0.309452736318408,"1","1","0","0","1","1"
"1",0.0845070422535211,"1","0","1",0.703980099502488,"0","1","1","0","0","1"
"1",0.788732394366197,"0","0","1",0.365671641791045,"0","1","0","0","0","1"
"0",0.901408450704225,"1","1","0",0.576119402985075,"0","1","0","0","1","0"
"0",0.366197183098592,"1","0","0",0.0203980099502488,"0","0","0","1","0","0"
"0",0.0704225352112676,"1","1","1",0.563681592039801,"1","0","1","0","0","1"
"1",1,"1","1","1",0.986069651741293,"0","1","1","0","1","0"
"0",0,"1","0","1",0.0149253731343284,"0","0","0","0","0","0"
"0",0.140845070422535,"1","0","0",0.2681592039801,"0","0","0","0","0","0"
"0",0.535211267605634,"1","1","0",0.0691542288557214,"0","0","0","0","1","0"
"1",0.816901408450704,"1","1","1",0.711442786069652,"0","1","1","0","0","1"
"0",0.352112676056338,"1","0","0",0.564676616915423,"0","1","0","1","0","0"
"1",0.0140845070422535,"1","0","0",0.315422885572139,"0","1","0","0","0","0"
"0",1,"0","0","0",0.472139303482587,"0","1","0","0","1","0"
"0",0.901408450704225,"1","1","0",0.485572139303483,"0","1","0","1","0","0"
"0",1,"1","1","0",0.921890547263682,"0","1","1","0","1","0"
"0",0.0704225352112676,"1","1","1",0.693532338308458,"0","1","1","0","0","0"
"1",0.436619718309859,"1","0","0",0.0154228855721393,"0","0","0","1","0","0"
"0",0.690140845070423,"1","1","0",0.571641791044776,"0","1","0","1","0","0"
"0",0.845070422535211,"0","0","1",0.43681592039801,"0","1","0","0","1","0"
"0",0.197183098591549,"1","0","1",0.825870646766169,"1","1","1","0","0","1"
"0",1,"1","1","0",0.964179104477612,"0","1","1","0","1","0"
"0",0.112676056338028,"1","0","1",0.00696517412935323,"1","0","0","0","0","0"
"0",0,"1","0","0",0.0124378109452736,"0","0","0","0","0","0"
"0",0.154929577464789,"1","1","1",0.679601990049751,"0","1","1","0","0","1"
"0",0.507042253521127,"0","0","0",0.102985074626866,"1","1","0","0","0","0"
"0",0.845070422535211,"1","0","0",0.0213930348258706,"0","0","0","1","0","0"
"0",0.23943661971831,"1","0","0",0.0154228855721393,"0","0","0","1","0","0"
"0",0.28169014084507,"1","0","0",0.272636815920398,"0","0","0","0","0","0"
"0",0.943661971830986,"0","0","1",0.379601990049751,"0","1","0","0","1","0"
"1",0.154929577464789,"1","1","1",0.547761194029851,"0","0","1","0","0","0"
"1",0.0140845070422535,"0","0","0",0.0606965174129353,"1","0","0","0","0","1"
"0",0.859154929577465,"1","1","1",0.826865671641791,"0","1","1","0","0","1"
"1",0.394366197183099,"1","1","0",0.8,"1","1","1","0","0","1"
"0",0,"0","0","0",0.15273631840796,"0","1","0","0","0","0"
"1",0.0563380281690141,"1","1","1",0.613432835820896,"1","1","1","0","0","0"
"0",0,"1","0","0",0.0243781094527363,"0","0","0","0","0","1"
"0",0.859154929577465,"1","1","1",0.853731343283582,"0","1","1","0","1","1"
"0",0.492957746478873,"1","0","0",0.0199004975124378,"0","0","0","0","1","0"
"1",0.380281690140845,"1","1","1",0.846268656716418,"1","1","1","0","0","1"
"0",0.957746478873239,"1","1","0",0.551741293532338,"0","1","0","1","0","0"
"0",0.140845070422535,"1","1","1",0.775621890547264,"1","1","1","0","0","0"
"0",0.873239436619718,"1","1","1",0.900497512437811,"0","1","1","0","0","1"
"0",0.309859154929577,"1","0","0",0.0189054726368159,"0","0","0","1","0","0"
"0",0.126760563380282,"1","0","0",0.0149253731343284,"0","0","0","0","0","0"
"0",0.985915492957746,"1","1","1",0.0766169154228856,"0","0","0","0","1","0"
"1",0.619718309859155,"1","1","1",0.515422885572139,"0","1","0","0","0","1"
"0",0.971830985915493,"1","1","0",0.0577114427860697,"0","0","0","0","1","0"
"0",0.295774647887324,"1","1","1",0.661691542288557,"0","1","1","0","0","1"
"0",0.71830985915493,"1","1","0",0.0477611940298508,"0","0","0","0","1","0"
"0",0.76056338028169,"1","1","1",0.854726368159204,"1","1","1","1","0","1"
"0",0.901408450704225,"0","0","0",0.414925373134328,"0","1","0","0","1","0"
"0",1,"1","0","0",0.0129353233830846,"0","0","0","0","1","0"
"0",0.126760563380282,"1","0","0",0.0134328358208955,"0","0","0","1","0","0"
"0",0.0845070422535211,"1","0","0",0.017910447761194,"0","0","0","1","0","0"
"1",0.0563380281690141,"1","0","1",0.669651741293532,"0","1","1","0","0","1"
"0",0.323943661971831,"1","1","0",0.600497512437811,"0","1","0","0","1","0"
"0",1,"1","1","1",0.980597014925373,"0","1","1","0","1","0"
"0",0.28169014084507,"0","0","1",0.251741293532338,"0","1","0","0","0","0"
"0",0.957746478873239,"0","0","1",0.423383084577114,"0","1","0","1","0","0"
"0",0.605633802816901,"1","0","1",0.364676616915423,"0","1","0","0","0","0"
"1",0.845070422535211,"1","1","1",0.467164179104478,"0","1","0","1","0","1"
"1",0.323943661971831,"1","1","1",0.842786069651741,"1","1","1","0","0","0"
"0",0,"1","0","0",0.719900497512438,"1","1","1","0","0","1"
"0",0.0704225352112676,"1","0","1",0.323880597014925,"1","1","0","0","0","0"
"0",0.0422535211267606,"1","1","1",0.714427860696517,"1","1","1","0","0","1"
"0",1,"1","1","1",0.895024875621891,"0","1","1","0","1","1"
"0",1,"1","1","0",0.733830845771144,"0","1","0","0","1","0"
"1",0.183098591549296,"1","1","1",0.565671641791045,"0","0","1","0","0","1"
"0",0.0845070422535211,"1","1","1",0.0676616915422886,"0","0","0","0","0","0"
"0",0.661971830985915,"1","0","0",0.566169154228856,"0","1","1","1","0","1"
"0",0.76056338028169,"1","0","0",0.0124378109452736,"0","0","0","1","0","0"
"0",0,"1","0","0",0.0104477611940299,"0","0","0","0","0","0"
"0",0.619718309859155,"1","0","0",0.934825870646766,"0","1","1","1","0","0"
"0",0.028169014084507,"1","0","1",0.517910447761194,"0","0","1","0","0","0"
"0",0.985915492957746,"1","0","0",0.0134328358208955,"0","0","0","0","1","0"
"0",0.0985915492957746,"1","0","0",0.0199004975124378,"0","0","0","0","0","0"
"0",0.028169014084507,"1","1","1",0.573134328358209,"1","0","1","0","0","1"
"0",0.957746478873239,"1","0","0",0.62089552238806,"0","1","0","0","1","0"
"0",0,"1","0","1",0.5,"1","0","1","0","0","1"
"1",1,"1","1","1",0.970149253731343,"0","1","1","0","1","0"
"0",0.140845070422535,"1","0","1",0.549751243781095,"1","1","1","0","0","1"
"0",0.985915492957746,"1","1","0",0.620398009950249,"0","1","0","0","1","0"
"0",0,"1","0","1",0.514427860696517,"1","0","1","0","0","0"
"0",0.450704225352113,"0","0","0",0.410945273631841,"0","1","0","0","1","0"
"0",0.211267605633803,"1","0","0",0.00796019900497513,"0","0","0","1","0","0"
"1",0.774647887323944,"1","1","0",0.770149253731343,"0","1","1","1","0","1"
"0",0,"1","0","0",0.0169154228855721,"0","0","0","0","0","0"
"0",0.0563380281690141,"1","0","1",0.515422885572139,"1","1","0","0","0","1"
"0",0.788732394366197,"1","0","0",0.0114427860696517,"0","0","0","1","0","0"
"0",0.774647887323944,"0","0","1",0.177611940298507,"0","1","0","1","0","0"
"0",0.0985915492957746,"1","1","1",0.753731343283582,"1","1","1","0","0","1"
"0",0.295774647887324,"1","0","0",0.426865671641791,"1","1","0","0","0","0"
"0",0,"1","0","0",0.0149253731343284,"0","0","0","0","0","0"
"0",0.549295774647887,"1","0","1",0.456218905472637,"0","1","0","0","0","0"
"0",0.633802816901408,"1","0","0",0.0149253731343284,"0","0","0","0","1","0"
"0",0.873239436619718,"1","0","0",0.0144278606965174,"0","0","0","0","1","0"
"0",0.943661971830986,"1","1","1",0.914925373134328,"0","1","1","0","1","1"
"0",0.957746478873239,"1","0","1",0.876616915422886,"0","1","1","0","1","0"
"0",0.774647887323944,"1","1","0",0.719402985074627,"0","1","1","0","0","1"
"0",0.126760563380282,"1","0","1",0.474129353233831,"0","1","0","1","0","0"
"0",0.873239436619718,"1","1","0",0.858208955223881,"0","1","1","1","0","0"
"0",0.323943661971831,"0","0","1",0.340796019900498,"0","1","0","0","1","0"
"0",0.253521126760563,"1","1","1",0.376616915422886,"0","1","0","0","0","0"
"0",0.295774647887324,"1","1","1",0.701492537313433,"0","1","1","0","0","1"
"0",0.394366197183099,"1","1","1",0.658706467661692,"1","1","1","0","0","1"
"0",0.169014084507042,"1","1","1",0.567661691542289,"1","1","0","1","0","0"
"0",0.971830985915493,"1","1","1",0.0771144278606965,"0","0","0","0","1","0"
"0",0.676056338028169,"1","0","0",0.807462686567164,"0","1","1","0","0","1"
"1",0.591549295774648,"1","1","1",0.908457711442786,"1","1","1","1","0","0"
"0",0.028169014084507,"1","0","1",0.0134328358208955,"1","0","0","0","0","0"
"0",0.577464788732394,"1","0","0",0.546268656716418,"0","1","0","1","0","1"
"0",0.788732394366197,"1","0","1",0.362189054726368,"0","1","0","1","0","0"
"1",0.0140845070422535,"1","0","0",0.47910447761194,"1","1","0","0","0","0"
"0",1,"1","1","1",0.968159203980099,"0","1","1","0","1","0"
"1",0.633802816901408,"1","1","1",0.85771144278607,"0","1","1","0","0","1"
"1",0.915492957746479,"1","1","1",0.813930348258706,"1","1","1","0","0","0"
"0",0.859154929577465,"1","1","0",0.833333333333333,"1","1","1","1","0","1"
"0",1,"1","1","1",0.725373134328358,"0","1","0","0","1","0"
"0",0.47887323943662,"1","0","1",0.710945273631841,"0","1","1","1","0","1"
"0",0.225352112676056,"1","1","0",0.71592039800995,"1","1","1","0","0","0"
"0",1,"1","1","1",0.737810945273632,"0","1","0","0","1","1"
"0",0.380281690140845,"1","0","0",0.0164179104477612,"0","0","0","1","0","0"
"0",0.774647887323944,"1","1","1",0.0686567164179104,"1","0","0","0","1","0"
"0",0.422535211267606,"1","1","1",0.612935323383085,"1","1","1","0","0","0"
"0",0.619718309859155,"1","0","0",0.00597014925373136,"0","0","0","1","0","0"
"0",0,"1","1","1",0.0746268656716418,"0","0","0","0","0","0"
"0",0.0140845070422535,"1","0","1",0.311940298507463,"1","1","0","0","0","0"
"0",0.0704225352112676,"1","0","1",0.026865671641791,"0","0","0","0","0","0"
"0",0.661971830985915,"1","0","1",0.78407960199005,"0","1","1","1","0","1"
"0",0.338028169014085,"1","1","1",0.0711442786069652,"0","0","0","0","0","0"
"0",0.887323943661972,"1","0","1",0.0144278606965174,"0","0","0","0","1","0"
"0",0.690140845070423,"0","0","1",0.166666666666667,"0","1","0","0","0","0"
"0",0.71830985915493,"1","1","0",0.825870646766169,"0","1","1","1","0","0"
"1",0.0422535211267606,"1","0","1",0.516915422885572,"0","0","1","0","0","1"
"1",0.436619718309859,"1","0","0",0.723383084577114,"0","1","1","0","0","1"
"0",0.619718309859155,"1","1","0",0.553233830845771,"0","1","0","0","1","0"
"0",0.112676056338028,"1","1","1",0.69452736318408,"0","1","1","0","0","1"
"1",0.915492957746479,"1","1","1",0.872636815920398,"1","1","1","1","0","0"
"0",0.028169014084507,"1","1","0",0.732338308457711,"1","1","1","0","0","1"
"0",0.746478873239437,"1","0","0",0.018407960199005,"0","0","0","0","1","0"
"0",0,"0","0","0",0.217412935323383,"1","1","0","0","0","1"
"0",0.887323943661972,"1","1","0",0.91592039800995,"0","1","1","0","1","0"
"1",0.422535211267606,"1","1","1",0.553731343283582,"1","0","1","0","0","1"
"0",0.183098591549296,"1","0","1",0.711940298507463,"1","1","1","0","0","0"
"0",0.154929577464789,"1","0","1",0.665671641791045,"0","1","1","1","0","0"
"1",0.929577464788732,"1","0","1",0.424875621890547,"0","1","0","1","0","0"
"0",0.47887323943662,"1","1","0",0.537313432835821,"1","1","0","0","0","1"
"0",0.619718309859155,"1","1","0",0.550248756218905,"0","1","0","0","1","0"
"0",0.126760563380282,"1","0","0",0.276119402985075,"0","0","0","0","0","0"
"1",0.394366197183099,"1","1","1",0.400995024875622,"0","1","0","0","0","0"
"0",0.323943661971831,"1","1","0",0.0631840796019901,"0","0","0","1","0","0"
"0",0.915492957746479,"1","0","1",0.0149253731343284,"0","0","0","0","1","0"
"0",0.704225352112676,"1","0","0",0.677611940298507,"0","1","1","1","0","0"
"0",0.619718309859155,"1","1","0",0.0721393034825871,"0","0","0","0","1","0"
"0",0.676056338028169,"1","0","0",0.00746268656716418,"0","0","0","1","0","0"
"0",0.394366197183099,"1","0","1",0.0129353233830846,"0","0","0","0","1","0"
"0",0.549295774647887,"1","1","1",0.913930348258706,"0","1","1","0","0","0"
"1",0.507042253521127,"1","1","1",0.77910447761194,"1","1","1","0","0","1"
"0",0.338028169014085,"1","0","0",0.512437810945274,"0","0","1","0","0","1"
"0",0.295774647887324,"0","0","1",0.321890547263682,"0","1","0","0","0","1"
"0",1,"0","0","1",0.471144278606965,"0","1","0","0","1","0"
"0",0.0845070422535211,"0","0","1",0.217412935323383,"1","1","0","0","0","0"
"0",0.450704225352113,"1","0","0",0.635323383084577,"0","1","0","0","1","0"
"0",0.309859154929577,"1","0","1",0.60547263681592,"0","1","1","0","0","0"
"1",0.323943661971831,"1","1","1",0.825870646766169,"1","1","1","0","0","1"
"0",0,"1","0","0",0.609950248756219,"1","1","1","0","0","1"
"0",0.957746478873239,"1","1","0",0.720398009950249,"0","1","0","0","1","0"
"0",0.028169014084507,"1","0","1",0.0228855721393035,"0","0","0","1","0","0"
"0",0.774647887323944,"1","0","1",0.572139303482587,"0","1","0","1","0","0"
"0",0.901408450704225,"1","1","1",0.912935323383085,"0","1","1","1","0","0"
"0",0.985915492957746,"1","0","0",0.0258706467661692,"0","0","0","1","0","1"
"1",0.183098591549296,"1","1","1",0.617910447761194,"0","1","1","0","0","0"
"0",0.0140845070422535,"1","0","1",0.516417910447761,"0","0","1","0","0","1"
"0",0.436619718309859,"1","1","0",0.654726368159204,"1","1","1","1","0","1"
"0",0.549295774647887,"1","0","0",0.48955223880597,"0","1","0","0","0","1"
"0",0,"1","0","0",0.0248756218905473,"0","0","0","0","0","0"
"0",0,"1","0","1",0.704975124378109,"1","1","1","0","0","1"
"0",0.0845070422535211,"1","0","1",0.513930348258707,"0","0","1","0","0","0"
"0",0.197183098591549,"1","1","1",0.326865671641791,"0","0","0","0","0","1"
"0",0.225352112676056,"1","1","0",0.75771144278607,"1","1","1","0","0","1"
"0",0.253521126760563,"1","0","1",0.597014925373134,"1","1","1","0","0","1"
"0",0.985915492957746,"1","1","0",0.072636815920398,"0","0","0","0","1","0"
"0",0.746478873239437,"1","1","0",0.415422885572139,"0","1","0","0","1","0"
"0",0.422535211267606,"1","1","1",0.719402985074627,"0","1","1","0","0","0"
"0",0.140845070422535,"1","0","0",0.578606965174129,"0","1","1","0","0","1"
"1",0.23943661971831,"1","0","1",0.663681592039801,"0","1","1","0","0","1"
"1",1,"1","1","1",0.913930348258706,"0","1","1","0","1","0"
"1",0.985915492957746,"1","1","1",0.809950248756219,"0","1","1","0","0","0"
"1",0.0563380281690141,"0","0","0",0.270149253731343,"0","1","0","0","0","0"
"0",0.52112676056338,"1","1","0",0.504975124378109,"0","1","0","1","0","0"
"0",0.0563380281690141,"1","0","1",0.302487562189055,"0","1","0","0","0","0"
"1",0.0140845070422535,"1","0","1",0.25771144278607,"1","0","0","0","0","1"
"1",0.71830985915493,"1","1","0",0.413930348258707,"0","1","0","0","1","0"
"1",0.0985915492957746,"1","1","1",0.572139303482587,"1","0","1","0","0","1"
"0",0.943661971830986,"1","1","1",0.62089552238806,"0","1","0","0","1","1"
"0",0.957746478873239,"1","0","1",0.0228855721393035,"0","0","0","1","0","0"
"0",0.577464788732394,"1","1","1",0.47910447761194,"0","1","0","0","0","0"
"0",0.690140845070423,"1","0","1",0.815422885572139,"0","1","1","0","1","0"
"0",0,"1","0","1",0.00845771144278608,"1","0","0","0","0","0"
"1",0,"1","1","1",0.617412935323383,"1","1","1","0","0","1"
"0",0.450704225352113,"1","0","1",0.261691542288557,"0","0","0","0","0","0"
"0",0.0845070422535211,"1","0","0",0.0208955223880597,"0","0","0","0","0","0"
"0",0.887323943661972,"1","1","1",0.7318407960199,"0","1","1","0","0","1"
"0",0,"1","0","1",0.563681592039801,"1","1","1","0","0","1"
"0",0.816901408450704,"1","0","1",0.0194029850746269,"0","0","0","0","1","0"
"0",0.0704225352112676,"1","1","0",0.319402985074627,"0","0","0","0","0","1"
"0",0.028169014084507,"1","0","0",0.00547263681592041,"0","0","0","0","0","0"
"0",0.197183098591549,"1","0","0",0.0218905472636816,"0","0","0","0","0","0"
"0",0.169014084507042,"1","0","1",0.462686567164179,"0","1","0","1","0","1"
"0",0.309859154929577,"1","1","1",0.800497512437811,"0","1","1","0","0","0"
"1",0.422535211267606,"1","1","0",0.708457711442786,"0","1","1","0","0","1"
"0",0.394366197183099,"1","0","1",0.402985074626866,"0","1","0","1","0","1"
"0",0.676056338028169,"1","0","0",0.0243781094527363,"0","0","0","1","0","0"
"0",0.774647887323944,"1","1","1",0.670149253731343,"0","1","1","0","0","0"
"0",0.873239436619718,"1","1","1",0.617412935323383,"0","1","0","0","1","0"
"0",0.873239436619718,"1","1","0",0.612437810945274,"0","1","0","0","1","0"
"1",0.323943661971831,"1","1","1",0.612935323383085,"0","1","1","0","0","1"
"1",0.492957746478873,"1","0","0",0.356716417910448,"0","1","0","1","0","0"
"1",0.112676056338028,"1","0","1",0.622885572139303,"1","1","1","0","0","1"
"0",0.028169014084507,"0","0","0",0.0646766169154229,"1","0","0","0","0","1"
"0",0.28169014084507,"1","0","0",0.623383084577114,"0","1","0","1","0","0"
"0",0.169014084507042,"1","1","0",0.0621890547263682,"0","0","0","1","0","0"
"0",0,"1","0","1",0.0189054726368159,"0","0","0","0","0","0"
"0",0.338028169014085,"1","0","0",0.017910447761194,"0","0","0","1","0","0"
"0",0.985915492957746,"1","0","1",0.0134328358208955,"0","0","0","0","1","0"
"0",0.915492957746479,"1","1","1",0.955721393034826,"0","1","1","1","0","0"
"0",0.619718309859155,"1","0","1",0.816417910447761,"0","1","1","1","0","1"
"0",0.295774647887324,"1","0","1",0.614427860696517,"0","1","1","0","0","0"
"0",0.929577464788732,"1","0","1",0.0258706467661692,"0","0","0","1","0","0"
"0",0.943661971830986,"1","1","1",0.713432835820896,"0","1","1","0","1","0"
"1",0.676056338028169,"1","1","1",0.722388059701492,"1","1","1","0","0","0"
"1",0.0422535211267606,"1","1","0",0.303482587064677,"0","0","0","0","0","0"
"0",0.873239436619718,"1","1","0",0.614427860696517,"0","1","0","1","0","0"
"0",0.0140845070422535,"1","0","0",0.611442786069652,"1","1","1","0","0","0"
"0",0.28169014084507,"1","0","1",0.0208955223880597,"0","0","0","1","0","0"
"0",0.76056338028169,"1","0","0",0.391044776119403,"1","1","0","0","1","0"
"0",0,"1","0","1",0.0199004975124378,"0","0","0","0","0","0"
"0",0.225352112676056,"1","0","0",0.0114427860696517,"0","0","0","0","1","0"
"0",0.408450704225352,"1","1","1",0.817412935323383,"0","1","1","0","0","0"
"0",0.295774647887324,"1","0","1",0.395024875621891,"0","1","0","0","0","0"
"0",0.112676056338028,"1","0","1",0.41044776119403,"0","1","0","0","0","0"
"0",0,"1","0","0",0.00945273631840795,"0","0","0","0","0","0"
"0",0.28169014084507,"1","1","1",0.67910447761194,"1","1","1","0","0","1"
"0",0.253521126760563,"1","1","0",0.410945273631841,"0","1","0","0","0","1"
"0",0.957746478873239,"1","1","1",0.85273631840796,"1","1","1","0","0","1"
"1",0,"0","0","1",0.0681592039800995,"1","0","0","0","0","1"
"0",1,"1","1","1",0.85273631840796,"0","1","1","0","1","0"
"0",0.971830985915493,"1","1","0",0.504477611940298,"0","1","0","0","1","0"
"0",0.915492957746479,"1","1","1",0.844278606965174,"0","1","1","0","0","0"
"0",0.0845070422535211,"0","0","1",0.0641791044776119,"0","0","0","0","0","1"
"1",0.633802816901408,"1","1","1",0.914925373134328,"0","1","1","0","0","1"
"0",0.535211267605634,"0","0","1",0.30547263681592,"1","1","0","0","0","0"
"0",0.436619718309859,"1","1","0",0.439800995024876,"0","1","0","0","0","0"
"0",0.323943661971831,"1","0","1",0.709452736318408,"0","1","1","0","0","1"
"0",0.0704225352112676,"1","0","1",0.649751243781095,"1","1","1","0","0","0"
"0",0.507042253521127,"1","1","1",0.603482587064677,"0","1","0","0","0","0"
"0",0.0985915492957746,"1","0","0",0.0208955223880597,"0","0","0","0","0","0"
"0",1,"1","1","1",0.529353233830846,"0","1","0","0","1","0"
"1",0.985915492957746,"0","0","0",0.279601990049751,"0","1","0","0","1","0"
"0",0.211267605633803,"1","0","1",0.760199004975124,"0","1","1","0","0","0"
"0",0.788732394366197,"0","0","1",0.314925373134328,"0","1","0","0","0","0"
"0",0.915492957746479,"1","1","0",0.0716417910447761,"0","0","0","1","0","0"
"1",0.225352112676056,"1","0","1",0.70547263681592,"1","1","1","0","0","1"
"0",0.28169014084507,"1","0","0",0.0248756218905473,"0","0","0","0","0","0"
"0",0.915492957746479,"1","1","1",0.476119402985075,"0","1","0","0","1","0"
"0",0.225352112676056,"1","1","1",0.56865671641791,"0","1","0","0","0","0"
"0",0,"1","0","1",0.519402985074627,"1","0","1","0","0","0"
"0",0.802816901408451,"1","0","0",0.418407960199005,"1","1","0","1","0","0"
"0",0.0985915492957746,"1","0","0",0.0278606965174129,"0","0","0","0","0","0"
"0",0.366197183098592,"1","0","0",0.508457711442786,"0","1","0","1","0","0"
"0",0.464788732394366,"1","1","0",0.702487562189055,"0","1","1","0","0","0"
"0",0.408450704225352,"1","0","1",0.783582089552239,"0","1","1","1","0","0"
"0",0.450704225352113,"1","0","1",0.47910447761194,"0","1","0","0","0","0"
"0",0,"0","0","0",0.0646766169154229,"1","0","0","0","0","1"
"0",0.183098591549296,"1","1","0",0.506965174129353,"0","1","0","0","0","0"
"0",0.211267605633803,"1","1","1",0.609452736318408,"0","1","1","1","0","0"
"0",0.676056338028169,"1","0","0",0.819900497512438,"0","1","1","0","1","0"
"0",0.253521126760563,"1","1","0",0.846268656716418,"1","1","1","0","0","1"
"0",0.971830985915493,"1","1","0",0.611442786069652,"0","1","0","0","1","0"
"0",0.436619718309859,"1","0","0",0.429353233830846,"0","1","0","0","0","0"
"0",0.23943661971831,"1","0","1",0.512935323383085,"0","0","1","0","0","1"
"0",0.507042253521127,"0","0","1",0.221890547263682,"0","1","0","0","1","0"
"0",0.0422535211267606,"1","1","1",0.571144278606965,"0","0","1","0","0","1"
"0",0.211267605633803,"1","1","0",0.72089552238806,"0","1","1","0","0","1"
"0",0.225352112676056,"1","1","1",0.619402985074627,"0","1","1","0","0","0"
"0",0.253521126760563,"1","0","1",0.421393034825871,"0","1","0","0","0","1"
"0",0.830985915492958,"1","1","0",0.824875621890547,"0","1","1","0","1","0"
"0",0.704225352112676,"1","1","1",0.0666666666666667,"0","0","0","0","1","0"
"0",0.380281690140845,"1","0","1",0.0203980099502488,"0","0","0","0","1","0"
"0",0.591549295774648,"1","0","1",0.415422885572139,"0","1","0","0","1","1"
"0",0.577464788732394,"1","0","0",0.0199004975124378,"0","0","0","0","1","1"
"0",0.028169014084507,"1","0","1",0.599502487562189,"1","1","1","0","0","1"
"0",0,"1","0","0",0.263681592039801,"0","0","0","0","0","0"
"0",0.028169014084507,"1","0","0",0.0159203980099503,"1","0","0","0","0","0"
"0",0.873239436619718,"1","1","0",0.793532338308458,"0","1","1","0","1","0"
"1",0.028169014084507,"1","0","1",0.613432835820896,"1","1","1","0","0","1"
"0",0.943661971830986,"1","1","1",0.890049751243781,"0","1","1","0","0","1"
"1",0.408450704225352,"1","1","1",0.81044776119403,"1","1","1","0","0","1"
"0",0.830985915492958,"1","1","0",0.860199004975124,"0","1","1","0","1","1"
"0",0.197183098591549,"1","1","1",0.401492537313433,"1","1","0","0","0","0"
"1",0.619718309859155,"1","1","1",0.75273631840796,"0","1","1","0","0","0"
"0",0.971830985915493,"1","0","0",0.678606965174129,"0","1","0","0","1","0"
"0",0.126760563380282,"1","1","1",0.798507462686567,"1","1","1","0","0","1"
"0",0.0422535211267606,"1","0","0",0.0114427860696517,"0","0","0","0","0","0"
"0",0,"1","0","1",0.320398009950249,"1","1","0","0","0","0"
"0",0.943661971830986,"1","1","1",0.0666666666666667,"0","0","0","0","1","0"
"0",0.295774647887324,"1","0","0",0.564676616915423,"0","1","1","0","0","0"
"0",0.52112676056338,"1","1","1",0.760199004975124,"1","1","1","0","0","1"
"0",0,"1","1","1",0.81592039800995,"1","1","1","0","0","0"
"0",0.23943661971831,"1","0","0",0.596517412935323,"0","1","1","0","0","1"
"0",0.394366197183099,"1","0","1",0.755721393034826,"0","1","1","0","0","1"
"0",0.211267605633803,"1","1","1",0.698507462686567,"1","1","1","0","0","1"
"0",0,"1","0","1",0.513432835820895,"1","0","1","0","0","1"
"0",0.154929577464789,"1","0","0",0.63134328358209,"1","1","1","0","0","0"
"0",0.422535211267606,"0","0","1",0.316417910447761,"0","1","0","1","0","1"
"0",0.0422535211267606,"1","0","1",0.613432835820896,"1","1","1","0","0","1"
"0",0.661971830985915,"1","1","1",0.51044776119403,"0","1","0","1","0","0"
"0",0.197183098591549,"1","1","1",0.0711442786069652,"1","0","0","0","0","0"
"0",0.690140845070423,"1","0","1",0.714925373134328,"0","1","1","1","0","0"
"0",0.0845070422535211,"1","0","1",0.262686567164179,"0","0","0","0","0","0"
"1",0.563380281690141,"1","1","1",0.651741293532338,"1","1","1","0","0","0"
"0",0.943661971830986,"1","0","0",0.617910447761194,"0","1","1","0","1","0"
"1",0.352112676056338,"1","1","1",0.79452736318408,"0","1","1","0","0","0"
"0",0.788732394366197,"0","0","0",0.349253731343284,"0","1","0","0","1","0"
"0",0.028169014084507,"1","0","0",0.0129353233830846,"0","0","0","0","0","1"
"0",0,"1","0","0",0.0263681592039801,"1","0","0","0","0","0"
"0",0.253521126760563,"1","0","1",0.30547263681592,"0","1","0","1","0","0"
"0",0.028169014084507,"1","0","1",0.35771144278607,"0","1","0","0","0","1"
"0",0.816901408450704,"1","1","0",0.0616915422885572,"0","0","0","0","1","1"
"0",0,"1","0","1",0.508955223880597,"1","0","1","0","0","0"
"0",0.577464788732394,"0","0","1",0.217910447761194,"0","1","0","0","0","0"
"0",0.0845070422535211,"1","1","1",0.563681592039801,"1","0","1","0","0","1"
"0",0.929577464788732,"1","1","0",0.073134328358209,"0","0","0","0","1","0"
"0",0,"1","0","1",0.518407960199005,"0","0","1","0","0","1"
"0",0.915492957746479,"1","1","0",0.730845771144279,"0","1","0","0","1","0"
"0",0.845070422535211,"1","1","0",0.705970149253731,"0","1","1","0","0","0"
"0",0.0422535211267606,"1","1","0",0.0582089552238806,"0","0","0","1","0","0"
"1",0.577464788732394,"1","0","1",0.556218905472637,"1","1","1","0","0","0"
"0",0.887323943661972,"1","1","1",0.354228855721393,"0","1","0","1","0","0"
"1",0.746478873239437,"1","1","1",0.96865671641791,"0","1","1","1","0","0"
"0",0,"1","0","1",0.0149253731343284,"0","0","0","0","0","0"
"0",0.746478873239437,"1","1","1",0.0577114427860697,"0","0","0","0","1","0"
"0",0.23943661971831,"1","1","0",0.0701492537313433,"0","0","0","0","1","0"
"0",0.028169014084507,"1","0","0",0.657213930348259,"0","1","1","0","0","1"
"0",0,"1","0","1",0.51592039800995,"1","0","1","0","0","1"
"0",1,"1","1","0",0.711442786069652,"0","1","0","0","1","0"
"1",0.830985915492958,"1","0","1",0.793034825870647,"0","1","1","1","0","1"
"0",0.140845070422535,"1","0","1",0.0174129353233831,"0","0","0","1","0","0"
"0",0.154929577464789,"1","1","1",0.597512437810945,"1","1","1","0","0","1"
"0",0.845070422535211,"1","0","0",0.852238805970149,"0","1","1","1","0","0"
"0",0.535211267605634,"1","0","0",0.0243781094527363,"0","0","0","0","1","0"
"0",0.76056338028169,"1","1","1",0.781592039800995,"1","1","1","0","0","1"
"0",0.225352112676056,"1","1","1",0.75771144278607,"1","1","1","0","0","1"
"0",0.507042253521127,"1","0","0",0.0189054726368159,"0","0","0","1","0","0"
"0",1,"1","1","1",0.0771144278606965,"0","0","0","0","1","0"
"1",1,"1","1","0",0.588059701492537,"0","1","0","0","1","0"
"0",0.0985915492957746,"1","0","0",0.475621890547264,"0","1","0","0","0","0"
"0",0.295774647887324,"1","0","0",0.0164179104477612,"0","0","0","0","0","0"
"0",0,"1","0","0",0.657213930348259,"1","1","1","0","0","1"
"0",0.52112676056338,"1","1","0",0.496517412935323,"0","1","0","0","0","0"
"0",0.225352112676056,"1","0","0",0.622885572139303,"0","1","0","1","0","1"
"1",0.971830985915493,"1","1","1",0.569651741293532,"0","1","0","0","1","0"
"1",1,"1","1","0",0.738308457711443,"1","1","0","0","1","0"
"0",0.380281690140845,"1","0","1",0.620398009950249,"0","1","1","0","0","1"
"0",0.197183098591549,"1","0","1",0.646268656716418,"0","1","1","0","0","0"
"0",1,"1","1","1",0.68955223880597,"0","1","0","0","1","0"
"1",0.140845070422535,"1","1","1",0.808955223880597,"1","1","1","0","0","1"
"1",0.0985915492957746,"1","1","1",0.626865671641791,"1","1","1","0","0","1"
"0",0.788732394366197,"1","1","1",0.906965174129353,"0","1","1","1","0","0"
"0",0,"1","0","0",0.0169154228855721,"1","0","0","0","0","0"
"0",0.633802816901408,"0","0","0",0.271641791044776,"0","1","0","0","0","1"
"0",0.408450704225352,"1","0","0",0.0243781094527363,"0","0","0","1","0","0"
"1",0.126760563380282,"1","0","0",0.567661691542289,"0","1","1","0","0","1"
"0",0.309859154929577,"1","1","1",0.805970149253731,"1","1","1","0","0","1"
"0",0.436619718309859,"1","0","1",0.747761194029851,"0","1","1","0","0","0"
"0",0.169014084507042,"1","0","1",0.552238805970149,"0","1","1","0","0","0"
"0",0.535211267605634,"1","0","1",0.618905472636816,"1","1","1","0","1","1"
"0",0.605633802816901,"1","0","1",0.695522388059702,"0","1","1","0","0","0"
"1",0.112676056338028,"1","0","0",0.307960199004975,"0","1","0","0","0","0"
"0",0.929577464788732,"1","0","0",0.0139303482587065,"0","0","0","0","1","0"
"0",0.112676056338028,"1","1","1",0.607960199004975,"1","1","1","0","0","0"
"0",0.197183098591549,"1","1","1",0.611940298507463,"1","1","1","0","0","1"
"0",0.985915492957746,"1","1","1",0.864676616915423,"0","1","1","0","1","0"
"0",0,"1","0","0",0.305970149253731,"0","1","0","0","0","0"
"0",0.408450704225352,"1","1","1",0.813930348258706,"1","1","1","0","0","1"
"0",0,"1","0","1",0.508457711442786,"1","0","1","0","0","1"
"0",0.225352112676056,"0","0","1",0.313930348258706,"0","1","0","0","0","0"
"0",0.028169014084507,"1","0","0",0.672139303482587,"1","1","1","0","0","1"
"0",0.929577464788732,"1","1","1",0.611442786069652,"1","1","0","0","1","1"
"0",0,"1","0","0",0.026865671641791,"0","0","0","0","0","0"
"1",0,"1","1","0",0.321393034825871,"1","0","0","0","0","0"
"1",0.436619718309859,"1","1","0",0.607462686567164,"0","1","1","0","0","0"
"0",0.563380281690141,"1","0","0",0.0124378109452736,"0","0","0","1","0","0"
"0",0,"1","0","1",0.619900497512438,"1","1","1","0","0","1"
"0",0,"1","0","0",0.25771144278607,"0","0","0","0","0","0"
"0",0.154929577464789,"1","1","1",0.659203980099503,"1","1","1","0","0","1"
"0",0.859154929577465,"1","1","1",0.868159203980099,"0","1","1","0","0","1"
"0",0.295774647887324,"1","0","1",0.657213930348259,"1","1","1","0","0","0"
"0",0.225352112676056,"1","1","1",0.740796019900498,"0","1","1","0","0","0"
"0",1,"1","1","1",0.0796019900497512,"0","0","0","0","1","0"
"0",0.774647887323944,"1","1","1",0.783084577114428,"0","1","1","0","0","0"
"0",0.112676056338028,"1","0","1",0.0218905472636816,"0","0","0","0","0","0"
"0",1,"1","1","1",0.970646766169154,"0","1","1","0","1","0"
"0",0.267605633802817,"1","0","1",0.895024875621891,"0","1","1","0","0","0"
"0",0.253521126760563,"1","0","0",0.0194029850746269,"0","0","0","0","1","0"
"0",0.0140845070422535,"1","0","1",0.492537313432836,"1","0","1","0","0","1"
"0",0.732394366197183,"0","0","0",0.364676616915423,"0","1","0","1","0","0"
"1",0.366197183098592,"1","1","1",0.666666666666667,"1","1","1","0","0","1"
"0",0.0704225352112676,"1","0","0",0.0189054726368159,"0","0","0","0","0","0"
"0",0.112676056338028,"1","1","1",0.717412935323383,"0","1","1","1","0","1"
"0",0.0985915492957746,"1","1","0",0.373134328358209,"0","1","0","0","0","1"
"0",0.985915492957746,"1","1","0",0.958706467661691,"0","1","1","0","1","0"
"0",0.126760563380282,"1","1","1",0.614925373134328,"1","1","1","0","0","0"
"0",0,"1","0","0",0.0174129353233831,"1","0","0","0","0","0"
"0",0.985915492957746,"0","0","0",0.483084577114428,"0","1","0","1","0","0"
"0",0.943661971830986,"1","0","1",0.816417910447761,"0","1","1","1","0","1"
"0",0.464788732394366,"1","1","1",0.866666666666667,"0","1","1","0","0","1"
"0",0.352112676056338,"1","0","1",0.666169154228856,"0","1","1","1","0","1"
"0",0.295774647887324,"1","0","1",0.303980099502488,"1","1","0","0","0","0"
"0",0.0845070422535211,"1","0","1",0.00696517412935323,"0","0","0","0","0","0"
"0",0.267605633802817,"1","0","1",0.512935323383085,"0","0","1","0","0","0"
"0",0.830985915492958,"1","1","1",0.874626865671642,"0","1","1","0","0","1"
"0",1,"1","0","0",0.0228855721393035,"0","0","0","0","1","1"
"1",1,"1","1","1",0.870646766169154,"0","1","1","1","0","0"
"0",0.0422535211267606,"1","1","0",0.0696517412935323,"0","0","0","0","0","0"
"0",0.211267605633803,"1","0","0",0.0149253731343284,"0","0","0","0","0","1"
"1",0.859154929577465,"1","1","1",0.861691542288557,"0","1","1","1","0","1"
"0",0.126760563380282,"1","0","1",0.424875621890547,"0","1","0","0","0","0"
"0",0.422535211267606,"1","1","1",0.625870646766169,"0","1","1","0","0","1"
"0",0.985915492957746,"1","0","0",0.00845771144278608,"0","0","0","0","1","0"
"0",0.802816901408451,"1","0","0",0.0253731343283582,"0","0","0","0","1","0"
"0",0.971830985915493,"1","1","1",0.715422885572139,"0","1","0","0","1","0"
"0",0.985915492957746,"1","1","0",0.714925373134328,"0","1","0","0","1","1"
"1",0.957746478873239,"1","1","0",0.555721393034826,"0","1","0","0","1","0"
"1",0,"1","1","1",0.664676616915423,"1","1","1","0","0","1"
"0",1,"1","1","1",1,"0","1","1","0","1","0"
"0",0.352112676056338,"1","0","0",0.673134328358209,"0","1","1","0","0","0"
"0",0.450704225352113,"1","1","1",0.763681592039801,"0","1","1","0","0","0"
"0",0.126760563380282,"1","0","0",0.0189054726368159,"0","0","0","0","1","0"
"1",0.788732394366197,"1","1","0",0.82636815920398,"0","1","1","0","1","0"
"0",0.126760563380282,"1","0","1",0.0293532338308458,"0","0","0","0","0","1"
"0",0.535211267605634,"1","1","1",0.0592039800995025,"0","0","0","1","0","0"
"0",0.140845070422535,"1","0","0",0.0203980099502488,"0","0","0","0","0","0"
"0",0.28169014084507,"1","0","1",0.841293532338308,"1","1","1","0","0","1"
"0",0.943661971830986,"1","1","0",0.667164179104478,"0","1","0","0","1","0"
"0",0.23943661971831,"1","1","1",0.709950248756219,"0","1","1","1","0","0"
"0",0.0704225352112676,"1","0","1",0.812935323383085,"1","1","1","0","0","0"
"0",0.23943661971831,"1","1","0",0.378109452736318,"0","1","0","0","0","0"
"0",0.71830985915493,"1","0","1",0.325373134328358,"0","1","0","1","0","0"
"0",0.774647887323944,"1","1","0",0.971144278606965,"0","1","1","0","1","0"
"0",0.619718309859155,"1","1","1",0.849751243781095,"0","1","1","0","0","0"
"0",0.929577464788732,"1","1","1",0.0781094527363184,"0","0","0","0","1","0"
"0",0.028169014084507,"0","0","0",0.167661691542289,"0","1","0","0","0","0"
"1",0.901408450704225,"1","0","1",0.804477611940298,"0","1","1","0","0","0"
"0",0.873239436619718,"1","1","0",0.487562189054726,"0","1","0","0","1","0"
"0",0.140845070422535,"1","1","0",0.0671641791044776,"0","0","0","0","1","0"
"0",0,"1","0","1",0.410945273631841,"0","1","0","0","0","0"
"0",0.76056338028169,"1","1","1",0.592537313432836,"0","1","0","0","1","0"
"0",0.338028169014085,"1","1","1",0.366666666666667,"0","1","0","1","0","0"
"0",1,"1","1","1",0.990547263681592,"1","1","1","1","0","0"
"0",1,"1","1","1",0.0587064676616915,"0","0","0","0","1","0"
"0",0.901408450704225,"0","0","0",0.26865671641791,"0","1","0","0","1","0"
"1",0.746478873239437,"1","1","1",0.609452736318408,"1","1","1","0","0","1"
"0",0.0845070422535211,"1","0","0",0.0199004975124378,"0","0","0","0","0","0"
"0",1,"1","1","0",0.462686567164179,"0","1","0","0","1","0"
"0",0.28169014084507,"1","0","0",0.361691542288557,"0","1","0","0","0","0"
"0",0.0140845070422535,"1","0","1",0.0243781094527363,"0","0","0","0","0","0"
"1",0.0422535211267606,"1","0","1",0.761194029850746,"0","1","1","0","0","1"
"0",0.028169014084507,"1","1","1",0.610945273631841,"1","1","1","0","0","0"
"0",1,"1","1","0",0.970646766169154,"0","1","1","0","1","0"
"0",0.0704225352112676,"1","0","1",0.31044776119403,"0","1","0","0","0","1"
"0",0.71830985915493,"1","0","1",0.652238805970149,"0","1","1","0","0","0"
"1",0.957746478873239,"1","1","1",0.767164179104478,"0","1","1","0","0","0"
"0",0.0985915492957746,"1","0","1",0.760696517412935,"1","1","1","0","0","1"
"1",0.0985915492957746,"1","0","1",0.555223880597015,"0","1","1","0","0","0"
"1",0.873239436619718,"1","1","1",0.709950248756219,"0","1","1","0","0","0"
"0",0.830985915492958,"1","1","1",0.978606965174129,"0","1","1","1","0","0"
"0",0.154929577464789,"1","0","0",0.35771144278607,"0","1","0","0","0","0"
"0",0.169014084507042,"1","0","1",0.0104477611940299,"0","0","0","0","0","0"
"0",0.295774647887324,"1","1","0",0.465671641791045,"0","1","0","0","0","0"
"0",0.0563380281690141,"1","1","1",0.738805970149254,"1","1","1","0","0","1"
"0",0,"1","0","0",0.0119402985074627,"1","0","0","0","0","0"
"0",1,"1","1","1",0.0577114427860697,"0","0","0","0","1","0"
"0",0.0140845070422535,"1","0","0",0.00497512437810945,"0","0","0","0","0","0"
"0",0.549295774647887,"1","0","0",0.0189054726368159,"0","0","0","0","1","0"
"0",0.605633802816901,"1","0","0",0.0174129353233831,"0","0","0","1","0","0"
"1",0.985915492957746,"1","0","1",0.524875621890547,"0","1","0","1","0","0"
"0",0.0140845070422535,"1","1","1",0.570149253731343,"1","0","1","0","0","1"
"1",0.352112676056338,"1","1","1",0.749751243781094,"0","1","1","0","0","1"
"0",0,"1","0","1",0.514925373134328,"1","0","1","0","0","1"
"0",0,"0","0","0",0.0611940298507463,"0","0","0","0","0","0"
"0",0.901408450704225,"1","0","1",0.562686567164179,"1","1","0","0","1","0"
"0",0.028169014084507,"1","1","1",0.467661691542289,"0","1","0","0","0","0"
"0",0.169014084507042,"1","0","1",0.321393034825871,"0","1","0","0","0","0"
"0",0.450704225352113,"1","1","1",0.857213930348259,"1","1","1","0","0","1"
"0",0,"1","0","1",0.521890547263682,"0","0","1","0","0","0"
"0",0.0422535211267606,"1","0","0",0.26865671641791,"0","0","0","0","0","0"
"0",0.0140845070422535,"1","0","1",0.517910447761194,"0","0","1","0","0","1"
"0",1,"1","1","1",0.902487562189055,"0","1","1","0","1","0"
"0",0.507042253521127,"1","1","0",0.081592039800995,"0","0","0","0","0","0"
"0",0.197183098591549,"1","0","0",0.676119402985075,"1","1","1","0","0","1"
"0",0.309859154929577,"1","0","1",0.0139303482587065,"0","0","0","1","0","0"
"0",0.408450704225352,"0","0","0",0.327860696517413,"1","1","0","0","0","0"
"0",0.577464788732394,"1","0","1",0.00796019900497513,"0","0","0","1","0","1"
"0",0.436619718309859,"1","1","0",0.562189054726368,"0","1","0","1","0","0"
"0",0.295774647887324,"1","1","1",0.572636815920398,"0","0","1","0","0","0"
"0",0.577464788732394,"0","0","1",0.0681592039800995,"0","0","0","0","0","0"
"0",0.0985915492957746,"1","0","0",0.260696517412935,"0","0","0","0","0","0"
"0",0.901408450704225,"1","1","1",0.856218905472637,"0","1","1","0","1","0"
"0",0.0140845070422535,"1","0","0",0.0124378109452736,"1","0","0","0","0","0"
"0",0.971830985915493,"1","1","1",0.703980099502488,"0","1","0","0","1","0"
"0",0.295774647887324,"1","0","0",0.0189054726368159,"0","0","0","0","0","0"
"1",0.0422535211267606,"1","1","1",0.563681592039801,"1","0","1","0","0","1"
"0",0.0140845070422535,"1","1","0",0.563681592039801,"1","0","1","0","0","0"
"0",0.929577464788732,"0","0","0",0.178109452736318,"0","1","0","0","1","0"
"0",0.338028169014085,"1","0","1",0.00945273631840795,"0","0","0","0","0","0"
"0",0.267605633802817,"1","0","0",0.00995024875621891,"0","0","0","0","0","0"
"0",0.0140845070422535,"1","0","1",0.427363184079602,"0","1","0","0","0","0"
"0",0.704225352112676,"1","0","0",0.0218905472636816,"0","0","0","0","1","0"
"0",0.633802816901408,"0","0","0",0.167164179104478,"0","1","0","0","0","0"
"0",0.338028169014085,"1","1","1",0.81592039800995,"1","1","1","0","0","1"
"0",0.169014084507042,"1","0","0",0.256218905472637,"0","0","0","0","0","0"
"1",0.338028169014085,"1","1","1",0.841293532338308,"1","1","1","0","0","0"
"0",0.352112676056338,"1","0","0",0.319402985074627,"0","1","0","1","0","0"
"0",0.591549295774648,"1","1","1",0.813432835820896,"1","1","1","1","0","1"
"0",0.253521126760563,"1","0","1",0.0174129353233831,"0","0","0","0","0","1"
"0",0.126760563380282,"1","0","1",0.811940298507463,"1","1","1","0","0","1"
"0",0.0140845070422535,"1","1","1",0.755721393034826,"1","1","1","0","0","0"
"0",1,"1","1","1",0.678109452736319,"0","1","0","0","1","0"
"1",0.23943661971831,"1","1","1",0.399502487562189,"0","1","0","0","0","0"
"1",0.112676056338028,"1","1","1",0.65273631840796,"1","1","1","0","0","1"
"1",0.366197183098592,"1","1","0",0.697014925373134,"1","1","1","0","0","0"
"0",0.323943661971831,"1","1","1",0.754726368159204,"0","1","1","0","0","1"
"0",0.957746478873239,"1","0","1",0.853731343283582,"1","1","1","1","0","0"
"0",0.633802816901408,"1","1","1",0.901990049751244,"0","1","1","0","1","0"
"1",1,"1","1","1",0.887064676616915,"0","1","1","0","1","0"
"0",0.295774647887324,"1","0","1",0.760696517412935,"1","1","1","0","0","0"
"1",0.971830985915493,"1","1","1",0.722388059701492,"0","1","1","0","0","1"
"0",0.0140845070422535,"1","0","0",0.0164179104477612,"0","0","0","0","0","1"
"0",0.422535211267606,"1","0","1",0.47910447761194,"0","1","0","0","0","0"
"1",0.774647887323944,"1","1","1",0.819900497512438,"1","1","1","0","0","0"
"0",0.211267605633803,"1","0","0",0.820398009950249,"0","1","1","0","0","0"
"0",0.71830985915493,"1","1","0",0.073134328358209,"0","0","0","0","1","0"
"0",0.169014084507042,"1","0","1",0.0159203980099503,"0","0","0","0","0","0"
"0",0.47887323943662,"1","0","0",0.0248756218905473,"0","0","0","1","0","0"
"0",0.816901408450704,"1","0","0",0.771641791044776,"0","1","1","0","1","1"
"0",1,"1","0","1",0.760199004975124,"0","1","1","0","0","1"
"1",0.915492957746479,"1","1","1",0.619900497512438,"1","1","0","0","1","0"
"0",0.676056338028169,"1","1","0",0.879601990049751,"0","1","1","0","1","0"
"0",0.0140845070422535,"1","0","1",0.274626865671642,"0","0","0","0","0","0"
"1",0.28169014084507,"1","1","1",0.856716417910448,"0","1","1","0","0","1"
"1",0.746478873239437,"0","0","1",0.370149253731343,"0","1","0","1","0","1"
"1",0.323943661971831,"1","1","1",0.602985074626866,"1","1","1","0","0","1"
"0",0,"1","1","0",0.426865671641791,"0","1","0","0","0","1"
"0",0.0704225352112676,"1","0","1",0.603980099502488,"0","1","1","0","0","1"
"0",0,"1","0","1",0.260696517412935,"1","0","0","0","0","0"
"0",0.676056338028169,"1","1","1",0.904975124378109,"0","1","1","1","0","0"
"0",0.774647887323944,"1","0","1",0.428358208955224,"0","1","0","0","1","0"
"1",0.774647887323944,"1","1","1",0.782089552238806,"0","1","1","0","0","1"
"0",0.0704225352112676,"0","0","0",0.221890547263682,"0","1","0","0","1","0"
"0",0.436619718309859,"1","0","0",0.0154228855721393,"0","0","0","1","0","0"
"0",0.690140845070423,"1","1","1",0.895522388059702,"0","1","1","1","0","1"
"0",0.802816901408451,"1","1","1",0.863681592039801,"0","1","1","1","0","0"
"0",0.901408450704225,"1","1","1",0.718407960199005,"0","1","0","0","1","0"
"0",0.887323943661972,"1","1","1",0.678109452736319,"0","1","0","0","1","0"
"0",0.915492957746479,"1","1","0",0.48407960199005,"0","1","0","0","1","0"
"0",0.52112676056338,"1","1","1",0.919900497512438,"0","1","1","1","0","1"
"0",0.267605633802817,"1","0","1",0.0174129353233831,"0","0","0","1","0","0"
"0",0.492957746478873,"1","1","1",0.66318407960199,"1","1","1","0","0","1"
"1",0.887323943661972,"1","1","0",0.834328358208955,"0","1","1","1","0","1"
"0",0,"1","0","0",0.0199004975124378,"1","0","0","0","0","0"
"0",0.830985915492958,"1","0","1",0.516417910447761,"0","1","0","1","0","0"
"0",0,"1","0","1",0.558208955223881,"1","1","1","0","0","1"
"0",0.690140845070423,"1","1","1",0.614925373134328,"0","1","0","1","0","0"
"0",0,"1","1","0",0.435820895522388,"1","1","0","0","0","0"
"0",1,"0","0","1",0.307960199004975,"0","1","0","0","1","1"
"0",0.830985915492958,"1","0","1",0.0223880597014925,"0","0","0","0","1","0"
"0",0.633802816901408,"0","0","0",0.199004975124378,"0","1","0","0","1","0"
"0",0.957746478873239,"0","0","1",0.365174129353234,"0","1","0","0","1","0"
"1",0.422535211267606,"1","1","1",0.779601990049751,"0","1","1","0","0","0"
"0",0.253521126760563,"1","0","0",0.0164179104477612,"0","0","0","1","0","0"
"0",0.985915492957746,"1","0","0",0.0164179104477612,"0","0","0","0","1","0"
"0",0.154929577464789,"1","0","1",0.660199004975124,"0","1","1","0","0","1"
"0",0.535211267605634,"1","0","0",0.614427860696517,"1","1","0","1","0","0"
"0",0.605633802816901,"1","1","1",0.666666666666667,"0","1","0","1","0","0"
"0",0.774647887323944,"1","1","0",0.626865671641791,"0","1","0","0","1","0"
"0",1,"1","1","1",0.967661691542289,"0","1","1","0","1","0"
"0",0.0563380281690141,"1","1","0",0.854228855721393,"1","1","1","0","0","0"
"0",0.140845070422535,"1","1","1",0.604477611940298,"0","1","1","0","0","0"
"1",0.323943661971831,"0","0","0",0.207462686567164,"1","1","0","0","0","0"
"1",0.197183098591549,"1","0","1",0.760199004975124,"0","1","1","0","0","1"
"0",1,"1","0","1",0.0253731343283582,"0","0","0","0","1","0"
"0",0.774647887323944,"1","1","0",0.41044776119403,"0","1","0","0","1","0"
"1",0.887323943661972,"1","0","1",0.017910447761194,"0","0","0","0","1","0"
"0",0.464788732394366,"1","1","1",0.817910447761194,"0","1","1","0","0","1"
"0",0.0140845070422535,"1","1","1",0.579601990049751,"1","0","1","0","0","1"
"0",0.47887323943662,"1","0","0",0.0233830845771144,"0","0","0","1","0","0"
"0",0.295774647887324,"1","0","0",0.0203980099502488,"0","0","0","1","0","0"
"0",0.0563380281690141,"1","0","1",0.307960199004975,"1","1","0","0","0","1"
"0",0.112676056338028,"0","0","0",0.211940298507463,"0","1","0","1","0","0"
"0",0.140845070422535,"1","1","0",0.0487562189054726,"1","0","0","0","0","0"
"0",0.309859154929577,"1","0","0",0.0218905472636816,"0","0","0","1","0","0"
"0",0.0422535211267606,"1","0","0",0.622885572139303,"1","1","1","0","0","1"
"0",0.943661971830986,"1","1","0",0.0696517412935323,"0","0","0","0","1","0"
"0",0.450704225352113,"1","0","0",0.72636815920398,"0","1","1","0","0","1"
"0",0.422535211267606,"1","0","1",0.539303482587065,"0","1","0","0","0","0"
"0",0,"1","1","0",0.416417910447761,"1","1","0","0","0","0"
"0",0.774647887323944,"1","0","0",0.0144278606965174,"0","0","0","0","1","0"
"0",0,"1","0","1",0.603980099502488,"1","1","1","0","0","1"
"0",0.915492957746479,"1","0","1",0.565671641791045,"0","1","0","1","0","1"
"0",1,"1","1","0",0.0671641791044776,"0","0","0","0","1","0"
"1",0.464788732394366,"1","0","0",0.506467661691542,"0","0","1","0","0","0"
"0",0.802816901408451,"1","0","1",0.729353233830846,"0","1","1","0","0","1"
"0",0.0140845070422535,"1","0","1",0.267661691542289,"1","0","0","0","0","1"
"0",0.507042253521127,"0","0","0",0.174626865671642,"0","1","0","0","1","0"
"0",0.985915492957746,"1","1","1",0.944278606965174,"0","1","1","0","1","0"
"0",0,"1","0","0",0.0159203980099503,"0","0","0","1","0","0"
"1",0.985915492957746,"1","0","0",0.0154228855721393,"0","0","0","0","1","0"
"0",0.47887323943662,"1","0","0",0.0164179104477612,"0","0","0","1","0","1"
"0",0.0704225352112676,"1","0","0",0.0144278606965174,"0","0","0","1","0","0"
"0",0.028169014084507,"1","0","1",0.608457711442786,"1","1","1","0","0","1"
"0",0.957746478873239,"1","0","0",0.406467661691542,"0","1","0","1","0","0"
"0",0.605633802816901,"0","0","1",0.355223880597015,"1","1","0","1","0","0"
"0",0.732394366197183,"1","1","1",0.725373134328358,"0","1","1","1","0","1"
"0",0.323943661971831,"1","0","1",0.806467661691542,"1","1","1","0","0","0"
"0",0.0563380281690141,"1","0","1",0.504477611940298,"0","0","1","0","0","1"
"0",0.0140845070422535,"1","0","0",0.33134328358209,"0","1","0","0","0","0"
"0",0.859154929577465,"1","1","1",0.0611940298507463,"0","0","0","0","1","0"
"0",0.253521126760563,"1","0","1",0.781592039800995,"0","1","1","0","0","1"
"0",0.112676056338028,"1","0","0",0.515422885572139,"0","0","1","0","0","0"
"0",0.732394366197183,"1","0","0",0.0124378109452736,"0","0","0","0","1","0"
"0",0.0563380281690141,"1","0","0",0.601990049751244,"0","1","1","0","0","0"
"1",0.985915492957746,"1","1","0",0.506965174129353,"0","1","0","1","0","1"
"0",0,"1","0","1",0.0129353233830846,"0","0","0","0","0","0"
"0",0.23943661971831,"1","1","1",0.62089552238806,"1","1","1","0","0","1"
"0",1,"1","1","1",0.849751243781095,"0","1","1","0","1","1"
"0",0.0422535211267606,"1","0","0",0.362686567164179,"0","1","0","0","0","0"
"0",0.816901408450704,"1","1","0",0.357213930348259,"0","1","0","0","1","0"
"0",0,"1","0","0",0.525870646766169,"1","0","1","0","0","0"
"1",0.422535211267606,"1","1","1",0.662686567164179,"0","1","1","0","0","1"
"0",0.028169014084507,"1","0","0",0.0174129353233831,"0","0","0","0","0","0"
"1",0.901408450704225,"1","1","1",0.875621890547264,"1","1","1","1","0","1"
"0",0.676056338028169,"1","0","1",0.805970149253731,"0","1","1","1","0","0"
"0",0.0140845070422535,"1","0","0",0.0109452736318408,"0","0","0","0","0","0"
"0",0.732394366197183,"1","0","0",0.0253731343283582,"1","0","0","1","0","0"
"0",0.76056338028169,"1","0","1",0.761194029850746,"0","1","1","1","0","1"
"0",1,"1","1","1",0.953233830845771,"0","1","1","0","1","0"
"1",0.492957746478873,"1","1","1",0.563681592039801,"0","0","1","0","0","0"
"0",0.126760563380282,"1","0","1",0.0154228855721393,"0","0","0","0","0","0"
"1",0,"1","1","1",0.753731343283582,"1","1","1","0","0","1"
"0",1,"1","1","0",0.622885572139303,"0","1","0","0","1","0"
"0",0.380281690140845,"1","0","0",0.362189054726368,"0","1","0","0","0","0"
"0",0.52112676056338,"1","1","0",0.730845771144279,"0","1","1","0","0","0"
"0",0.845070422535211,"1","1","1",0.998507462686567,"0","1","1","1","0","1"
"0",0.71830985915493,"1","1","0",0.0626865671641791,"0","0","0","0","1","0"
"0",0.929577464788732,"1","0","1",0.0119402985074627,"0","0","0","1","0","0"
"0",0.464788732394366,"1","1","1",0.974129353233831,"0","1","1","0","1","0"
"0",0.746478873239437,"1","0","0",0.620398009950249,"0","1","0","0","1","1"
"0",0,"1","0","1",0.0203980099502488,"0","0","0","0","0","0"
"1",0.197183098591549,"1","1","0",0.712437810945274,"1","1","1","0","0","1"
"0",0.0422535211267606,"1","0","1",0.276119402985075,"1","0","0","0","0","0"
"0",0.112676056338028,"1","0","0",0.477611940298507,"1","1","0","0","0","0"
"0",0.633802816901408,"1","0","1",0.811442786069652,"0","1","1","0","0","1"
"0",0.295774647887324,"1","1","1",0.713930348258706,"1","1","1","0","0","1"
"0",0.52112676056338,"1","0","1",0.519402985074627,"1","0","1","1","0","0"
"0",0.76056338028169,"1","1","1",0.564676616915423,"0","1","0","1","0","0"
"0",0,"1","0","0",0.0164179104477612,"0","0","0","0","0","0"
"1",0.887323943661972,"1","0","0",0.617412935323383,"0","1","1","1","0","0"
"0",0.732394366197183,"1","0","0",0.0149253731343284,"1","0","0","0","1","0"
"0",0.802816901408451,"1","1","1",0.657213930348259,"0","1","0","0","1","1"
"0",0.774647887323944,"0","0","1",0.356218905472637,"0","1","0","1","0","0"
"0",1,"1","0","1",0.862189054726368,"0","1","1","0","1","0"
"0",0,"1","0","1",0.355223880597015,"1","1","0","0","0","1"
"1",1,"1","1","1",0.786069651741294,"0","1","1","1","0","0"
"0",0.295774647887324,"1","1","0",0.644776119402985,"0","1","1","0","0","1"
"1",0.0985915492957746,"1","1","1",0.868159203980099,"1","1","1","0","0","1"
"0",0.211267605633803,"1","0","1",0.624378109452736,"1","1","1","0","0","1"
"0",0.535211267605634,"0","0","0",0.227363184079602,"0","1","0","0","0","0"
"0",0.154929577464789,"1","0","1",0.266169154228856,"0","0","0","0","0","0"
"0",0.746478873239437,"1","0","1",0.560199004975124,"0","1","0","0","1","0"
"0",0.23943661971831,"0","0","1",0.218407960199005,"0","1","0","1","0","0"
"0",0.436619718309859,"1","0","0",0.519900497512438,"0","1","0","1","0","0"
"0",0.563380281690141,"1","0","1",0.0149253731343284,"0","0","0","1","0","0"
"0",0.929577464788732,"1","1","0",0.063681592039801,"0","0","0","0","1","0"
"0",0.901408450704225,"1","1","1",0.855721393034826,"0","1","1","0","0","1"
"0",0.338028169014085,"1","1","1",0.598009950248756,"0","1","0","0","0","0"
"0",0,"1","0","1",0.512935323383085,"1","0","1","0","0","1"
"0",0.929577464788732,"1","1","1",0.909950248756219,"0","1","1","1","0","0"
"1",0.0845070422535211,"1","1","0",0.552238805970149,"1","0","1","0","0","0"
"1",0.591549295774648,"0","0","1",0.151243781094527,"0","1","0","0","0","0"
"0",0.323943661971831,"1","0","1",0.759701492537313,"0","1","1","0","0","1"
"1",0.112676056338028,"1","1","0",0.361194029850746,"1","1","0","0","0","1"
"0",0.957746478873239,"1","0","0",0.0194029850746269,"0","0","0","0","1","0"
"0",0.507042253521127,"1","0","0",0.0203980099502488,"0","0","0","1","0","0"
"0",0.267605633802817,"0","0","1",0.21044776119403,"0","1","0","0","1","0"
"0",0.0845070422535211,"1","0","0",0.506467661691542,"0","0","1","0","0","0"
"1",0.507042253521127,"1","1","1",0.577114427860697,"1","0","1","0","0","1"
"0",0.0563380281690141,"1","1","1",0.75273631840796,"1","1","1","0","0","0"
"0",0.563380281690141,"0","0","1",0.329353233830846,"0","1","0","1","0","1"
"0",0.746478873239437,"1","0","1",0.813930348258706,"0","1","1","1","0","0"
"1",0.028169014084507,"1","0","1",0.518905472636816,"1","0","1","0","0","1"
"1",0.957746478873239,"1","0","0",0.0203980099502488,"0","0","0","0","1","0"
"0",0.732394366197183,"1","0","1",0.758208955223881,"0","1","1","1","0","0"
"0",0.23943661971831,"0","0","0",0.280099502487562,"0","1","0","1","0","0"
"0",0.887323943661972,"1","0","1",0.853731343283582,"0","1","1","0","1","0"
"0",0.422535211267606,"1","1","1",0.725373134328358,"1","1","1","0","0","1"
"0",0.267605633802817,"0","0","0",0.0661691542288557,"0","0","0","0","0","0"
"0",0.788732394366197,"1","0","0",0.411442786069652,"0","1","0","1","0","0"
"1",0.873239436619718,"1","1","0",0.898009950248756,"0","1","1","0","1","0"
"0",0.169014084507042,"0","0","0",0.221890547263682,"0","1","0","0","1","0"
"1",0.661971830985915,"1","0","1",0.40497512437811,"0","1","0","1","0","0"
"0",0.0140845070422535,"1","0","1",0.524378109452736,"1","0","1","0","0","1"
"0",0.788732394366197,"1","0","0",0.0248756218905473,"0","0","0","0","1","0"
"0",0.985915492957746,"1","1","1",0.944278606965174,"0","1","1","1","0","0"
"0",0.0845070422535211,"1","1","0",0.303980099502488,"0","0","0","0","0","1"
"0",0.211267605633803,"1","1","1",0.445771144278607,"0","1","0","0","0","0"
"0",0.464788732394366,"1","1","0",0.821890547263681,"0","1","1","0","0","1"
"0",0.507042253521127,"1","1","1",0.808457711442786,"1","1","1","0","0","1"
"0",0.211267605633803,"1","1","1",0.619900497512438,"0","1","1","0","0","0"
"0",0.661971830985915,"1","1","1",0.459203980099503,"0","1","0","1","0","0"
"0",0.802816901408451,"1","0","1",0.566666666666667,"0","1","0","1","0","0"
"0",1,"1","1","1",0.66318407960199,"0","1","0","0","1","0"
"0",0.0845070422535211,"1","0","0",0.0104477611940299,"0","0","0","0","0","0"
"0",0.52112676056338,"1","0","1",0.653233830845771,"1","1","1","0","0","0"
"1",0.661971830985915,"1","1","0",0.987064676616915,"1","1","1","0","0","1"
"0",0.126760563380282,"1","0","1",0.857213930348259,"1","1","1","0","0","1"
"0",0.408450704225352,"1","0","0",0.561194029850746,"0","1","0","1","0","0"
"0",0.422535211267606,"1","1","1",0.405970149253731,"0","1","0","0","0","0"
"1",0.633802816901408,"1","1","1",0.505970149253731,"0","1","0","1","0","0"
"0",0.690140845070423,"1","0","0",0.0228855721393035,"0","0","0","0","1","0"
"0",0.380281690140845,"1","0","0",0.580099502487562,"0","1","1","0","0","0"
"0",0.915492957746479,"0","0","1",0.440298507462687,"0","1","0","0","1","0"
"1",0.0985915492957746,"0","0","1",0.110945273631841,"1","1","0","0","0","1"
"0",0.563380281690141,"1","0","1",0.762686567164179,"0","1","1","0","0","0"
"1",1,"1","1","1",0.929353233830846,"0","1","1","0","1","0"
"0",0.0845070422535211,"1","0","0",0.0164179104477612,"0","0","0","1","0","0"
"0",0.52112676056338,"1","0","0",0.0218905472636816,"0","0","0","0","0","0"
"0",0.605633802816901,"1","0","1",0.87363184079602,"0","1","1","1","0","1"
"0",0.647887323943662,"1","1","1",0.94726368159204,"0","1","1","1","0","0"
"0",0.732394366197183,"1","0","1",0.739303482587065,"0","1","1","0","0","1"
"0",0.0422535211267606,"1","1","0",0.471144278606965,"0","1","0","0","0","1"
"1",0.267605633802817,"1","1","1",0.65771144278607,"0","1","1","0","0","1"
"0",0.0140845070422535,"1","0","0",0.262686567164179,"1","0","0","0","0","0"
"1",0.788732394366197,"1","1","1",0.525870646766169,"0","1","0","1","0","0"
"1",0.605633802816901,"1","0","1",0.665671641791045,"0","1","1","0","0","1"
"0",0.323943661971831,"1","0","1",0.312935323383085,"0","1","0","0","0","0"
"0",0.197183098591549,"0","0","1",0.118905472636816,"0","1","0","0","0","0"
"0",0.028169014084507,"0","0","0",0.0696517412935323,"1","0","0","0","0","1"
"0",0.0422535211267606,"1","1","0",0.654726368159204,"1","1","1","0","0","0"
"1",0.507042253521127,"1","1","1",0.671144278606965,"1","1","1","0","0","1"
"0",0,"1","0","1",0.561691542288557,"1","1","1","0","0","1"
"0",0.323943661971831,"1","0","0",0.37910447761194,"0","1","0","0","0","0"
"0",0.0563380281690141,"1","1","1",0.721890547263682,"1","1","1","0","0","1"
"0",0.450704225352113,"1","1","0",0.888557213930348,"0","1","1","0","0","1"
"0",0.802816901408451,"1","0","1",0.0159203980099503,"0","0","0","0","1","0"
"0",1,"1","1","1",0.772636815920398,"0","1","1","0","1","0"
"0",0.985915492957746,"1","1","0",0.0557213930348259,"0","0","0","0","1","0"
"1",0.380281690140845,"1","1","1",0.874626865671642,"1","1","1","0","0","1"
"0",0.704225352112676,"1","0","1",0.65273631840796,"0","1","0","0","1","0"
"0",0.408450704225352,"1","0","0",0.667661691542288,"1","1","0","1","0","0"
"1",1,"1","0","1",0.662189054726368,"0","1","1","0","1","0"
"1",0.492957746478873,"1","1","1",0.722388059701492,"1","1","1","0","0","1"
"0",0.183098591549296,"1","0","0",0.575621890547264,"0","1","0","0","1","0"
"0",1,"1","1","0",0.560199004975124,"0","1","0","0","1","0"
"0",0.295774647887324,"0","0","0",0.208457711442786,"0","1","0","0","0","1"
"0",0.0140845070422535,"1","1","0",0.609950248756219,"0","1","1","0","0","1"
"0",0.197183098591549,"1","0","0",0.0134328358208955,"0","0","0","0","0","0"
"0",0.704225352112676,"1","0","0",0.0129353233830846,"0","0","0","0","1","0"
"0",0.971830985915493,"0","0","1",0.207960199004975,"0","1","0","0","1","0"
"0",0.985915492957746,"1","0","0",0.018407960199005,"0","0","0","0","1","0"
"0",0.535211267605634,"1","1","1",0.812935323383085,"0","1","1","0","0","0"
"0",0.845070422535211,"1","1","0",0.413432835820896,"0","1","0","0","0","1"
"0",0.71830985915493,"1","0","1",0.313432835820896,"0","1","0","0","0","0"
"0",0,"0","0","1",0.174129353233831,"1","1","0","0","0","1"
"0",0.887323943661972,"1","1","1",0.898009950248756,"0","1","1","1","0","0"
"0",0.859154929577465,"1","0","1",0.416915422885572,"0","1","0","0","1","0"
"0",0.408450704225352,"1","0","0",0.00796019900497513,"0","0","0","0","1","0"
"1",0.0422535211267606,"1","0","0",0.276119402985075,"1","0","0","0","0","1"
"1",0.873239436619718,"1","0","1",0.654228855721393,"0","1","0","1","0","0"
"0",0,"1","0","1",0.261691542288557,"0","0","0","0","0","0"
"0",0.197183098591549,"1","1","1",0.847761194029851,"0","1","1","0","0","1"
"0",0.366197183098592,"1","0","1",0.62089552238806,"0","1","1","1","0","0"
"0",0.0422535211267606,"0","0","1",0.387562189054726,"0","1","0","0","0","0"
"0",1,"1","1","1",0.920398009950249,"0","1","1","0","1","1"
"1",0.619718309859155,"1","1","0",0.0641791044776119,"0","0","0","1","0","0"
"1",0.619718309859155,"1","1","1",0.78407960199005,"0","1","1","0","0","1"
"0",0.492957746478873,"1","0","1",0.578109452736318,"0","1","0","1","0","0"
"0",0.225352112676056,"1","0","1",0.707960199004975,"1","1","1","0","0","1"
"0",0,"1","0","0",0.00646766169154227,"0","0","0","0","0","0"
"1",0.211267605633803,"1","1","1",0.559203980099503,"0","0","1","0","0","0"
"0",0.028169014084507,"1","0","1",0.0154228855721393,"1","0","0","0","0","0"
"0",0.0422535211267606,"1","1","1",0.324875621890547,"1","0","0","0","0","1"
"0",0.985915492957746,"1","0","1",0.658208955223881,"0","1","0","0","1","0"
"0",0.126760563380282,"1","1","1",0.0611940298507463,"0","0","0","0","0","0"
"0",0.267605633802817,"1","0","0",0.017910447761194,"0","0","0","0","1","0"
"0",0.0422535211267606,"1","0","1",0.624378109452736,"1","1","1","0","0","1"
"0",0.352112676056338,"1","1","1",0.797014925373134,"1","1","1","0","0","1"
"0",0.0422535211267606,"1","0","0",0.370646766169154,"0","1","0","0","0","0"
"0",0.0563380281690141,"0","0","1",0.325870646766169,"1","1","0","0","0","0"
"0",0.0422535211267606,"1","1","1",0.730348258706468,"1","1","1","0","0","1"
"1",0.394366197183099,"1","1","1",0.657213930348259,"0","1","1","0","0","1"
"0",0.0140845070422535,"1","0","0",0.815422885572139,"0","1","1","0","0","1"
"0",0.394366197183099,"1","0","0",0.0114427860696517,"0","0","0","0","1","0"
"0",0,"1","0","1",0.722388059701492,"1","1","1","0","0","1"
"0",0,"1","0","0",0.508955223880597,"1","0","1","0","0","0"
"1",0.0985915492957746,"1","0","1",0.758208955223881,"1","1","1","0","0","0"
"0",0.169014084507042,"1","0","1",0.0213930348258706,"0","0","0","0","0","1"
"0",0.816901408450704,"1","1","1",0.761194029850746,"0","1","1","0","0","1"
"0",0,"1","0","1",0.0189054726368159,"1","0","0","0","0","0"
"1",0.690140845070423,"1","1","1",0.770646766169154,"1","1","1","0","0","1"
"0",0.23943661971831,"1","0","1",0.259701492537313,"0","0","0","0","0","0"
"0",0.225352112676056,"1","0","0",0.560199004975124,"0","1","0","0","0","0"
"0",0.647887323943662,"1","0","0",0.550746268656716,"0","1","0","0","1","1"
"0",0.352112676056338,"1","1","1",0.564179104477612,"1","0","1","0","0","0"
"0",0.0704225352112676,"0","0","1",0.295522388059702,"1","1","0","0","0","1"
"0",0.253521126760563,"1","1","0",0.316915422885572,"0","0","0","0","0","0"
"0",0.028169014084507,"1","1","1",0.451243781094527,"1","1","0","0","0","1"
"1",0.943661971830986,"0","0","1",0.345771144278607,"0","1","0","0","1","1"
"0",0.0140845070422535,"1","0","0",0.0159203980099503,"0","0","0","0","0","0"
"0",0.0845070422535211,"0","0","1",0.0606965174129353,"0","0","0","1","0","0"
"0",0.23943661971831,"1","0","1",0.0129353233830846,"0","0","0","0","0","0"
"0",0.985915492957746,"1","1","0",0.0676616915422886,"0","0","0","0","1","0"
"1",0.169014084507042,"1","1","0",0.751741293532338,"0","1","1","0","0","0"
"0",0.028169014084507,"0","0","1",0.185074626865672,"1","1","0","0","0","0"
"0",1,"1","1","1",0.850746268656716,"0","1","1","0","1","0"
"0",0.915492957746479,"0","0","1",0.383084577114428,"0","1","0","0","1","0"
"0",0.323943661971831,"1","0","1",0.0253731343283582,"0","0","0","1","0","0"
"0",0,"1","0","1",0.257213930348259,"1","0","0","0","0","1"
"0",0.774647887323944,"1","1","1",0.0616915422885572,"0","0","0","0","1","0"
"1",0.295774647887324,"1","1","0",0.073134328358209,"0","0","0","1","0","0"
"0",0.183098591549296,"0","0","1",0.323383084577114,"1","1","0","0","0","1"
"1",0.845070422535211,"1","1","1",0.857213930348259,"1","1","1","1","0","0"
"1",0.549295774647887,"0","0","1",0.209452736318408,"1","1","0","0","0","1"
"0",0.577464788732394,"1","0","0",0.411940298507463,"0","1","0","0","0","0"
"0",1,"1","1","1",0.64726368159204,"0","1","0","0","1","0"
"0",0.154929577464789,"1","1","1",0.609950248756219,"0","1","1","0","0","0"
"0",0.985915492957746,"1","1","0",0.0616915422885572,"0","0","0","0","1","0"
"0",0.352112676056338,"1","0","0",0.00945273631840795,"0","0","0","1","0","0"
"0",0.0845070422535211,"0","0","0",0.114925373134328,"0","1","0","0","0","0"
"0",0.0704225352112676,"1","0","0",0.271144278606965,"0","0","0","0","0","0"
"0",0.802816901408451,"1","0","1",0.877611940298508,"1","1","1","1","0","1"
"0",0.704225352112676,"0","0","1",0.117412935323383,"0","1","0","0","0","0"
"0",1,"0","0","1",0.471641791044776,"0","1","0","0","1","0"
"0",0.23943661971831,"1","0","1",0.774129353233831,"1","1","1","0","0","1"
"0",0.0845070422535211,"1","1","1",0.565671641791045,"1","0","1","0","0","0"
"0",0.647887323943662,"1","1","0",0.555223880597015,"0","1","0","0","1","0"
"1",0.0140845070422535,"1","0","1",0.26318407960199,"1","0","0","0","0","1"
"1",0.859154929577465,"1","1","1",0.920398009950249,"0","1","1","1","0","0"
"0",0.211267605633803,"1","0","0",0.0144278606965174,"0","0","0","0","1","0"
"0",0.0704225352112676,"1","0","1",0.310945273631841,"0","1","0","0","0","0"
"0",0.253521126760563,"1","0","1",0.365671641791045,"1","1","0","0","0","0"
"0",0.957746478873239,"0","0","1",0.255721393034826,"0","1","0","0","1","0"
"0",0.140845070422535,"1","1","1",0.558208955223881,"1","0","1","0","0","1"
"0",0.887323943661972,"1","1","1",0.924378109452736,"0","1","1","0","0","1"
"0",0.535211267605634,"1","0","1",0.860199004975124,"1","1","1","1","0","0"
"0",0.197183098591549,"1","1","1",0.372636815920398,"1","1","0","0","0","0"
"0",0.338028169014085,"1","0","0",0.0233830845771144,"0","0","0","0","0","0"
"0",0.0704225352112676,"1","0","0",0.0139303482587065,"0","0","0","0","1","0"
"0",0.915492957746479,"1","1","0",0.970646766169154,"0","1","1","1","0","0"
"0",0.845070422535211,"1","1","0",0.700497512437811,"0","1","0","0","1","0"
"1",0.591549295774648,"1","1","1",0.758706467661692,"0","1","1","0","0","1"
"0",0.154929577464789,"1","0","0",0.018407960199005,"0","0","0","0","0","0"
"1",0.309859154929577,"0","0","1",0.16318407960199,"0","1","0","0","0","0"
"1",0.985915492957746,"0","0","1",0.338805970149254,"0","1","0","0","0","0"
"0",0.464788732394366,"1","1","0",0.465174129353234,"0","1","0","0","0","0"
"0",0.0563380281690141,"1","0","0",0.0159203980099503,"1","0","0","0","0","0"
"0",0.563380281690141,"0","0","0",0.171144278606965,"0","1","0","1","0","0"
"0",1,"1","0","0",0.0144278606965174,"0","0","0","0","1","0"
"1",0.183098591549296,"1","1","1",0.769651741293532,"0","1","1","0","0","1"
"0",0.563380281690141,"1","0","1",0.0159203980099503,"0","0","0","0","1","0"
"0",0.309859154929577,"1","1","0",0.632835820895522,"0","1","1","1","0","0"
"0",0.985915492957746,"1","0","0",0.905970149253731,"0","1","1","0","1","0"
"0",0,"1","0","1",0.517910447761194,"1","0","1","0","0","1"
"0",1,"1","1","0",0.0711442786069652,"0","0","0","0","1","0"
"0",0.0704225352112676,"1","0","1",0.512935323383085,"0","0","1","0","0","1"
"0",0.309859154929577,"1","0","1",0.0174129353233831,"0","0","0","1","0","0"
"1",0.126760563380282,"1","1","0",0.669651741293532,"1","1","1","0","0","1"
"0",1,"1","0","1",0.911940298507463,"0","1","1","0","1","1"
"0",0.0845070422535211,"1","0","1",0.318905472636816,"0","1","0","0","0","0"
"0",0.0704225352112676,"1","0","0",0.758706467661692,"1","1","1","0","0","0"
"0",0.112676056338028,"1","0","1",0.828358208955224,"0","1","1","0","0","1"
"0",0.154929577464789,"1","1","1",0.70547263681592,"0","1","1","0","0","1"
"0",0,"1","0","1",0.0114427860696517,"0","0","0","0","0","0"
"1",0.661971830985915,"0","0","0",0.11592039800995,"0","1","0","1","0","0"
"0",0.267605633802817,"1","0","0",0.602487562189055,"0","1","1","0","0","1"
"1",0.211267605633803,"1","1","1",0.667661691542288,"1","1","1","0","0","0"
"0",0.0140845070422535,"1","0","1",0.610945273631841,"1","1","1","0","0","0"
"0",0.126760563380282,"1","0","1",0.0104477611940299,"0","0","0","1","0","0"
"1",0.0140845070422535,"1","0","1",0.61044776119403,"1","1","1","0","0","1"
"0",0.267605633802817,"1","1","0",0.781592039800995,"0","1","1","0","0","0"
"0",0.267605633802817,"1","0","0",0.0238805970149254,"0","0","0","1","0","0"
"0",0.253521126760563,"1","0","0",0.0154228855721393,"0","0","0","1","0","0"
"1",0.253521126760563,"1","1","1",0.719900497512438,"1","1","1","0","0","1"
"0",0.295774647887324,"1","0","1",0.859203980099502,"0","1","1","0","0","1"
"0",0.47887323943662,"1","1","0",0.614925373134328,"0","1","1","0","0","0"
"0",0,"1","0","0",0.267661691542289,"0","0","0","0","0","0"
"0",0.535211267605634,"1","1","1",0.546268656716418,"0","0","1","0","0","0"
"1",0.746478873239437,"1","0","1",0.804477611940298,"0","1","1","1","0","1"
"0",0,"1","0","1",0.0194029850746269,"1","0","0","0","0","0"
"0",0.915492957746479,"1","1","1",0.87363184079602,"1","1","1","0","1","0"
"0",0.774647887323944,"1","1","1",0.866666666666667,"0","1","1","0","0","0"
"0",0.23943661971831,"1","0","1",0.272636815920398,"0","0","0","0","0","0"
"0",0.211267605633803,"1","1","1",0.613930348258707,"0","1","1","0","0","0"
"0",0.943661971830986,"1","0","1",0.360199004975124,"0","1","0","1","0","0"
"1",0.732394366197183,"1","1","0",0.0681592039800995,"0","0","0","0","1","0"
"0",1,"1","1","0",0.661194029850746,"0","1","0","0","1","0"
"0",0.112676056338028,"1","1","1",0.573134328358209,"0","0","1","0","0","1"
"0",0.408450704225352,"1","0","1",0.303980099502488,"0","1","0","0","0","0"
"0",0.492957746478873,"1","1","1",0.804975124378109,"1","1","1","0","0","1"
"0",0.23943661971831,"0","0","1",0.16865671641791,"0","1","0","0","0","1"
"1",0.76056338028169,"1","1","0",0.577114427860697,"0","1","0","1","0","1"
"0",0.535211267605634,"0","0","0",0.374626865671642,"1","1","0","0","0","1"
"0",0.28169014084507,"1","1","1",0.637810945273632,"1","1","1","0","0","1"
"0",0.0140845070422535,"0","0","1",0.220398009950249,"1","1","0","0","0","0"
"1",0.450704225352113,"1","1","1",0.0661691542288557,"0","0","0","1","0","0"
"0",0.605633802816901,"0","0","0",0.358706467661692,"0","1","0","0","1","0"
"0",0.408450704225352,"1","0","0",0.478109452736318,"0","1","0","0","0","0"
"0",0.985915492957746,"1","0","1",0.0263681592039801,"0","0","0","0","1","0"
"0",0.0422535211267606,"1","1","0",0.568159203980099,"1","0","1","0","0","1"
"0",0.47887323943662,"1","0","1",0.665671641791045,"1","1","1","1","0","1"
"0",0,"1","0","0",0.568159203980099,"0","1","1","0","0","0"
"1",0.309859154929577,"1","1","1",0.85771144278607,"0","1","1","0","0","1"
"0",0.295774647887324,"0","0","1",0.31044776119403,"0","1","0","1","0","0"
"0",0.676056338028169,"1","0","0",0.0119402985074627,"0","0","0","1","0","0"
"0",0.577464788732394,"1","0","1",0.735323383084577,"0","1","1","0","0","1"
"0",0.450704225352113,"1","0","1",0.751741293532338,"1","1","1","1","0","1"
"0",0.0845070422535211,"1","0","0",0.0159203980099503,"0","0","0","0","1","0"
"0",0.929577464788732,"1","1","1",0.81592039800995,"0","1","1","1","0","0"
"0",0.197183098591549,"1","1","0",0.770646766169154,"0","1","1","0","0","1"
"0",0.929577464788732,"1","1","1",0.745273631840796,"0","1","1","0","1","1"
"0",0.732394366197183,"1","0","1",0.511940298507463,"0","1","0","0","1","0"
"0",0.28169014084507,"1","0","0",0.0154228855721393,"0","0","0","1","0","0"
"0",0.549295774647887,"1","0","1",0.528358208955224,"0","1","0","0","0","0"
"0",0.295774647887324,"1","0","0",0.0248756218905473,"0","0","0","1","0","0"
"0",0.535211267605634,"0","0","1",0.222388059701493,"0","1","0","0","0","1"
"0",0.619718309859155,"1","0","1",0.0213930348258706,"1","0","0","1","0","1"
"0",0.0140845070422535,"1","0","0",0.0208955223880597,"0","0","0","0","0","0"
"0",0.788732394366197,"1","0","0",0.0149253731343284,"0","0","0","0","1","0"
"0",0.0985915492957746,"1","0","1",0.359701492537313,"0","1","0","0","0","1"
"1",0.0845070422535211,"1","1","1",0.760696517412935,"1","1","1","0","0","0"
"0",0.0704225352112676,"0","0","1",0.121890547263682,"1","1","0","0","0","0"
"0",0.0845070422535211,"1","0","0",0.0218905472636816,"0","0","0","0","0","0"
"0",0.676056338028169,"1","1","1",0.476616915422886,"0","1","0","0","1","0"
"0",0.901408450704225,"1","1","1",0.712437810945274,"0","1","1","1","0","1"
"0",0.76056338028169,"1","0","0",0.266666666666667,"0","0","0","1","0","0"
"0",0.985915492957746,"1","1","0",0.682587064676617,"0","1","0","0","1","0"
"0",0.47887323943662,"1","1","1",0.781094527363184,"0","1","1","0","0","0"
"1",0.028169014084507,"1","1","1",0.584577114427861,"1","0","1","0","0","1"
"0",0.140845070422535,"1","0","0",0.018407960199005,"1","0","0","0","0","0"
"0",0,"1","0","0",0.567661691542289,"1","1","1","0","0","1"
"0",0.225352112676056,"1","1","1",0.879601990049751,"0","1","1","0","0","0"
"0",1,"1","1","1",0.914427860696517,"0","1","1","0","1","0"
"0",0.380281690140845,"1","0","1",0.642786069651741,"0","1","1","1","0","0"
"0",0.23943661971831,"1","0","0",0.018407960199005,"0","0","0","0","1","0"
"1",0.549295774647887,"1","0","1",0.80547263681592,"1","1","1","1","0","0"
"0",0.71830985915493,"1","0","1",0.409950248756219,"0","1","0","0","0","1"
"0",0.647887323943662,"1","0","1",0.401492537313433,"0","1","0","0","0","0"
"0",0.309859154929577,"1","0","0",0.312935323383085,"0","1","0","0","0","0"
"0",0.915492957746479,"1","0","0",0.47363184079602,"0","1","0","0","1","0"
"0",0.0985915492957746,"1","1","1",0.549751243781095,"0","0","1","0","0","1"
"1",0.647887323943662,"1","0","0",0.669154228855721,"1","1","1","0","0","0"
"0",0.0845070422535211,"1","0","0",0.017910447761194,"1","0","0","0","0","0"
"0",0.985915492957746,"1","1","0",0.949253731343284,"0","1","1","0","1","0"
"1",0.690140845070423,"1","1","1",0.648258706467662,"0","1","1","0","0","1"
"0",0.633802816901408,"1","0","0",0.471641791044776,"0","1","0","0","1","0"
"0",0,"1","0","0",0.518905472636816,"1","0","1","0","0","1"
"0",0.915492957746479,"0","0","1",0.428855721393035,"0","1","0","0","1","0"
"0",0.577464788732394,"1","1","1",0.673134328358209,"0","1","1","0","0","0"
"0",0.0563380281690141,"1","0","1",0.571144278606965,"0","1","1","0","0","0"
"0",0.0845070422535211,"1","0","1",0.313432835820896,"1","1","0","1","0","1"
"0",0.394366197183099,"1","1","0",0.523880597014925,"0","1","0","1","0","0"
"0",0.366197183098592,"1","0","0",0.314427860696517,"0","1","0","0","0","0"
"1",0.197183098591549,"1","0","1",0.567661691542289,"1","1","1","0","0","0"
"0",0.338028169014085,"1","0","0",0.018407960199005,"0","0","0","0","1","0"
"0",0.140845070422535,"1","1","1",0.753731343283582,"1","1","1","0","0","1"
"0",0.788732394366197,"1","1","1",0.843781094527363,"0","1","1","0","0","1"
"0",0.929577464788732,"1","1","1",0.996019900497512,"1","1","1","1","0","0"
"1",0.647887323943662,"1","1","0",0.81044776119403,"0","1","1","0","0","1"
"0",0.169014084507042,"1","0","1",0.633333333333333,"0","1","1","0","0","0"
"0",0.0985915492957746,"0","0","1",0.121393034825871,"1","1","0","0","0","1"
"0",0.605633802816901,"1","1","1",0.774626865671642,"1","1","1","0","0","1"
"0",0.985915492957746,"1","1","1",0.477114427860697,"0","1","0","1","0","1"
"1",0.323943661971831,"1","1","1",0.855721393034826,"1","1","1","0","0","1"
"1",0.197183098591549,"1","1","1",0.616417910447761,"1","1","1","0","0","1"
"0",0,"1","0","0",0.0149253731343284,"0","0","0","0","0","1"
"1",0.0140845070422535,"1","1","1",0.540796019900497,"0","0","1","0","0","0"
"1",0.76056338028169,"1","1","1",0.977611940298508,"0","1","1","0","0","1"
"1",0.985915492957746,"1","1","1",0.881094527363184,"0","1","1","0","1","1"
"0",0.690140845070423,"1","1","0",0.0666666666666667,"0","0","0","0","1","0"
"0",0,"1","0","1",0.706467661691542,"0","1","1","0","0","1"
"0",0.0563380281690141,"1","0","1",0.00995024875621891,"0","0","0","0","0","0"
"0",0.915492957746479,"1","1","1",0.858706467661692,"0","1","1","1","0","0"
"0",0.676056338028169,"1","0","1",0.686069651741294,"0","1","0","1","0","0"
"1",0.028169014084507,"0","0","1",0.124378109452736,"0","1","0","0","0","1"
"0",0.915492957746479,"1","1","1",0.0741293532338308,"0","0","0","1","0","0"
"0",0.140845070422535,"1","1","0",0.676119402985075,"0","1","1","0","0","1"
"0",0.380281690140845,"0","0","1",0.117910447761194,"0","1","0","0","0","0"
"0",0.901408450704225,"1","1","1",0.806965174129353,"0","1","1","0","1","1"
"0",0.859154929577465,"1","0","1",0.00945273631840795,"0","0","0","0","1","0"
"0",0.0140845070422535,"1","0","0",0.018407960199005,"0","0","0","0","0","0"
"0",0.0140845070422535,"1","0","0",0.0208955223880597,"0","0","0","0","0","0"
"0",0.76056338028169,"1","1","1",0.0736318407960199,"0","0","0","0","1","0"
"1",0.563380281690141,"1","0","1",0.759203980099502,"0","1","1","0","0","1"
"0",0.225352112676056,"1","1","1",0.855223880597015,"1","1","1","0","0","1"
"0",0.408450704225352,"1","0","1",0.75771144278607,"0","1","1","1","0","0"
"0",0.225352112676056,"1","0","0",0.376616915422886,"0","1","0","1","0","0"
"0",0.211267605633803,"1","0","0",0.497512437810945,"0","1","0","0","1","0"
"0",1,"1","1","0",0.0646766169154229,"0","0","0","0","1","0"
"0",0.112676056338028,"1","1","1",0.577114427860697,"0","0","1","0","0","1"
"0",0,"1","0","0",0.558208955223881,"0","1","1","0","0","1"
"0",0.309859154929577,"1","0","0",0.357213930348259,"0","1","0","0","0","1"
"0",0.0985915492957746,"1","0","0",0.0119402985074627,"0","0","0","0","0","0"
"0",0.253521126760563,"0","0","1",0.166169154228856,"0","1","0","0","0","0"
"0",0.0845070422535211,"1","1","1",0.352238805970149,"0","1","0","0","0","1"
"1",0,"1","0","1",0.511442786069652,"1","0","1","0","0","1"
"0",0.845070422535211,"1","1","0",0.853233830845771,"0","1","1","1","0","1"
"0",0.788732394366197,"1","0","1",0.518407960199005,"0","1","0","0","1","0"
"0",0.112676056338028,"1","0","1",0.622388059701492,"1","1","1","0","0","1"
"0",0.197183098591549,"1","0","0",0.463681592039801,"0","1","0","1","0","0"
"0",0,"1","0","0",0.0139303482587065,"0","0","0","0","0","0"
"0",0.154929577464789,"1","0","0",0.275124378109453,"0","0","0","0","0","0"
"0",0.746478873239437,"1","0","0",0.0174129353233831,"0","0","0","0","1","0"
"0",0.0422535211267606,"1","0","0",0.264179104477612,"0","0","0","0","0","1"
"0",0.0845070422535211,"1","0","1",0.617412935323383,"1","1","1","0","0","0"
"0",0.267605633802817,"1","0","0",0.0208955223880597,"0","0","0","1","0","0"
"0",0.352112676056338,"0","0","0",0.274129353233831,"0","1","0","0","0","0"
"1",0.492957746478873,"1","1","1",0.655223880597015,"1","1","1","0","0","1"
"0",0.732394366197183,"1","1","1",0.902487562189055,"0","1","1","1","0","0"
"0",0.028169014084507,"1","0","1",0.508457711442786,"1","1","0","0","0","1"
"0",0.943661971830986,"0","0","0",0.458706467661691,"0","1","0","0","1","0"
"0",1,"1","1","1",0.721890547263682,"0","1","0","0","1","0"
"0",0.154929577464789,"1","1","0",0.0666666666666667,"0","0","0","1","0","0"
"1",0.464788732394366,"1","1","1",0.61044776119403,"1","1","1","0","0","0"
"0",0.943661971830986,"1","1","1",0.661194029850746,"0","1","1","0","1","0"
"0",0.690140845070423,"1","0","1",0.522885572139303,"0","1","0","1","0","0"
"1",0,"0","0","1",0.181094527363184,"1","1","0","0","0","1"
"1",0.563380281690141,"1","1","1",0.857213930348259,"0","1","1","0","0","1"
"1",0.408450704225352,"1","1","1",0.828358208955224,"0","1","1","0","0","1"
"0",0,"1","1","0",0.358706467661692,"0","1","0","0","0","1"
"1",0.394366197183099,"1","1","1",0.85273631840796,"0","1","1","0","0","1"
"0",0.309859154929577,"1","1","1",0.724875621890547,"0","1","0","0","1","0"
"0",0.830985915492958,"1","0","0",0.0169154228855721,"0","0","0","0","1","0"
"0",1,"1","1","0",0.081592039800995,"0","0","0","0","1","0"
"0",0.295774647887324,"1","0","1",0.707960199004975,"1","1","1","0","0","1"
"0",1,"1","0","1",0.565671641791045,"0","1","0","0","1","0"
"1",0.915492957746479,"1","1","0",0.894029850746269,"0","1","1","1","0","0"
"0",1,"1","1","1",0.914427860696517,"0","1","1","0","1","1"
"1",0.647887323943662,"1","1","0",0.617910447761194,"1","1","1","0","0","1"
"0",0.704225352112676,"1","1","1",0.927860696517413,"0","1","1","1","0","1"
"0",0.971830985915493,"1","1","1",0.878109452736318,"0","1","1","1","0","1"
"0",0.112676056338028,"1","0","1",0.0164179104477612,"0","0","0","1","0","1"
"0",0.816901408450704,"1","1","1",0.923880597014925,"0","1","1","0","1","0"
"0",0.028169014084507,"1","0","0",0.521890547263682,"0","1","0","0","0","0"
"1",0.52112676056338,"0","0","1",0.0656716417910448,"0","0","0","0","0","1"
"0",0.507042253521127,"1","1","0",0.725870646766169,"0","1","1","0","0","0"
"0",0.507042253521127,"1","0","0",0.471144278606965,"0","1","0","0","1","0"
"1",0.323943661971831,"0","0","1",0.222885572139303,"1","1","0","0","0","0"
"0",0.183098591549296,"1","0","0",0.409950248756219,"0","1","0","0","0","0"
"0",1,"1","1","1",0.912437810945274,"0","1","1","0","1","0"
"0",0.732394366197183,"0","0","1",0.419900497512438,"1","1","0","1","0","1"
"0",0.0985915492957746,"1","1","1",0.66318407960199,"1","1","1","0","0","1"
"0",1,"0","0","0",0.201492537313433,"0","1","0","0","1","0"
"1",0.225352112676056,"1","1","1",0.739303482587065,"0","1","1","0","0","1"
"0",0.0140845070422535,"1","0","1",0.550248756218905,"1","1","1","0","0","0"
"0",0.0985915492957746,"1","0","0",0.0189054726368159,"1","0","0","0","0","0"
"0",0.661971830985915,"0","0","0",0.163681592039801,"1","1","0","1","0","0"
"0",0.126760563380282,"1","1","1",0.0621890547263682,"0","0","0","0","0","0"
"0",0,"1","0","0",0.0233830845771144,"0","0","0","0","0","0"
"0",0.394366197183099,"1","0","0",0.395522388059701,"0","1","0","1","0","0"
"1",0.901408450704225,"1","1","1",0.887562189054726,"0","1","1","1","0","1"
"0",0.0985915492957746,"1","1","1",0.470149253731343,"0","1","0","0","0","0"
"0",0.845070422535211,"1","1","0",0.0716417910447761,"0","0","0","0","1","0"
"1",0.619718309859155,"1","1","1",0.814925373134328,"0","1","1","1","0","0"
"0",1,"1","1","1",0.85771144278607,"0","1","1","1","0","0"
"0",0.154929577464789,"1","0","1",0.0288557213930348,"0","0","0","0","0","1"
"0",0.0845070422535211,"1","1","0",0.775621890547264,"0","1","1","0","0","1"
"0",0.112676056338028,"1","0","1",0.260199004975124,"0","0","0","0","0","0"
"1",0.591549295774648,"1","1","1",0.888557213930348,"1","1","1","1","0","1"
"0",0.802816901408451,"1","1","0",0.757213930348259,"0","1","1","0","1","0"
"1",0.211267605633803,"1","1","1",0.800995024875622,"1","1","1","0","0","1"
"0",0.0140845070422535,"1","0","0",0.0203980099502488,"0","0","0","0","0","0"
"0",0.0985915492957746,"1","0","0",0.824875621890547,"1","1","1","0","0","1"
"0",0.549295774647887,"1","1","0",0.870646766169154,"0","1","1","1","0","0"
"0",0.112676056338028,"1","1","1",0.625870646766169,"0","1","1","0","0","1"
"0",0.563380281690141,"1","0","1",0.709452736318408,"0","1","1","1","0","1"
"0",0.352112676056338,"1","0","1",0.36318407960199,"0","1","0","0","0","0"
"0",0.450704225352113,"1","0","1",0.353233830845771,"0","1","0","1","0","0"
"0",0.943661971830986,"1","0","0",0.870646766169154,"0","1","1","1","0","0"
"1",0.901408450704225,"1","0","1",0.871641791044776,"0","1","1","0","1","0"
"0",0.76056338028169,"1","0","1",0.457213930348259,"0","1","0","1","0","1"
"0",0.267605633802817,"1","1","1",0.700995024875622,"1","1","1","0","0","1"
"0",0.253521126760563,"1","0","1",0.691044776119403,"0","1","1","1","0","0"
"0",0.619718309859155,"1","1","1",0.706965174129353,"0","1","1","0","0","0"
"0",0.971830985915493,"1","0","1",0.0189054726368159,"0","0","0","0","1","0"
"0",0.0140845070422535,"1","0","1",0.611940298507463,"1","1","1","0","0","1"
"0",0.366197183098592,"1","1","1",0.759203980099502,"1","1","1","0","0","0"
"0",0.154929577464789,"1","0","1",0.017910447761194,"0","0","0","0","1","1"
"0",1,"0","0","0",0.487064676616915,"0","1","0","0","1","0"
"0",0.154929577464789,"1","1","0",0.759203980099502,"0","1","1","0","0","1"
"1",0.0563380281690141,"1","0","1",0.50547263681592,"1","0","1","0","0","0"
"1",0.985915492957746,"1","1","1",0.888059701492537,"0","1","1","0","0","1"
"1",0.47887323943662,"1","0","1",0.544776119402985,"0","1","0","1","0","1"
"0",0.971830985915493,"1","1","0",0.960199004975124,"0","1","1","0","1","0"
"0",0.422535211267606,"1","1","1",0.575124378109453,"0","0","1","0","0","1"
"0",0.71830985915493,"1","1","1",0.776119402985075,"1","1","1","0","1","0"
"1",0.507042253521127,"1","1","1",0.824378109452736,"1","1","1","0","0","1"
"0",0.957746478873239,"1","1","1",0.860199004975124,"1","1","1","1","0","0"
"1",0.408450704225352,"1","1","0",0.593532338308458,"0","0","1","0","0","0"
"0",0.450704225352113,"1","1","1",0.720398009950249,"0","1","1","0","0","1"
"1",0.746478873239437,"1","1","1",0.917412935323383,"0","1","1","0","1","1"
"0",0.816901408450704,"1","1","0",0.501990049751244,"0","1","0","1","0","0"
"1",0.76056338028169,"0","0","1",0.264676616915423,"0","1","0","0","0","1"
"1",0.957746478873239,"0","0","1",0.114925373134328,"0","1","0","1","0","0"
"0",0.915492957746479,"1","1","1",0.702985074626866,"0","1","1","1","0","0"
"0",0.507042253521127,"1","0","1",0.402985074626866,"0","1","0","1","0","0"
"1",0.112676056338028,"1","0","0",0.0159203980099503,"0","0","0","1","0","0"
"0",0.957746478873239,"1","1","0",0.683084577114428,"0","1","0","0","1","0"
"0",0.126760563380282,"1","0","1",0.411940298507463,"0","1","0","0","0","0"
"0",0.549295774647887,"1","0","1",0.368159203980099,"1","1","0","0","0","0"
"0",0.169014084507042,"1","0","0",0.47910447761194,"0","1","0","0","0","0"
"0",0.0704225352112676,"1","1","1",0.714925373134328,"1","1","1","0","0","1"
"0",0.957746478873239,"1","0","0",0.0189054726368159,"0","0","0","0","1","0"
"1",0.915492957746479,"1","1","1",0.894029850746269,"0","1","1","1","0","0"
"0",0.140845070422535,"1","1","0",0.353233830845771,"1","1","0","0","0","1"
"0",0.633802816901408,"1","0","0",0.384577114427861,"0","1","0","1","0","0"
"0",0.0704225352112676,"1","0","0",0.706965174129353,"1","1","1","0","0","1"
"0",0.774647887323944,"1","1","1",0.908955223880597,"0","1","1","0","0","0"
"0",0.971830985915493,"1","1","0",0.0686567164179104,"0","0","0","0","1","0"
"0",0.450704225352113,"1","1","1",0.605970149253731,"0","1","0","1","0","1"
"0",1,"1","1","0",0.482587064676617,"0","1","0","0","1","0"
"0",0.028169014084507,"1","1","1",0.765671641791045,"1","1","1","0","0","1"
"0",0.253521126760563,"1","0","0",0.303980099502488,"0","1","0","0","0","0"
"1",0.0563380281690141,"0","0","0",0.273134328358209,"1","1","0","0","0","1"
"0",0.985915492957746,"1","0","1",0.621393034825871,"0","1","0","0","1","0"
"0",0.0985915492957746,"1","0","1",0.559701492537313,"1","1","1","0","0","1"
"0",0,"1","0","0",0.0228855721393035,"0","0","0","0","0","0"
"0",0,"1","0","1",0.610945273631841,"1","1","1","0","0","1"
"0",0.845070422535211,"1","1","1",0.963681592039801,"0","1","1","1","0","0"
"0",0.985915492957746,"0","0","0",0.412437810945274,"0","1","0","0","1","0"
"0",0.943661971830986,"1","1","0",0.678606965174129,"0","1","1","1","0","0"
"0",0.633802816901408,"0","0","0",0.153731343283582,"0","1","0","1","0","0"
"0",0.450704225352113,"1","1","0",0.615422885572139,"0","1","1","1","0","0"
"0",0.732394366197183,"1","1","1",0.853731343283582,"0","1","1","0","1","0"
"1",0.690140845070423,"1","1","0",0.900497512437811,"0","1","1","0","0","0"
"0",0.788732394366197,"0","0","1",0.227363184079602,"0","1","0","1","0","0"
"0",0.746478873239437,"1","0","1",0.0208955223880597,"0","0","0","0","1","0"
"1",0.830985915492958,"1","1","1",0.872139303482587,"0","1","1","0","0","1"
"1",0.380281690140845,"1","1","1",0.82636815920398,"1","1","1","0","0","0"
"0",0,"1","0","1",0.614925373134328,"1","1","1","0","0","0"
"0",0.394366197183099,"1","1","1",0.705970149253731,"1","1","1","0","0","1"
"0",0.126760563380282,"1","0","1",0.470149253731343,"0","1","0","0","0","1"
"0",0.591549295774648,"0","0","1",0.22089552238806,"0","1","0","0","0","1"
"1",0.169014084507042,"1","0","0",0.519402985074627,"0","0","1","0","0","0"
"0",0.591549295774648,"1","0","1",0.602487562189055,"0","1","0","0","1","1"
"0",0.253521126760563,"1","1","1",0.650746268656716,"1","1","1","0","0","1"
"0",0,"1","0","1",0.714925373134328,"0","1","1","0","0","1"
"0",0.957746478873239,"1","0","1",0.638805970149254,"0","1","0","0","1","0"
"0",0.845070422535211,"1","0","0",0.0199004975124378,"0","0","0","0","1","0"
"0",0.591549295774648,"1","1","0",0.477611940298507,"0","1","0","0","0","0"
"0",0.0704225352112676,"1","0","0",0.0124378109452736,"1","0","0","0","0","0"
"0",0,"1","0","0",0.328358208955224,"1","1","0","0","0","0"
"0",0.774647887323944,"1","0","0",0.710945273631841,"0","1","1","0","0","0"
"0",0.971830985915493,"0","0","0",0.460696517412935,"0","1","0","0","1","0"
"0",0,"1","0","1",0.272139303482587,"1","0","0","0","0","1"
"0",0.676056338028169,"1","1","1",0.750248756218906,"0","1","1","1","0","1"
"0",0.0704225352112676,"1","0","1",0.312437810945274,"1","1","0","0","0","0"
"0",0.436619718309859,"1","0","0",0.550746268656716,"0","1","0","0","1","0"
"1",1,"1","1","1",0.91044776119403,"0","1","1","0","1","0"
"0",0.507042253521127,"1","0","0",0.429850746268657,"0","1","0","0","1","0"
"0",0.957746478873239,"1","0","1",0.877114427860697,"0","1","1","1","0","0"
"0",0.352112676056338,"1","0","0",0.633333333333333,"0","1","0","0","0","0"
"0",0.802816901408451,"1","1","1",0.865174129353234,"0","1","1","1","0","0"
"0",0.323943661971831,"1","1","0",0.361691542288557,"0","1","0","1","0","0"
"0",0.0563380281690141,"1","0","0",0.0228855721393035,"0","0","0","1","0","1"
"0",0.197183098591549,"1","0","1",0.0174129353233831,"1","0","0","0","0","1"
"0",0.408450704225352,"1","0","0",0.0144278606965174,"0","0","0","0","1","0"
"0",0.76056338028169,"1","1","1",0.475621890547264,"0","1","0","1","0","0"
"0",0.338028169014085,"0","0","1",0.156716417910448,"1","1","0","0","0","0"
"1",0.126760563380282,"1","0","1",0.738805970149254,"1","1","1","0","0","0"
"0",0.605633802816901,"0","0","1",0.356218905472637,"0","1","0","0","1","0"
"0",0.647887323943662,"1","0","1",0.404477611940299,"0","1","0","1","0","0"
"0",0.169014084507042,"1","0","0",0.697512437810945,"1","1","1","0","0","1"
"0",0.676056338028169,"1","1","1",0.892537313432836,"1","1","1","0","1","0"
"0",0.887323943661972,"1","0","1",0.782587064676617,"0","1","1","1","0","0"
"0",0,"1","0","0",0.00845771144278608,"0","0","0","0","0","0"
"0",0.267605633802817,"1","0","0",0.31592039800995,"0","1","0","0","0","0"
"0",0.507042253521127,"0","0","0",0.270149253731343,"0","1","0","0","1","1"
"0",0.408450704225352,"1","1","0",0.66865671641791,"0","1","1","0","0","1"
"0",0.52112676056338,"1","1","0",0.655223880597015,"0","1","0","1","0","0"
"1",0,"1","1","1",0.559203980099503,"1","0","1","0","0","0"
"0",0.507042253521127,"1","0","1",0.462686567164179,"1","1","0","0","0","1"
"0",0.71830985915493,"0","0","0",0.477611940298507,"0","1","0","0","1","0"
"0",0.985915492957746,"1","0","1",0.583582089552239,"0","1","0","0","1","0"
"0",0.352112676056338,"1","0","0",0.711940298507463,"1","1","1","0","0","1"
"0",0.915492957746479,"1","1","1",0.560696517412935,"0","1","0","0","1","0"
"0",1,"1","1","1",0.982089552238806,"0","1","1","0","1","0"
"0",0.338028169014085,"0","0","1",0.222885572139303,"0","1","0","1","0","0"
"0",0.957746478873239,"1","1","1",0.956218905472637,"0","1","1","0","1","0"
"0",0.732394366197183,"1","1","0",0.511940298507463,"0","1","0","0","1","0"
"0",0.154929577464789,"1","0","0",0.76865671641791,"1","1","1","1","0","0"
"0",0.352112676056338,"1","0","1",0.8,"0","1","1","0","0","1"
"0",0.28169014084507,"1","0","0",0.4318407960199,"0","1","0","0","0","0"
"0",0,"1","0","1",0.707462686567164,"0","1","1","0","0","1"
"0",0.661971830985915,"1","1","1",0.767661691542289,"0","1","1","0","0","1"
"0",0.352112676056338,"0","0","0",0.170646766169154,"0","1","0","1","0","0"
"0",0.830985915492958,"1","0","0",0.0169154228855721,"0","0","0","0","1","0"
"0",0.23943661971831,"1","0","0",0.00995024875621891,"0","0","0","0","0","0"
"1",0.126760563380282,"0","0","1",0.113432835820896,"1","1","0","0","0","1"
"0",0.0563380281690141,"1","1","1",0.659203980099503,"1","1","1","0","0","1"
"0",0.0422535211267606,"1","0","1",0.0213930348258706,"0","0","0","1","0","0"
"0",0.901408450704225,"1","1","0",0.0646766169154229,"0","0","0","0","1","0"
"0",0.971830985915493,"1","1","0",0.0706467661691542,"0","0","0","0","1","0"
"0",0.23943661971831,"1","1","1",0.72089552238806,"1","1","1","0","0","0"
"0",0.859154929577465,"1","0","0",0.0174129353233831,"0","0","0","0","1","0"
"0",0.915492957746479,"1","0","1",0.412935323383085,"0","1","0","0","1","1"
"0",0.901408450704225,"1","1","1",0.639303482587065,"0","1","0","0","1","0"
"1",0.028169014084507,"1","0","1",0.517910447761194,"1","0","1","0","0","1"
"0",0.464788732394366,"1","0","0",0.0208955223880597,"0","0","0","0","0","0"
"0",0.211267605633803,"1","1","1",0.721890547263682,"0","1","1","0","0","0"
"0",0.746478873239437,"1","1","1",0.85273631840796,"1","1","1","1","0","0"
"1",0.690140845070423,"1","1","1",0.862686567164179,"0","1","1","0","0","1"
"0",0.985915492957746,"1","0","1",0.865671641791045,"0","1","1","0","1","1"
"0",0.126760563380282,"1","1","1",0.562189054726368,"1","0","1","0","0","1"
"0",0,"1","0","1",0.323880597014925,"1","1","0","0","0","1"
"0",0.23943661971831,"1","1","0",0.054726368159204,"0","0","0","1","0","0"
"0",0.0422535211267606,"1","0","1",0.428358208955224,"0","1","0","0","0","1"
"0",0.802816901408451,"1","1","0",0.572636815920398,"0","1","0","0","1","0"
"0",0.774647887323944,"1","1","1",0.793532338308458,"0","1","1","1","0","1"
"0",0.0140845070422535,"1","0","1",0.616915422885572,"1","1","1","0","0","1"
"0",0.436619718309859,"1","1","1",0.603482587064677,"1","1","1","0","0","1"
"0",0.774647887323944,"0","0","1",0.335820895522388,"0","1","0","1","0","0"
"0",0.492957746478873,"1","1","1",0.661691542288557,"1","1","1","0","0","1"
"0",0.0422535211267606,"1","1","1",0.459203980099503,"0","1","0","0","0","0"
"0",0.732394366197183,"1","1","0",0.66865671641791,"1","1","1","0","0","0"
"0",0.126760563380282,"1","0","1",0.274129353233831,"0","0","0","0","0","0"
"0",0.0422535211267606,"0","0","0",0.121890547263682,"0","1","0","0","0","1"
"0",0,"1","0","0",0.0164179104477612,"1","0","0","0","0","0"
"0",0.704225352112676,"1","0","0",0.506467661691542,"0","0","1","0","0","0"
"1",0.154929577464789,"1","1","1",0.807960199004975,"1","1","1","0","0","1"
"0",0.0704225352112676,"0","0","1",0.308457711442786,"0","1","0","1","0","0"
"0",0.873239436619718,"0","0","0",0.209950248756219,"0","1","0","0","1","0"
"0",0,"1","0","1",0.52089552238806,"1","0","1","0","0","1"
"0",0.661971830985915,"1","1","1",0.864179104477612,"0","1","1","0","0","0"
"0",0.0563380281690141,"1","0","1",0.624378109452736,"1","1","1","0","0","0"
"0",0.47887323943662,"1","0","1",0.018407960199005,"0","0","0","1","0","0"
"0",0.0704225352112676,"1","0","1",0.662686567164179,"1","1","1","0","0","1"
"0",0.0140845070422535,"1","0","0",0.0149253731343284,"0","0","0","0","0","0"
"0",0.690140845070423,"1","0","0",0.0149253731343284,"0","0","0","1","0","0"
"0",0.450704225352113,"1","0","1",0.518905472636816,"0","0","1","0","0","0"
"0",0.422535211267606,"1","0","0",0.0218905472636816,"0","0","0","0","1","0"
"0",0.112676056338028,"1","0","0",0.0208955223880597,"0","0","0","0","1","0"
"0",0.746478873239437,"1","1","1",0.676119402985075,"0","1","0","0","0","1"
"0",0.633802816901408,"1","0","1",0.770149253731343,"0","1","1","1","0","0"
"0",0.464788732394366,"1","1","1",0.851243781094527,"0","1","1","1","0","1"
"0",0.985915492957746,"1","1","1",0.785572139303483,"0","1","1","0","1","1"
"0",0.873239436619718,"1","0","0",0.450746268656716,"0","1","0","0","1","0"
"0",0.704225352112676,"1","1","0",0.0666666666666667,"0","0","0","0","1","0"
"1",0.352112676056338,"1","1","1",0.70547263681592,"1","1","1","0","0","1"
"0",0.887323943661972,"1","0","1",0.803482587064677,"0","1","1","0","1","0"
"1",0,"0","0","1",0.0651741293532338,"1","0","0","0","0","1"
"1",0.845070422535211,"1","1","1",0.669651741293532,"0","1","1","1","0","0"
"0",0.197183098591549,"1","0","1",0.753731343283582,"0","1","1","0","0","0"
"0",0.887323943661972,"1","1","1",0.869651741293532,"1","1","1","1","0","0"
"0",0.23943661971831,"1","1","1",0.318905472636816,"0","0","0","0","0","1"
"0",0.788732394366197,"1","0","1",0.763681592039801,"0","1","1","1","0","1"
"0",0.183098591549296,"1","0","1",0.429353233830846,"0","1","0","0","1","0"
"1",0.23943661971831,"1","1","1",0.619900497512438,"0","1","1","0","0","0"
"1",1,"1","1","0",0.599502487562189,"0","1","1","0","1","0"
"0",0.971830985915493,"1","1","0",0.955721393034826,"0","1","1","0","1","0"
"0",0.52112676056338,"1","0","0",0.017910447761194,"0","0","0","0","1","0"
"0",0.943661971830986,"1","0","0",0.441791044776119,"0","1","0","0","1","0"
"0",0.169014084507042,"1","0","1",0.622885572139303,"1","1","1","0","0","1"
"1",0.901408450704225,"1","1","1",0.740796019900498,"0","1","1","0","1","0"
"0",0.408450704225352,"1","1","0",0.817910447761194,"0","1","1","0","0","1"
"0",0.704225352112676,"1","1","1",0.566666666666667,"0","1","0","0","1","0"
"0",0.422535211267606,"1","1","1",0.661691542288557,"0","1","1","0","0","0"
"0",0.112676056338028,"1","0","0",0.708457711442786,"1","1","1","0","0","1"
"0",1,"1","1","1",0.609452736318408,"0","1","0","0","1","0"
"0",0.126760563380282,"1","1","1",0.536318407960199,"1","1","0","0","0","0"
"0",0.507042253521127,"1","0","1",0.0154228855721393,"0","0","0","1","0","1"
"0",0.0140845070422535,"1","0","0",0.578606965174129,"1","1","0","0","0","1"
"0",0.76056338028169,"1","0","1",0.822388059701493,"0","1","1","1","0","0"
"0",0.450704225352113,"1","1","1",0.766666666666667,"0","1","1","0","0","0"
"0",0.633802816901408,"1","0","0",0.723383084577114,"0","1","1","1","0","0"
"0",0,"1","0","0",0.360696517412935,"0","1","0","0","0","1"
"1",0.267605633802817,"1","1","1",0.43134328358209,"1","1","0","0","0","0"
"0",0.112676056338028,"1","0","1",0.613432835820896,"1","1","1","0","0","1"
"1",0.436619718309859,"1","1","1",0.775124378109453,"1","1","1","0","0","0"
"0",0.253521126760563,"1","0","1",0.311940298507463,"0","1","0","0","0","0"
"0",0.971830985915493,"1","1","0",0.468159203980099,"1","1","0","0","1","0"
"0",0.845070422535211,"1","1","1",0.0671641791044776,"0","0","0","0","1","0"
"0",0.352112676056338,"1","0","0",0.270646766169154,"0","0","0","0","0","1"
"0",0.619718309859155,"1","1","1",0.890547263681592,"0","1","1","0","0","0"
"0",0.859154929577465,"1","1","1",0.704975124378109,"0","1","1","0","1","0"
"0",0,"1","0","0",0.0139303482587065,"1","0","0","0","0","0"
"0",0.028169014084507,"1","0","0",0.263681592039801,"0","0","0","0","0","0"
"0",0.563380281690141,"1","1","1",0.829353233830846,"0","1","1","1","0","0"
"0",0.929577464788732,"1","0","0",0.844776119402985,"0","1","1","0","1","0"
"0",0,"1","1","1",0.660696517412935,"1","1","1","0","0","0"
"0",0.985915492957746,"1","1","0",0.770149253731343,"0","1","1","1","0","0"
"0",0.507042253521127,"1","0","0",0.565671641791045,"0","1","0","1","0","0"
"0",0.830985915492958,"1","0","1",0.428855721393035,"0","1","0","0","1","0"
"1",0,"1","0","1",0.51044776119403,"1","0","1","0","0","1"
"0",0.0704225352112676,"1","0","0",0.0144278606965174,"0","0","0","0","0","0"
"0",0.169014084507042,"0","0","1",0.127363184079602,"1","1","0","0","0","1"
"0",0.140845070422535,"1","0","0",0.325870646766169,"0","1","0","0","0","0"
"0",0.0845070422535211,"1","0","1",0.325870646766169,"1","1","0","0","0","0"
"0",0.126760563380282,"1","0","1",0.702487562189055,"0","1","1","0","0","1"
"0",0.464788732394366,"1","0","0",0.017910447761194,"0","0","0","0","1","0"
"0",0.859154929577465,"1","0","1",0.466169154228856,"0","1","0","0","1","0"
"0",0.887323943661972,"1","1","1",0.516417910447761,"0","1","0","1","0","0"
"0",0,"1","0","1",0.259701492537313,"1","0","0","0","0","0"
"0",0.338028169014085,"1","0","1",0.0248756218905473,"0","0","0","0","1","0"
"0",0.352112676056338,"1","0","1",0.376119402985075,"0","1","0","1","0","0"
"0",0.126760563380282,"1","0","1",0.0169154228855721,"0","0","0","1","0","0"
"0",0.732394366197183,"1","1","0",0.799502487562189,"0","1","1","1","0","0"
"0",0.0845070422535211,"1","0","1",0.611442786069652,"1","1","1","0","0","1"
"0",0.450704225352113,"1","0","1",0.604477611940298,"0","1","1","0","0","0"
"1",0.985915492957746,"1","0","0",0.708457711442786,"0","1","1","0","1","0"
"0",0.394366197183099,"1","1","1",0.556716417910448,"0","0","1","0","0","1"
"0",0.323943661971831,"1","1","0",0.624378109452736,"0","1","0","0","0","0"
"0",0.267605633802817,"1","0","1",0.311940298507463,"0","1","0","0","0","1"
"0",0,"1","1","1",0.660199004975124,"0","1","1","0","0","1"
"0",0.746478873239437,"1","1","1",0.365671641791045,"1","1","0","0","0","0"
"1",0.0563380281690141,"1","0","1",0.662686567164179,"1","1","1","0","0","0"
"0",1,"1","1","1",0.656218905472637,"0","1","0","0","1","0"
"0",0.71830985915493,"1","0","1",0.876119402985075,"0","1","1","0","1","1"
"0",0.112676056338028,"1","0","0",0.50547263681592,"0","0","1","0","0","1"
"0",0,"1","0","1",0.270149253731343,"0","0","0","0","0","0"
"1",0,"1","1","1",0.551243781094527,"1","0","1","0","0","1"
"0",0.450704225352113,"1","0","1",0.553731343283582,"1","1","0","1","0","0"
"0",0.76056338028169,"1","1","1",0.592039800995025,"1","1","1","0","0","1"
"0",0.957746478873239,"1","1","1",0.806965174129353,"0","1","1","0","1","1"
"0",0,"1","0","1",0.323383084577114,"0","1","0","0","0","0"
"0",0.746478873239437,"1","1","0",0.685074626865672,"0","1","0","0","1","0"
"0",0.450704225352113,"1","0","1",0.0189054726368159,"0","0","0","1","0","0"
"1",0.619718309859155,"1","1","1",0.800497512437811,"0","1","1","1","0","0"
"0",0.140845070422535,"0","0","0",0.0691542288557214,"0","0","0","0","0","1"
"0",0.0704225352112676,"1","0","1",0.372636815920398,"0","1","0","0","0","0"
"0",0.28169014084507,"1","0","0",0.46865671641791,"0","1","0","0","0","0"
"0",0.901408450704225,"1","1","1",0.0701492537313433,"0","0","0","0","1","0"
"1",0.0704225352112676,"1","1","1",0.65771144278607,"1","1","1","0","0","1"
"0",0.0985915492957746,"1","0","0",0.663681592039801,"1","1","1","0","0","1"
"0",0.140845070422535,"1","0","1",0.553233830845771,"1","1","1","0","0","1"
"0",0.591549295774648,"1","1","0",0.0597014925373134,"0","0","0","0","1","0"
"0",0.676056338028169,"0","0","1",0.333830845771144,"1","1","0","1","0","0"
"1",0,"1","0","0",0.276119402985075,"1","0","0","0","0","1"
"1",0.197183098591549,"1","0","1",0.608457711442786,"1","1","1","0","0","1"
"0",0.830985915492958,"1","0","0",0.420398009950249,"0","1","0","0","1","0"
"0",0.225352112676056,"0","0","0",0.0681592039800995,"0","0","0","0","0","0"
"1",0.211267605633803,"1","0","1",0.532835820895522,"1","0","1","0","0","0"
"0",0.47887323943662,"1","0","0",0.017910447761194,"0","0","0","1","0","0"
"1",0.605633802816901,"1","1","0",0.698009950248756,"1","1","1","1","0","0"
"0",0.154929577464789,"0","0","0",0.119402985074627,"0","1","0","1","0","0"
"0",0,"1","0","0",0.0194029850746269,"0","0","0","0","0","0"
"0",0.380281690140845,"1","0","1",0.414427860696517,"0","1","0","1","0","1"
"0",0.971830985915493,"1","1","0",0.0686567164179104,"0","0","0","0","1","0"
"0",0.0563380281690141,"1","0","0",0.276119402985075,"1","0","0","0","0","0"
"0",0.23943661971831,"1","0","0",0.82636815920398,"0","1","1","0","0","0"
"0",0.971830985915493,"1","1","1",0.58407960199005,"0","1","0","0","1","0"
"0",0.112676056338028,"1","1","1",0.36865671641791,"0","1","0","0","0","0"
"1",0.929577464788732,"1","0","1",0.738308457711443,"0","1","1","0","1","0"
"0",0,"1","0","1",0.300497512437811,"0","1","0","0","0","0"
"0",0.23943661971831,"1","0","0",0.0109452736318408,"0","0","0","0","1","0"
"0",0.0422535211267606,"1","1","0",0.333333333333333,"1","0","0","0","0","0"
"1",0.985915492957746,"1","0","1",0.681094527363184,"0","1","1","1","0","0"
"0",0.408450704225352,"1","1","1",0.75771144278607,"1","1","1","0","0","1"
"0",0,"1","0","0",0.372636815920398,"0","1","0","0","0","0"
"0",0.76056338028169,"1","1","1",0.656716417910448,"0","1","1","1","0","0"
"0",0.816901408450704,"1","0","1",0.461691542288557,"0","1","0","0","0","1"
"0",0,"1","0","1",0.516417910447761,"1","0","1","0","0","0"
"0",0.0845070422535211,"1","0","1",0.506965174129353,"0","0","1","0","0","0"
"0",0.619718309859155,"1","0","0",0.362189054726368,"0","1","0","0","1","0"
"0",0.746478873239437,"1","1","1",0.0646766169154229,"0","0","0","1","0","0"
"0",0.704225352112676,"1","1","1",0.0567164179104478,"0","0","0","1","0","0"
"1",1,"1","1","0",0.86318407960199,"0","1","1","1","0","0"
"0",0.605633802816901,"1","0","1",0.413930348258707,"0","1","0","1","0","0"
"0",0.0140845070422535,"1","0","0",0.017910447761194,"0","0","0","0","0","0"
"0",0.915492957746479,"1","1","1",0.735323383084577,"0","1","1","1","0","0"
"0",0.943661971830986,"0","0","0",0.264179104477612,"0","1","0","1","0","0"
"0",0.422535211267606,"1","0","0",0.0263681592039801,"0","0","0","0","1","0"
"1",0.28169014084507,"1","1","1",0.767661691542289,"0","1","1","0","0","0"
"0",0.28169014084507,"1","1","0",0.617910447761194,"0","1","1","0","0","1"
"0",0.76056338028169,"1","1","1",0.665174129353234,"0","1","0","0","1","0"
"0",0.112676056338028,"0","0","1",0.163681592039801,"1","1","0","0","0","0"
"1",0.985915492957746,"1","1","1",0.96318407960199,"0","1","1","0","1","0"
"0",0,"1","0","1",0.625373134328358,"1","1","1","0","0","1"
"0",0.295774647887324,"1","0","0",0.0169154228855721,"0","0","0","1","0","0"
"0",0,"1","0","0",0.0228855721393035,"1","0","0","0","0","0"
"0",0.845070422535211,"1","1","1",0.87910447761194,"1","1","1","0","1","1"
"0",0.929577464788732,"1","1","0",0.675621890547264,"0","1","0","0","1","0"
"1",0.183098591549296,"1","0","0",0.602985074626866,"0","1","1","0","0","1"
"0",0.816901408450704,"1","1","1",0.880597014925373,"1","1","1","0","0","1"
"1",0.28169014084507,"1","0","0",0.679601990049751,"0","1","1","0","0","0"
"0",0.0422535211267606,"0","0","0",0.240298507462687,"0","1","0","0","0","0"
"0",0.028169014084507,"1","0","1",0.708457711442786,"1","1","1","0","0","1"
"0",0.971830985915493,"1","1","0",0.0597014925373134,"0","0","0","0","1","0"
"0",0.028169014084507,"1","0","1",0.792537313432836,"1","1","1","0","0","1"
"1",0.28169014084507,"1","0","0",0.0223880597014925,"0","0","0","1","0","0"
"0",0.267605633802817,"1","0","1",0.0134328358208955,"0","0","0","0","0","0"
"0",0.295774647887324,"1","0","0",0.0199004975124378,"0","0","0","1","0","0"
"0",0,"1","0","1",0.372636815920398,"1","1","0","0","0","0"
"0",0.873239436619718,"1","0","1",0.0233830845771144,"0","0","0","0","1","0"
"0",0.971830985915493,"1","0","0",0.0154228855721393,"0","0","0","0","1","0"
"0",0.169014084507042,"1","0","1",0.612437810945274,"1","1","1","0","0","1"
"0",0.0563380281690141,"1","0","0",0.616417910447761,"0","1","1","0","0","1"
"0",1,"1","1","1",0.976616915422886,"0","1","1","0","1","0"
"0",0.169014084507042,"0","0","1",0.133333333333333,"0","1","0","0","0","1"
"0",0.845070422535211,"1","0","0",0.755223880597015,"0","1","1","0","0","0"
"0",0,"1","0","0",0.0238805970149254,"0","0","0","0","0","1"
"1",0.774647887323944,"1","1","1",0.583084577114428,"0","1","1","0","0","0"
"0",0.0422535211267606,"1","0","0",0.0189054726368159,"0","0","0","0","0","0"
"0",0.47887323943662,"1","1","0",0.368159203980099,"0","1","0","0","1","0"
"0",0.23943661971831,"0","0","1",0.206965174129353,"1","1","0","0","0","1"
"0",1,"1","1","0",0.635820895522388,"0","1","0","0","1","0"
"1",0.676056338028169,"1","1","0",0.843283582089552,"0","1","1","1","0","0"
"0",0.605633802816901,"1","1","1",0.764676616915423,"0","1","1","0","0","0"
"1",0.028169014084507,"1","0","1",0.653233830845771,"1","1","1","0","0","0"
"0",0.507042253521127,"1","1","1",0.765174129353234,"0","1","1","0","0","1"
"0",0.845070422535211,"1","1","1",0.612437810945274,"0","1","0","1","0","1"
"0",0.971830985915493,"1","1","1",0.562686567164179,"0","1","0","0","1","0"
"1",0,"1","0","1",0.513432835820895,"1","0","1","0","0","1"
"0",0.563380281690141,"1","0","0",0.0218905472636816,"0","0","0","0","0","1"
"0",0.971830985915493,"1","1","0",0.598009950248756,"0","1","0","1","0","0"
"0",0,"1","0","1",0.351243781094527,"1","1","0","0","0","0"
"0",0.704225352112676,"1","0","0",0.00845771144278608,"0","0","0","1","0","1"
"0",0.577464788732394,"1","0","0",0.0174129353233831,"0","0","0","0","1","0"
"0",0.971830985915493,"1","1","0",0.75273631840796,"1","1","1","0","1","0"
"0",0.661971830985915,"1","0","0",0.0169154228855721,"0","0","0","1","0","0"
"0",0.943661971830986,"1","1","1",0.944278606965174,"1","1","1","0","1","1"
"0",0.661971830985915,"1","1","0",0.0572139303482587,"0","0","0","0","1","0"
"1",0.352112676056338,"1","0","0",0.663681592039801,"1","1","1","0","0","1"
"0",0.140845070422535,"1","1","1",0.619402985074627,"1","1","1","0","0","0"
"0",0,"1","0","1",0.0104477611940299,"1","0","0","0","0","0"
"0",0.366197183098592,"1","0","0",0.008955223880597,"0","0","0","1","0","0"
"1",0.633802816901408,"1","0","1",0.726865671641791,"0","1","1","1","0","0"
"0",0,"1","0","1",0.312437810945274,"1","1","0","0","0","0"
"0",0.633802816901408,"1","0","0",0.359203980099502,"1","1","0","0","1","0"
"0",0.338028169014085,"1","0","1",0.008955223880597,"0","0","0","0","0","0"
"0",0.0422535211267606,"1","0","1",0.698507462686567,"1","1","1","0","0","1"
"0",0.169014084507042,"1","0","0",0.0149253731343284,"0","0","0","0","1","0"
"0",0.422535211267606,"1","0","1",0.569651741293532,"0","1","0","1","0","0"
"0",0.309859154929577,"1","1","1",0.651741293532338,"0","1","1","0","0","1"
"0",0.0140845070422535,"1","0","0",0.0114427860696517,"0","0","0","0","0","0"
"0",0.901408450704225,"1","1","0",0.082089552238806,"0","0","0","0","1","0"
"1",0.295774647887324,"1","1","1",0.718905472636816,"1","1","1","0","0","0"
"0",0.76056338028169,"1","0","0",0.008955223880597,"0","0","0","1","0","0"
"0",0.112676056338028,"1","0","1",0.762189054726368,"1","1","1","0","0","0"
"0",0.0845070422535211,"1","0","1",0.514427860696517,"1","0","1","0","0","0"
"0",0.47887323943662,"0","0","0",0.225373134328358,"0","1","0","1","0","0"
"0",0.0704225352112676,"1","0","1",0.616915422885572,"0","1","0","0","1","0"
"0",0,"1","0","1",0.301990049751244,"1","1","0","0","0","0"
"0",0.225352112676056,"1","0","1",0.522885572139303,"0","0","1","0","0","1"
"0",0.126760563380282,"1","0","0",0.417412935323383,"0","1","0","0","0","0"
"0",0.197183098591549,"1","0","0",0.367661691542289,"0","1","0","1","0","0"
"1",0.549295774647887,"0","0","1",0.37363184079602,"1","1","0","0","0","1"
"0",0.169014084507042,"1","0","0",0.357213930348259,"0","1","0","1","0","0"
"0",0.394366197183099,"1","1","1",0.61592039800995,"1","1","1","0","0","0"
"0",0.028169014084507,"1","1","1",0.569651741293532,"1","0","1","0","0","1"
"1",0.802816901408451,"1","1","1",0.817412935323383,"0","1","1","0","0","0"
"0",0.619718309859155,"1","0","1",0.440796019900497,"0","1","0","1","0","0"
"0",1,"1","1","1",0.519402985074627,"0","1","0","0","1","0"
"0",0.943661971830986,"1","1","1",0.669154228855721,"0","1","1","1","0","0"
"0",0,"1","0","1",0.0194029850746269,"1","0","0","0","0","0"
"0",0.52112676056338,"1","0","0",0.360696517412935,"0","1","0","0","0","1"
"0",0.0140845070422535,"1","0","0",0.0248756218905473,"0","0","0","0","0","0"
"0",0.140845070422535,"1","0","0",0.0208955223880597,"0","0","0","0","0","0"
"1",0.267605633802817,"1","0","1",0.723880597014925,"0","1","1","1","0","0"
"0",1,"1","1","1",0.861194029850746,"0","1","1","0","1","0"
"0",0.028169014084507,"1","1","1",0.562189054726368,"1","0","1","0","0","0"
"0",0.309859154929577,"1","1","1",0.853731343283582,"1","1","1","0","0","0"
"0",0.549295774647887,"1","0","1",0.326865671641791,"0","1","0","0","0","1"
"1",0.859154929577465,"1","1","1",0.711940298507463,"0","1","1","0","0","0"
"0",0.295774647887324,"1","0","1",0.0228855721393035,"0","0","0","0","0","1"
"0",0.140845070422535,"1","0","0",0.455721393034826,"0","1","0","0","0","0"
"1",0.0845070422535211,"1","1","1",0.56318407960199,"0","0","1","0","0","1"
"0",0.169014084507042,"1","1","1",0.780099502487562,"1","1","1","0","0","1"
"1",0,"1","0","0",0.017910447761194,"1","0","0","0","0","0"
"0",0.535211267605634,"1","1","1",0.847761194029851,"1","1","1","0","0","1"
"0",0.028169014084507,"0","0","0",0.0671641791044776,"0","0","0","0","0","0"
"0",0.802816901408451,"1","0","0",0.0203980099502488,"0","0","0","0","1","0"
"0",0.0704225352112676,"1","1","0",0.0805970149253731,"0","0","0","0","0","0"
"0",0,"1","0","1",0.0164179104477612,"1","0","0","0","0","1"
"0",0.295774647887324,"1","0","1",0.362686567164179,"0","1","0","0","0","0"
"0",0.183098591549296,"0","0","0",0.279601990049751,"1","1","0","0","0","1"
"0",0.887323943661972,"1","1","0",0.716417910447761,"0","1","1","1","0","0"
"0",0,"1","0","0",0.0169154228855721,"1","0","0","0","0","1"
"0",0.0704225352112676,"1","0","0",0.0238805970149254,"0","0","0","0","0","0"
"0",0,"1","0","0",0.61044776119403,"1","1","1","0","0","1"
"0",0.535211267605634,"1","1","0",0.0716417910447761,"0","0","0","1","0","0"
"0",0.267605633802817,"1","0","0",0.0124378109452736,"0","0","0","1","0","0"
"0",0,"1","0","1",0.57363184079602,"1","1","1","0","0","1"
"0",0,"1","0","0",0.576616915422886,"1","1","1","0","0","1"
"0",0.887323943661972,"1","1","1",0.476616915422886,"0","1","0","1","0","0"
"0",0,"1","0","0",0.00995024875621891,"1","0","0","0","0","0"
"0",0.633802816901408,"1","0","1",0.505970149253731,"0","1","0","0","0","0"
"1",0.380281690140845,"0","0","1",0.207462686567164,"0","1","0","1","0","1"
"0",0.450704225352113,"1","0","0",0.017910447761194,"0","0","0","0","0","0"
"0",0.535211267605634,"1","0","0",0.413432835820896,"0","1","0","1","0","1"
"0",0.577464788732394,"1","1","1",0.657213930348259,"1","1","1","0","0","1"
"0",0,"1","0","1",0.301990049751244,"0","1","0","0","0","1"
"0",0.0845070422535211,"1","0","1",0.604477611940298,"1","1","1","0","0","1"
"1",0.971830985915493,"1","0","0",0.866666666666667,"0","1","1","0","1","0"
"0",0.901408450704225,"1","1","1",0.0681592039800995,"0","0","0","0","1","0"
"0",0,"1","0","0",0.313432835820896,"0","1","0","0","0","1"
"0",0.23943661971831,"1","1","1",0.761194029850746,"0","1","1","0","0","1"
"0",0.323943661971831,"1","1","1",0.743781094527363,"0","1","1","0","0","1"
"0",0.873239436619718,"1","1","1",0.533830845771144,"0","1","0","0","1","0"
"0",0.605633802816901,"1","1","1",0.590049751243781,"0","1","0","1","0","0"
"0",0.0422535211267606,"1","0","1",0.0159203980099503,"0","0","0","0","0","1"
"0",0,"1","0","1",0.517412935323383,"1","0","1","0","0","1"
"0",0.507042253521127,"1","1","1",0.766169154228856,"0","1","1","0","0","1"
"1",0.126760563380282,"1","0","1",0.660199004975124,"1","1","1","0","0","0"
"0",0.464788732394366,"0","0","1",0.0676616915422886,"0","0","0","0","0","0"
"0",0.47887323943662,"0","0","0",0.34726368159204,"0","1","0","1","0","0"
"0",0.0422535211267606,"1","0","0",0.0189054726368159,"0","0","0","0","0","1"
"1",0.535211267605634,"1","1","1",0.825870646766169,"0","1","1","0","0","1"
"1",0.591549295774648,"1","0","1",0.818905472636816,"0","1","1","1","0","0"
"0",0.225352112676056,"1","1","0",0.0582089552238806,"1","0","0","0","0","0"
"0",0.845070422535211,"1","1","0",0.0701492537313433,"0","0","0","0","1","0"
"0",0.676056338028169,"1","1","0",0.532835820895522,"0","1","0","1","0","1"
"0",0.0422535211267606,"1","0","0",0.0144278606965174,"0","0","0","1","0","0"
"0",0.887323943661972,"0","0","0",0.314427860696517,"0","1","0","0","1","1"
"0",0.028169014084507,"1","0","1",0.510945273631841,"0","0","1","0","0","0"
"0",0,"1","0","0",0.0149253731343284,"0","0","0","0","0","1"
"0",0.549295774647887,"1","0","0",0.622388059701492,"0","1","1","1","0","1"
"0",0,"1","0","1",0.415422885572139,"1","1","0","0","0","1"
"0",0.0985915492957746,"1","1","1",0.679601990049751,"1","1","1","0","0","1"
"1",0,"1","0","1",0.0258706467661692,"1","0","0","0","0","0"
"1",0.464788732394366,"1","0","0",0.457213930348259,"0","1","0","1","0","0"
"0",0,"0","0","0",0.166666666666667,"0","1","0","0","0","1"
"0",0.535211267605634,"0","0","1",0.323383084577114,"1","1","0","0","0","1"
"1",0.802816901408451,"1","0","1",0.868159203980099,"1","1","1","1","0","0"
"0",0.619718309859155,"1","0","0",0.00945273631840795,"0","0","0","0","1","1"
"1",0.0704225352112676,"1","0","1",0.665671641791045,"1","1","1","0","0","0"
"0",0.591549295774648,"1","0","1",0.720398009950249,"0","1","1","1","0","0"
"0",0.563380281690141,"1","0","1",0.0174129353233831,"0","0","0","0","1","0"
"0",0.0563380281690141,"1","0","1",0.561194029850746,"0","1","1","0","0","1"
"0",1,"0","0","1",0.427363184079602,"0","1","0","0","1","0"
"0",0.0422535211267606,"1","0","0",0.0169154228855721,"0","0","0","1","0","0"
"0",0.112676056338028,"1","0","0",0.363681592039801,"0","1","0","0","0","0"
"1",1,"1","1","1",0.549253731343284,"0","1","0","0","1","0"
"0",0.450704225352113,"1","0","1",0.330348258706468,"0","1","0","1","0","0"
"0",1,"1","1","0",0.618905472636816,"0","1","1","0","1","0"
"0",0.295774647887324,"1","0","1",0.35771144278607,"1","1","0","0","0","1"
"0",0.971830985915493,"1","1","1",0.907960199004975,"1","1","1","1","0","1"
"0",0.28169014084507,"1","1","0",0.857213930348259,"1","1","1","0","0","1"
"0",0.197183098591549,"1","0","0",0.667164179104478,"0","1","1","0","0","1"
"1",0.394366197183099,"1","1","1",0.607462686567164,"0","1","1","0","0","1"
"0",0.197183098591549,"1","0","0",0.579601990049751,"0","1","0","0","0","0"
"1",0.985915492957746,"1","1","1",0.864179104477612,"1","1","1","0","0","0"
"1",1,"1","1","0",0.0711442786069652,"0","0","0","0","1","0"
"0",0.253521126760563,"1","1","1",0.682587064676617,"0","1","1","0","0","1"
"0",0,"1","0","0",0.0139303482587065,"0","0","0","0","0","0"
"0",0,"1","0","1",0.571641791044776,"1","1","1","0","0","1"
"0",0.0140845070422535,"1","0","0",0.271641791044776,"0","0","0","0","0","1"
"1",0.140845070422535,"1","1","1",0.595522388059701,"0","1","1","0","0","0"
"0",0.154929577464789,"1","0","0",0.0104477611940299,"0","0","0","1","0","0"
"0",0.971830985915493,"1","1","1",0.917910447761194,"0","1","1","0","1","1"
"1",0.267605633802817,"1","1","0",0.721890547263682,"1","1","1","0","0","1"
"0",0.309859154929577,"1","0","1",0.0203980099502488,"0","0","0","0","0","0"
"1",0.676056338028169,"1","1","0",0.627860696517413,"0","1","0","0","1","0"
"0",0.0422535211267606,"1","1","1",0.793034825870647,"1","1","1","0","0","1"
"0",0.436619718309859,"1","1","1",0.89452736318408,"1","1","1","0","0","0"
"0",0.0140845070422535,"1","0","1",0.36865671641791,"0","1","0","0","0","1"
"1",0.957746478873239,"0","0","0",0.381094527363184,"0","1","0","0","1","0"
"0",0.0704225352112676,"1","0","1",0.619402985074627,"1","1","1","0","0","0"
"0",0.323943661971831,"1","0","1",0.0144278606965174,"0","0","0","0","1","0"
"0",0.436619718309859,"1","1","1",0.853731343283582,"0","1","1","1","0","0"
"0",0.366197183098592,"1","0","0",0.344278606965174,"0","1","0","0","1","0"
"1",0.366197183098592,"1","1","1",0.856218905472637,"1","1","1","0","0","0"
"0",0.802816901408451,"1","1","0",0.62089552238806,"0","1","1","0","0","0"
"0",0,"1","0","1",0.528358208955224,"1","0","1","0","0","0"
"0",0.23943661971831,"1","1","1",0.063681592039801,"0","0","0","0","1","0"
"0",0.647887323943662,"1","0","1",0.0303482587064677,"0","0","0","0","1","0"
"0",0.971830985915493,"1","1","1",0.914925373134328,"0","1","1","0","1","1"
"0",0.169014084507042,"1","1","0",0.707960199004975,"1","1","1","0","0","1"
"0",0.492957746478873,"1","0","0",0.32636815920398,"0","1","0","0","0","0"
"0",0.929577464788732,"1","0","1",0.0154228855721393,"0","0","0","0","1","0"
"0",0.126760563380282,"1","0","1",0.0164179104477612,"0","0","0","0","0","0"
"1",0.253521126760563,"1","0","1",0.687064676616915,"0","1","1","0","0","1"
"0",0.985915492957746,"1","0","0",0.0159203980099503,"0","0","0","0","1","0"
"0",1,"1","1","1",0.707960199004975,"0","1","0","0","1","0"
"0",0.661971830985915,"1","0","0",0.0174129353233831,"0","0","0","0","1","0"
"0",0,"1","0","0",0.017910447761194,"0","0","0","0","0","0"
"0",0.23943661971831,"1","0","0",0.646766169154229,"0","1","0","0","0","1"
"0",0,"1","0","0",0.0233830845771144,"1","0","0","0","0","0"
"1",0.929577464788732,"1","1","0",0.84228855721393,"0","1","1","0","1","0"
"0",0.957746478873239,"0","0","0",0.207462686567164,"0","1","0","0","1","0"
"0",0.253521126760563,"1","1","1",0.812935323383085,"1","1","1","0","0","1"
"1",1,"1","1","1",0.95771144278607,"0","1","1","0","1","0"
"1",0.52112676056338,"1","0","0",0.0194029850746269,"0","0","0","0","1","0"
"1",0.549295774647887,"1","0","0",0.37363184079602,"0","1","0","1","0","1"
"0",0.845070422535211,"1","1","1",0.0592039800995025,"0","0","0","0","1","0"
"0",0.126760563380282,"1","1","1",0.624378109452736,"1","1","1","0","0","0"
"0",0.436619718309859,"1","1","1",0.542786069651741,"0","1","0","1","0","0"
"0",0.28169014084507,"1","1","1",0.811940298507463,"0","1","1","0","0","0"
"1",0.816901408450704,"1","1","1",0.808457711442786,"0","1","1","1","0","1"
"1",0.169014084507042,"1","0","1",0.516417910447761,"1","0","1","0","0","1"
"0",0.647887323943662,"1","0","0",0.0199004975124378,"0","0","0","0","1","0"
"0",0.957746478873239,"1","1","1",0.0771144278606965,"0","0","0","0","1","0"
"0",0.0140845070422535,"1","0","1",0.0164179104477612,"0","0","0","0","0","0"
"0",0.295774647887324,"1","0","0",0.00796019900497513,"0","0","0","0","0","0"
"1",0.197183098591549,"1","1","1",0.778606965174129,"0","1","1","0","0","1"
"0",0.732394366197183,"1","0","0",0.0159203980099503,"0","0","0","0","1","0"
"1",0.380281690140845,"1","1","0",0.0741293532338308,"0","0","0","0","0","0"
"0",0.295774647887324,"1","0","0",0.0203980099502488,"0","0","0","1","0","0"
"0",0,"1","0","1",0.516417910447761,"1","0","1","0","0","0"
"1",0.211267605633803,"1","0","1",0.729353233830846,"0","1","1","0","0","1"
"0",0.661971830985915,"0","0","0",0.21044776119403,"0","1","0","0","1","0"
"1",0.408450704225352,"1","1","1",0.870149253731343,"0","1","1","0","0","0"
"0",0.028169014084507,"1","0","1",0.517412935323383,"0","0","1","0","0","1"
"1",0.788732394366197,"1","1","0",0.751243781094527,"0","1","1","0","1","1"
"1",0.943661971830986,"1","1","1",0.77910447761194,"1","1","1","1","0","0"
"0",0.309859154929577,"1","0","0",0.415422885572139,"0","1","0","1","0","0"
"0",0.901408450704225,"1","0","1",0.413432835820896,"0","1","0","0","1","0"
"0",0.605633802816901,"1","0","1",0.720398009950249,"0","1","1","1","0","0"
"0",0.985915492957746,"1","1","1",0.902985074626866,"0","1","1","0","1","0"
"0",0.507042253521127,"1","1","0",0.496019900497512,"0","1","0","1","0","0"
"0",0.154929577464789,"1","0","0",0.0213930348258706,"0","0","0","0","0","0"
"0",0.957746478873239,"1","1","1",0.633830845771144,"0","1","0","0","1","0"
"0",0.47887323943662,"1","0","0",0.42089552238806,"0","1","0","0","0","1"
"0",0.0563380281690141,"1","0","1",0.471144278606965,"0","1","0","0","0","0"
"0",0.802816901408451,"1","1","0",0.639303482587065,"0","1","1","0","1","0"
"0",1,"1","1","1",0.637313432835821,"0","1","0","0","1","0"
"0",1,"1","1","0",0.496517412935323,"0","1","0","0","1","0"
"0",0,"1","0","0",0.0203980099502488,"0","0","0","0","0","0"
"0",0.535211267605634,"1","0","1",0.769154228855721,"1","1","1","1","0","1"
"0",0.732394366197183,"1","0","0",0.0194029850746269,"0","0","0","1","0","0"
"0",0.366197183098592,"1","0","1",0.705970149253731,"0","1","1","0","0","1"
"1",0,"1","0","1",0.511442786069652,"1","0","1","0","0","1"
"1",0,"1","0","1",0.706965174129353,"1","1","1","0","0","1"
"0",0.23943661971831,"1","0","0",0.562686567164179,"0","1","1","0","0","1"
"0",0.633802816901408,"1","0","1",0.0194029850746269,"0","0","0","0","1","0"
"0",1,"1","1","1",0.658208955223881,"0","1","0","0","1","0"
"0",0.492957746478873,"1","0","1",0.68955223880597,"1","1","1","0","0","1"
"0",0.0422535211267606,"0","0","1",0.0686567164179104,"0","0","0","0","0","1"
"0",0.338028169014085,"1","0","0",0.0154228855721393,"0","0","0","0","1","0"
"0",0.549295774647887,"0","0","1",0.324378109452736,"0","1","0","0","0","1"
"0",0.873239436619718,"1","1","1",0.837313432835821,"0","1","1","0","0","1"
"1",0.197183098591549,"1","0","1",0.776616915422886,"1","1","1","0","0","0"
"0",0.183098591549296,"1","1","1",0.370646766169154,"0","1","0","0","0","0"
"1",1,"1","1","1",0.91044776119403,"0","1","1","0","1","0"
"0",0.535211267605634,"1","1","1",0.877114427860697,"0","1","1","0","0","1"
"0",0.647887323943662,"0","0","1",0.415422885572139,"0","1","0","0","1","0"
"0",0.253521126760563,"1","1","1",0.701990049751244,"0","1","1","0","0","0"
"0",0.0563380281690141,"1","1","1",0.666169154228856,"1","1","1","0","0","1"
"0",0.169014084507042,"0","0","1",0.167661691542289,"1","1","0","0","0","1"
"0",0.225352112676056,"1","1","0",0.614925373134328,"0","1","1","0","0","0"
"1",0.464788732394366,"1","1","1",0.570149253731343,"0","0","1","0","0","1"
"0",0.577464788732394,"1","0","1",0.311442786069652,"0","1","0","0","0","1"
"0",0.0563380281690141,"1","1","1",0.627363184079602,"1","1","1","0","0","1"
"0",0.985915492957746,"1","1","0",0.0562189054726368,"0","0","0","0","1","0"
"1",0.253521126760563,"1","0","0",0.47910447761194,"0","1","0","0","0","0"
"0",0.0140845070422535,"1","0","1",0.0134328358208955,"1","0","0","0","0","1"
"0",0.788732394366197,"1","0","0",0.00547263681592041,"0","0","0","0","1","0"
"0",1,"1","1","1",0.897014925373134,"0","1","1","0","1","1"
"0",0.0704225352112676,"1","0","1",0.67363184079602,"0","1","1","0","0","0"
"0",0.225352112676056,"1","1","1",0.66865671641791,"1","1","1","0","0","1"
"0",0.845070422535211,"1","1","0",0.623383084577114,"0","1","0","0","1","0"
"0",0,"1","0","1",0.524875621890547,"1","0","1","0","0","1"
"0",0.661971830985915,"1","1","0",0.930845771144279,"0","1","1","0","1","0"
"0",0.211267605633803,"1","0","1",0.0233830845771144,"0","0","0","0","0","0"
"1",0.112676056338028,"1","1","1",0.664676616915423,"1","1","1","0","0","1"
"0",0.028169014084507,"1","0","0",0.262189054726368,"0","0","0","0","0","1"
"0",0,"1","0","1",0.260199004975124,"1","0","0","0","0","1"
"0",0.901408450704225,"1","1","0",0.864179104477612,"0","1","1","0","1","0"
"0",0.971830985915493,"1","1","1",0.964179104477612,"0","1","1","0","1","0"
"0",0.830985915492958,"1","0","1",0.413432835820896,"0","1","0","1","0","0"
"0",0.957746478873239,"1","1","1",0.0800995024875622,"0","0","0","1","0","1"
"1",0.47887323943662,"1","0","0",0.520398009950249,"0","0","1","0","0","1"
"0",0.295774647887324,"1","0","1",0.017910447761194,"0","0","0","0","0","0"
"0",0.915492957746479,"1","1","0",0.612935323383085,"0","1","0","0","1","0"
"1",0,"1","0","1",0.517910447761194,"1","0","1","0","0","1"
"0",0,"1","0","1",0.607960199004975,"1","1","1","0","0","0"
"0",0.464788732394366,"1","1","1",0.714427860696517,"0","1","1","0","0","0"
"0",1,"1","1","0",0.0616915422885572,"0","0","0","0","1","0"
"0",0.422535211267606,"0","0","0",0.414925373134328,"0","1","0","1","0","1"
"0",0.408450704225352,"1","1","0",0.0706467661691542,"0","0","0","1","0","0"
"0",0.112676056338028,"1","0","1",0.721890547263682,"1","1","1","0","0","0"
"0",0.267605633802817,"1","0","1",0.519402985074627,"1","0","1","0","0","1"
"1",0.253521126760563,"0","0","1",0.159701492537313,"0","1","0","0","0","0"
"0",0.901408450704225,"1","1","1",0.863681592039801,"0","1","1","0","0","1"
"0",0.408450704225352,"1","0","0",0.0104477611940299,"0","0","0","0","1","0"
"0",0.0704225352112676,"1","0","0",0.008955223880597,"0","0","0","1","0","0"
"0",0.0140845070422535,"0","0","0",0.329850746268657,"0","1","0","0","0","1"
"0",0.732394366197183,"1","1","0",0.533333333333333,"0","1","0","0","0","1"
"1",0.0845070422535211,"1","1","1",0.56865671641791,"0","0","1","0","0","1"
"0",0.845070422535211,"1","0","1",0.312935323383085,"0","1","0","1","0","0"
"1",0.971830985915493,"0","0","1",0.26865671641791,"1","1","0","1","0","1"
"0",0.169014084507042,"1","1","1",0.601990049751244,"0","1","0","0","0","1"
"1",0.47887323943662,"1","1","1",0.630348258706468,"0","1","1","1","0","0"
"0",0.0140845070422535,"1","0","1",0.518905472636816,"0","0","1","0","0","0"
"0",0.028169014084507,"1","1","1",0.572636815920398,"1","0","1","0","0","1"
"0",0.028169014084507,"1","1","0",0.575621890547264,"0","0","1","0","0","1"
"0",0.859154929577465,"1","1","1",0.753731343283582,"0","1","1","1","0","0"
"0",1,"1","1","0",0.85273631840796,"0","1","1","0","1","0"
"0",0.873239436619718,"1","0","1",0.0169154228855721,"0","0","0","0","1","0"
"1",0.267605633802817,"1","0","0",0.527860696517413,"1","0","1","0","0","0"
"1",0.47887323943662,"1","1","1",0.92089552238806,"0","1","1","1","0","0"
"1",0.28169014084507,"1","0","1",0.505970149253731,"1","0","1","0","0","1"
"0",0.859154929577465,"1","1","0",0.774626865671642,"0","1","1","1","0","1"
"0",0.197183098591549,"1","1","1",0.303980099502488,"0","0","0","0","0","0"
"0",0.76056338028169,"1","0","1",0.321393034825871,"0","1","0","0","0","0"
"0",0.140845070422535,"1","0","1",0.262686567164179,"0","0","0","0","0","0"
"0",0.225352112676056,"1","1","0",0.696517412935323,"1","1","1","0","0","1"
"0",0.845070422535211,"1","0","0",0.0119402985074627,"0","0","0","1","0","0"
"0",0.985915492957746,"1","1","0",0.706965174129353,"0","1","0","0","1","0"
"0",0.0140845070422535,"1","0","0",0.514925373134328,"1","0","1","0","0","0"
"0",0.47887323943662,"1","0","0",0.00995024875621891,"0","0","0","0","1","0"
"0",0.225352112676056,"1","0","0",0.519900497512438,"0","0","1","0","0","0"
"0",0.28169014084507,"1","1","1",0.787064676616915,"1","1","1","0","0","1"
"0",0.647887323943662,"1","0","0",0.0139303482587065,"0","0","0","0","1","0"
"0",0.028169014084507,"1","0","0",0.0258706467661692,"0","0","0","0","0","0"
"0",0.028169014084507,"1","0","1",0.0139303482587065,"0","0","0","0","0","0"
"1",0.605633802816901,"1","0","1",0.0109452736318408,"0","0","0","0","1","0"
"0",0,"1","0","1",0.256218905472637,"0","0","0","0","0","0"
"0",0.605633802816901,"1","1","0",0.75771144278607,"0","1","1","1","0","1"
"0",0.0563380281690141,"1","1","1",0.0761194029850746,"1","0","0","0","0","0"
"0",0.323943661971831,"1","1","1",0.372139303482587,"1","1","0","0","0","0"
"0",0,"1","0","1",0.511442786069652,"1","0","1","0","0","1"
"0",0.23943661971831,"1","0","1",0.56865671641791,"0","1","1","0","0","1"
"0",0.126760563380282,"1","1","1",0.819402985074627,"1","1","1","0","0","1"
"0",0.901408450704225,"1","0","0",0.524875621890547,"0","1","0","0","1","0"
"1",0,"1","0","1",0.674129353233831,"1","1","1","0","0","1"
"0",0.732394366197183,"1","1","1",0.882587064676617,"1","1","1","1","0","0"
"0",0.028169014084507,"1","0","0",0.0293532338308458,"0","0","0","1","0","0"
"0",0.450704225352113,"1","0","1",0.425870646766169,"0","1","0","0","1","0"
"0",0.028169014084507,"0","0","1",0.112935323383085,"1","1","0","0","0","1"
"0",0.464788732394366,"1","0","1",0.613930348258707,"0","1","0","1","0","0"
"0",0.183098591549296,"1","0","1",0.0144278606965174,"0","0","0","0","1","0"
"0",0.169014084507042,"1","0","1",0.0203980099502488,"0","0","0","0","0","0"
"1",0.633802816901408,"0","0","1",0.414427860696517,"1","1","0","1","0","0"
"0",0.309859154929577,"1","1","0",0.0606965174129353,"0","0","0","1","0","0"
"0",0.647887323943662,"1","0","0",0.0149253731343284,"0","0","0","0","1","0"
"0",0.225352112676056,"1","0","1",0.318905472636816,"0","1","0","0","0","0"
"0",0.676056338028169,"1","1","1",0.769651741293532,"1","1","1","0","0","1"
"1",0.816901408450704,"0","0","1",0.318407960199005,"0","1","0","0","0","1"
"0",0.957746478873239,"1","1","1",0.667661691542288,"0","1","0","0","1","0"
"0",0.140845070422535,"0","0","1",0.232338308457711,"1","1","0","1","0","1"
"0",0.126760563380282,"1","0","1",0.332338308457711,"0","1","0","0","0","0"
"0",0.154929577464789,"1","1","1",0.0572139303482587,"0","0","0","0","1","0"
"0",0.619718309859155,"1","1","1",0.821890547263681,"1","1","1","0","0","0"
"0",0.535211267605634,"1","0","1",0.413930348258707,"0","1","0","0","0","0"
"1",0.985915492957746,"1","1","0",0.0716417910447761,"0","0","0","0","1","0"
"0",0.985915492957746,"1","1","0",0.0562189054726368,"0","0","0","0","1","0"
"0",0.450704225352113,"1","1","0",0.0587064676616915,"0","0","0","1","0","0"
"1",0.929577464788732,"1","1","1",0.571641791044776,"0","0","1","0","0","0"
"0",0.507042253521127,"0","0","0",0.218407960199005,"1","1","0","0","0","0"
"0",0.676056338028169,"1","1","0",0.659203980099503,"1","1","1","0","0","1"
"0",0.112676056338028,"1","0","0",0.324378109452736,"0","1","0","0","0","0"
"0",0.71830985915493,"1","1","1",0.729850746268657,"0","1","1","0","1","0"
"0",0.971830985915493,"1","1","0",0.802487562189055,"0","1","1","1","0","1"
"0",0,"1","0","1",0.664179104477612,"0","1","1","0","0","1"
"1",0.183098591549296,"1","1","1",0.603980099502488,"1","1","1","0","0","1"
"0",0,"1","0","1",0.259203980099502,"0","0","0","0","0","0"
"0",0,"1","0","0",0.0194029850746269,"1","0","0","0","0","0"
"0",0.71830985915493,"1","1","1",0.616417910447761,"0","1","1","1","0","0"
"0",0.0704225352112676,"1","0","0",0.424378109452736,"0","1","0","0","0","0"
"0",0.0845070422535211,"0","0","0",0.158706467661692,"0","1","0","0","0","0"
"1",0.647887323943662,"1","1","1",0.666169154228856,"1","1","1","0","0","0"
"0",0.352112676056338,"1","0","1",0.685572139303483,"0","1","1","1","0","0"
"0",0.338028169014085,"1","0","0",0.358706467661692,"0","1","0","0","0","1"
"0",0.957746478873239,"1","0","1",0.00845771144278608,"0","0","0","0","1","0"
"0",1,"1","1","1",0.940298507462687,"0","1","1","0","1","0"
"0",0.0422535211267606,"1","0","1",0.0169154228855721,"0","0","0","0","0","0"
"0",0.816901408450704,"1","0","0",0.0124378109452736,"0","0","0","0","1","0"
"0",0.929577464788732,"1","0","0",0.470646766169154,"0","1","0","0","1","0"
"1",0.352112676056338,"1","0","1",0.602487562189055,"0","1","1","0","0","1"
"0",0.366197183098592,"1","0","0",0.596517412935323,"0","1","0","1","0","0"
"0",1,"1","1","0",0.865671641791045,"0","1","1","0","1","0"
"0",0.0704225352112676,"1","0","1",0.706467661691542,"0","1","1","0","0","1"
"0",0.859154929577465,"1","0","0",0.0238805970149254,"0","0","0","0","1","0"
"0",0.267605633802817,"1","1","1",0.501990049751244,"0","1","0","1","0","1"
"0",0.0704225352112676,"1","0","0",0.600995024875622,"0","1","0","0","0","0"
"0",0.704225352112676,"1","1","0",0.0646766169154229,"0","0","0","0","1","0"
"0",0.845070422535211,"1","0","0",0.0149253731343284,"0","0","0","0","1","0"
"1",0.859154929577465,"1","1","1",0.704975124378109,"0","1","1","0","0","1"
"0",1,"1","1","1",0.661194029850746,"0","1","1","0","1","0"
"1",0.169014084507042,"1","0","1",0.793532338308458,"1","1","1","0","0","1"
"0",0.0563380281690141,"1","0","1",0.758208955223881,"1","1","1","0","0","1"
"1",0.028169014084507,"1","1","1",0.86318407960199,"1","1","1","0","0","1"
"1",0.352112676056338,"1","1","1",0.752238805970149,"1","1","1","0","0","1"
"1",0.169014084507042,"1","0","1",0.414427860696517,"0","1","0","0","0","1"
"0",0.52112676056338,"1","0","1",0.0169154228855721,"0","0","0","0","1","0"
"1",0.0985915492957746,"1","1","1",0.654228855721393,"1","1","1","0","0","1"
"1",0.464788732394366,"1","1","1",0.901990049751244,"0","1","1","0","0","1"
"0",0.23943661971831,"0","0","0",0.15273631840796,"0","1","0","0","0","0"
"0",0.774647887323944,"1","0","1",0.672636815920398,"0","1","1","1","0","0"
"0",0.492957746478873,"0","0","1",0.165174129353234,"0","1","0","0","0","0"
"0",0.112676056338028,"0","0","1",0.303482587064677,"1","1","0","0","0","1"
"0",0,"1","0","1",0.662686567164179,"1","1","1","0","0","1"
"0",0.154929577464789,"1","0","0",0.382089552238806,"1","1","0","0","0","0"
"1",0.788732394366197,"1","0","1",0.766666666666667,"0","1","1","0","0","0"
"0",0.577464788732394,"1","0","0",0.553731343283582,"1","1","0","1","0","0"
"0",0.450704225352113,"1","1","1",0.0621890547263682,"1","0","0","0","1","0"
"0",0.971830985915493,"1","0","0",0.660199004975124,"0","1","1","0","1","0"
"0",0.943661971830986,"0","0","0",0.265671641791045,"0","1","0","0","0","1"
"0",0,"0","0","1",0.0641791044776119,"0","0","0","0","0","1"
"0",0.507042253521127,"1","1","0",0.816417910447761,"0","1","1","0","0","0"
"0",0.0422535211267606,"1","1","1",0.0716417910447761,"0","0","0","0","0","0"
"0",0,"1","0","1",0.322885572139304,"0","1","0","0","0","0"
"0",0.267605633802817,"0","0","1",0.365671641791045,"0","1","0","0","0","0"
"0",1,"1","0","0",0.499004975124378,"0","1","0","0","1","0"
"0",0.422535211267606,"1","1","1",0.712935323383085,"1","1","1","0","0","1"
"1",0.23943661971831,"1","0","0",0.6,"1","1","1","0","0","1"
"0",0.140845070422535,"1","0","1",0.366169154228856,"0","1","0","0","0","0"
"0",0.450704225352113,"1","0","0",0.0154228855721393,"0","0","0","0","1","0"
"1",0.859154929577465,"1","1","0",0.658706467661692,"0","1","1","1","0","1"
"0",0,"0","0","0",0.175621890547264,"0","1","0","0","0","0"
"0",0.211267605633803,"1","0","0",0.621890547263682,"0","1","1","0","0","0"
"0",0.295774647887324,"1","1","1",0.600995024875622,"0","1","0","1","0","0"
"0",0.676056338028169,"1","0","0",0.432835820895522,"0","1","0","0","0","0"
"0",0.492957746478873,"1","0","1",0.452238805970149,"0","1","0","1","0","0"
"0",0.577464788732394,"1","1","1",0.807960199004975,"1","1","1","0","0","1"
"1",0.0422535211267606,"0","0","1",0.0691542288557214,"1","0","0","0","0","0"
"0",0.154929577464789,"1","1","0",0.555223880597015,"1","1","0","1","0","0"
"0",0.422535211267606,"1","0","0",0.690049751243781,"0","1","1","0","0","1"
"0",0.0563380281690141,"1","1","1",0.70547263681592,"0","1","1","0","0","1"
"0",0.915492957746479,"1","0","0",0.0174129353233831,"0","0","0","0","1","0"
"1",0.197183098591549,"1","1","0",0.365671641791045,"1","1","0","0","0","0"
"0",0.887323943661972,"1","1","1",0.857213930348259,"0","1","1","0","1","0"
"0",0.126760563380282,"1","0","1",0.017910447761194,"0","0","0","0","0","0"
"0",0.0845070422535211,"1","0","1",0.711442786069652,"1","1","1","0","0","1"
"0",0.394366197183099,"0","0","0",0.159701492537313,"0","1","0","0","0","1"
"0",0.788732394366197,"1","0","0",0.0238805970149254,"0","0","0","0","1","0"
"0",0.633802816901408,"1","1","0",0.656716417910448,"0","1","1","0","0","0"
"0",0.732394366197183,"1","0","0",0.0139303482587065,"0","0","0","0","1","0"
"0",0.225352112676056,"1","0","0",0.612935323383085,"0","1","0","1","0","0"
"0",0.52112676056338,"1","0","1",0.0194029850746269,"0","0","0","0","1","0"
"0",0.197183098591549,"1","0","0",0.0154228855721393,"0","0","0","1","0","0"
"0",0.295774647887324,"0","0","1",0.319402985074627,"0","1","0","0","0","1"
"0",0.183098591549296,"1","1","1",0.665671641791045,"1","1","1","0","0","1"
"0",0.788732394366197,"1","1","0",0.560696517412935,"0","1","0","1","0","0"
"1",0.140845070422535,"1","0","1",0.605970149253731,"0","1","1","0","0","0"
"0",0,"1","0","0",0.0208955223880597,"0","0","0","0","1","0"
"0",0.154929577464789,"1","0","0",0.0278606965174129,"0","0","0","0","1","0"
"1",0.028169014084507,"1","1","1",0.759701492537313,"1","1","1","0","0","1"
"0",0.492957746478873,"1","0","1",0.760696517412935,"0","1","1","0","0","1"
"0",0.211267605633803,"1","0","1",0.756218905472637,"1","1","1","0","0","1"
"0",0.901408450704225,"1","1","0",0.539303482587065,"1","1","0","1","0","0"
"0",0.0140845070422535,"1","0","0",0.564179104477612,"0","1","1","0","0","1"
"0",0.577464788732394,"1","1","1",0.865174129353234,"1","1","1","0","0","1"
"0",1,"1","0","0",0.932338308457711,"0","1","1","0","1","0"
"0",0.859154929577465,"1","0","0",0.0159203980099503,"0","0","0","0","1","0"
"0",0.0704225352112676,"1","1","1",0.711442786069652,"0","1","1","0","0","1"
"0",0.661971830985915,"1","0","1",0.017910447761194,"0","0","0","0","1","0"
"0",0.47887323943662,"1","1","1",0.902487562189055,"0","1","1","0","1","1"
"0",0.71830985915493,"1","0","0",0.0139303482587065,"0","0","0","1","0","0"
"0",0,"0","0","1",0.0661691542288557,"0","0","0","0","0","0"
"0",0.0704225352112676,"1","1","1",0.642786069651741,"1","1","1","0","0","1"
"0",0.985915492957746,"1","1","0",0.745771144278607,"0","1","0","0","1","0"
"0",0.929577464788732,"1","0","0",0.662189054726368,"0","1","1","1","0","0"
"1",0.830985915492958,"1","1","1",0.532338308457711,"0","1","0","1","0","1"
"0",0.309859154929577,"0","0","1",0.120398009950249,"0","1","0","0","0","0"
"0",0.535211267605634,"0","0","0",0.364179104477612,"0","1","0","1","0","0"
"0",0.197183098591549,"1","0","1",0.0124378109452736,"0","0","0","1","0","0"
"1",0.732394366197183,"1","1","1",0.851741293532338,"1","1","1","0","0","1"
"0",0.323943661971831,"1","1","0",0.0592039800995025,"0","0","0","0","1","0"
"0",0.507042253521127,"1","0","0",0.0109452736318408,"0","0","0","0","0","1"
"0",0.0563380281690141,"1","0","1",0.650248756218905,"1","1","1","0","0","1"
"1",0.690140845070423,"1","1","1",0.819900497512438,"0","1","1","1","0","1"
"0",0.746478873239437,"1","0","1",0.754726368159204,"0","1","1","1","0","0"
"0",0.028169014084507,"1","0","1",0.560199004975124,"0","1","1","0","0","1"
"0",0.943661971830986,"1","1","0",0.897512437810945,"1","1","1","1","0","1"
"0",0.0563380281690141,"1","0","0",0.377114427860696,"0","1","0","0","0","1"
"0",0.450704225352113,"1","0","0",0.0208955223880597,"0","0","0","0","1","0"
"0",0.563380281690141,"1","1","1",0.619900497512438,"0","1","0","1","0","1"
"0",0.464788732394366,"0","0","0",0.427860696517413,"0","1","0","1","0","0"
"0",0.169014084507042,"1","0","1",0.0218905472636816,"0","0","0","0","0","0"
"0",0.267605633802817,"1","0","1",0.00646766169154227,"0","0","0","0","0","0"
"1",0.704225352112676,"1","0","0",0.0134328358208955,"0","0","0","0","1","0"
"0",0.028169014084507,"1","1","1",0.728855721393035,"1","1","1","0","0","0"
"0",0.563380281690141,"1","0","0",0.2681592039801,"0","0","0","0","0","0"
"0",0.169014084507042,"1","0","0",0.0119402985074627,"0","0","0","0","0","0"
"0",0.47887323943662,"1","1","0",0.0716417910447761,"0","0","0","0","1","0"
"0",0.154929577464789,"1","0","0",0.622885572139303,"1","1","1","0","0","0"
"0",0.0422535211267606,"1","0","1",0.762686567164179,"0","1","1","0","0","0"
"0",0.591549295774648,"0","0","1",0.306467661691542,"1","1","0","0","0","0"
"1",0.154929577464789,"0","0","1",0.109950248756219,"0","1","0","0","0","0"
"1",0.943661971830986,"1","1","1",0.866169154228856,"1","1","1","0","0","1"
"1",0.338028169014085,"1","1","1",0.703482587064677,"1","1","1","0","0","1"
"0",0.0845070422535211,"1","0","0",0.0199004975124378,"0","0","0","1","0","0"
"1",0.915492957746479,"1","1","1",0.921393034825871,"1","1","1","1","0","1"
"0",0.732394366197183,"1","0","0",0.917910447761194,"0","1","1","1","0","1"
"1",0.873239436619718,"1","1","1",0.906965174129353,"0","1","1","0","0","0"
"0",0.971830985915493,"1","1","1",0.954726368159204,"1","1","1","0","1","0"
"1",0.366197183098592,"0","0","0",0.181592039800995,"1","1","0","0","0","0"
"0",0,"1","0","0",0.522388059701492,"1","0","1","0","0","0"
"0",0.0563380281690141,"1","0","0",0.0169154228855721,"0","0","0","0","0","0"
"1",0.507042253521127,"1","0","0",0.0134328358208955,"0","0","0","1","0","0"
"0",0.028169014084507,"0","0","1",0.217910447761194,"1","1","0","0","0","0"
"0",0.154929577464789,"1","1","1",0.580597014925373,"0","0","1","0","0","1"
"0",0.52112676056338,"1","0","0",0.0134328358208955,"0","0","0","1","0","0"
"0",0.112676056338028,"1","0","1",0.667164179104478,"0","1","1","0","0","0"
"0",0.169014084507042,"1","1","1",0.47363184079602,"0","1","0","0","0","1"
"1",0.394366197183099,"1","1","1",0.758208955223881,"1","1","1","0","0","1"
"0",0.647887323943662,"1","0","0",0.017910447761194,"0","0","0","0","1","0"
"0",0.845070422535211,"1","1","0",0.807462686567164,"0","1","1","0","0","0"
"0",0.211267605633803,"1","0","0",0.0174129353233831,"0","0","0","0","0","0"
"0",0.563380281690141,"1","0","0",0.599004975124378,"0","1","0","0","1","1"
"0",0.591549295774648,"1","1","1",0.0681592039800995,"0","0","0","0","1","1"
"0",0.492957746478873,"1","1","1",0.787064676616915,"1","1","1","0","0","0"
"0",0.0704225352112676,"1","0","1",0.365671641791045,"0","1","0","0","0","1"
"0",0.802816901408451,"1","1","1",0.525870646766169,"0","1","0","1","0","0"
"0",0.253521126760563,"1","0","1",0.430845771144279,"0","1","0","0","0","0"
"0",0.140845070422535,"1","0","1",0.275124378109453,"0","0","0","0","0","0"
"0",0.535211267605634,"0","0","1",0.219402985074627,"0","1","0","1","0","0"
"1",0.0985915492957746,"1","0","1",0.685074626865672,"0","1","1","0","0","1"
"0",0.352112676056338,"1","1","1",0.310945273631841,"0","0","0","0","0","0"
"1",0.732394366197183,"1","0","1",0.55273631840796,"0","1","1","0","0","0"
"0",0.971830985915493,"1","0","1",0.00945273631840795,"0","0","0","0","1","0"
"0",0,"0","0","1",0.269154228855721,"1","1","0","0","0","0"
"0",0.816901408450704,"1","1","0",0.0671641791044776,"0","0","0","0","1","0"
"0",0.0140845070422535,"1","0","0",0.76318407960199,"1","1","1","0","0","1"
"0",0.0845070422535211,"0","0","0",0.169651741293532,"0","1","0","1","0","0"
"0",0.154929577464789,"1","0","1",0.261691542288557,"1","0","0","0","0","1"
"0",0.816901408450704,"1","0","0",0.582089552238806,"0","1","0","1","0","0"
"0",0.845070422535211,"1","1","1",0.624378109452736,"0","1","0","0","1","0"
"0",1,"1","1","1",0.86865671641791,"0","1","1","0","1","0"
"0",0.169014084507042,"1","0","0",0.00547263681592041,"0","0","0","0","0","0"
"0",0.887323943661972,"1","1","0",0.0661691542288557,"0","0","0","1","0","0"
"0",0,"0","0","1",0.0517412935323383,"1","0","0","0","0","1"
"0",0.126760563380282,"1","0","0",0.464179104477612,"0","1","0","1","0","0"
"0",0.901408450704225,"1","0","0",0.428855721393035,"0","1","0","1","0","0"
"0",0.859154929577465,"1","1","0",0.952238805970149,"0","1","1","0","1","0"
"0",0.76056338028169,"1","1","1",0.715422885572139,"0","1","0","1","0","1"
"0",0.338028169014085,"1","1","0",0.356716417910448,"0","1","0","0","0","1"
"0",0,"0","0","0",0.113930348258706,"1","1","0","0","0","0"
"0",0,"1","0","1",0.313930348258706,"0","1","0","0","0","0"
"0",0.816901408450704,"1","1","0",0.824378109452736,"1","1","1","0","0","1"
"1",0.887323943661972,"1","1","1",0.0611940298507463,"0","0","0","0","1","0"
"0",0.492957746478873,"1","1","1",0.763681592039801,"0","1","1","0","0","0"
"0",0.028169014084507,"1","1","1",0.322388059701493,"1","0","0","0","0","0"
"0",0.845070422535211,"1","1","1",0.513930348258707,"0","1","0","0","1","0"
"0",0.352112676056338,"0","0","1",0.21592039800995,"0","1","0","1","0","0"
"0",0,"1","0","1",0.369651741293532,"1","1","0","0","0","1"
"1",0,"1","1","1",0.719900497512438,"1","1","1","0","0","1"
"0",0.943661971830986,"1","0","1",0.845771144278607,"0","1","1","0","1","0"
"1",0.0140845070422535,"1","1","1",0.682587064676617,"1","1","1","0","0","0"
"0",1,"1","1","1",0.756218905472637,"0","1","1","0","1","0"
"0",0.985915492957746,"0","0","1",0.286567164179104,"0","1","0","0","1","1"
"0",0.788732394366197,"1","0","0",0.0228855721393035,"0","0","0","0","1","0"
"0",0.0422535211267606,"1","0","1",0.0139303482587065,"0","0","0","0","0","0"
"1",0,"1","0","1",0.516915422885572,"0","0","1","0","0","1"
"0",1,"1","1","0",0.624378109452736,"0","1","0","0","1","0"
"0",0.28169014084507,"1","1","1",0.57363184079602,"0","1","0","1","0","0"
"0",0.985915492957746,"1","1","0",0.0641791044776119,"0","0","0","0","1","0"
"1",0.394366197183099,"1","1","1",0.803980099502487,"1","1","1","0","0","0"
"1",0.957746478873239,"1","1","0",0.915422885572139,"0","1","1","0","1","0"
"0",0.887323943661972,"1","1","1",0.664179104477612,"0","1","0","0","1","0"
"0",0.211267605633803,"1","0","0",0.0149253731343284,"0","0","0","0","0","0"
"0",0.0422535211267606,"1","1","0",0.0562189054726368,"0","0","0","1","0","1"
"0",0.71830985915493,"1","1","1",0.925373134328358,"1","1","1","1","0","0"
"0",0.0140845070422535,"1","0","1",0.366666666666667,"1","1","0","0","0","0"
"0",0,"1","0","0",0.0169154228855721,"0","0","0","0","0","0"
"0",0.23943661971831,"0","0","0",0.0686567164179104,"0","0","0","0","0","0"
"0",0.0140845070422535,"1","1","0",0.357213930348259,"0","1","0","0","0","0"
"0",0.253521126760563,"1","0","1",0.413432835820896,"0","1","0","0","0","0"
"0",0.549295774647887,"1","1","0",0.65273631840796,"0","1","1","0","0","0"
"1",0.915492957746479,"1","1","1",0.862189054726368,"0","1","1","1","0","1"
"0",0.28169014084507,"1","1","0",0.567661691542289,"0","0","1","0","0","0"
"0",0.0985915492957746,"1","0","1",0.481592039800995,"0","1","0","0","0","1"
"0",1,"1","0","1",0.907960199004975,"0","1","1","0","1","0"
"0",0.661971830985915,"1","1","1",0.553233830845771,"0","1","0","1","0","0"
"0",0.957746478873239,"1","0","1",0.0104477611940299,"0","0","0","0","1","0"
"0",1,"1","1","1",0.99452736318408,"0","1","1","0","1","1"
"0",0.183098591549296,"1","0","0",0.330348258706468,"0","1","0","1","0","0"
"0",0.0704225352112676,"1","0","0",0.409950248756219,"0","1","0","0","0","1"
"0",0.0985915492957746,"1","0","0",0.0124378109452736,"0","0","0","0","1","0"
"0",0.225352112676056,"1","0","0",0.0129353233830846,"0","0","0","1","0","0"
"0",0.901408450704225,"1","1","0",0.749253731343284,"0","1","1","1","0","1"
"0",0.788732394366197,"1","0","1",0.408457711442786,"0","1","0","1","0","0"
"0",0.169014084507042,"1","1","1",0.835820895522388,"1","1","1","0","0","0"
"1",0.253521126760563,"1","0","1",0.772636815920398,"1","1","1","0","0","0"
"0",0.774647887323944,"1","1","0",0.910945273631841,"0","1","1","1","0","0"
"0",0.183098591549296,"1","0","1",0.595522388059701,"0","1","1","0","0","1"
"0",0.71830985915493,"0","0","1",0.215422885572139,"0","1","0","0","0","1"
"0",0.802816901408451,"1","0","1",0.464179104477612,"0","1","0","0","1","0"
"1",0.647887323943662,"1","1","1",0.764179104477612,"1","1","1","0","0","1"
"0",0.929577464788732,"0","0","1",0.349751243781095,"0","1","0","0","0","0"
"0",0.0140845070422535,"0","0","1",0.0661691542288557,"0","0","0","0","0","0"
"1",0.0704225352112676,"1","0","0",0.26318407960199,"0","0","0","0","0","0"
"0",0.985915492957746,"1","1","1",0.95273631840796,"0","1","1","0","1","0"
"0",0.633802816901408,"1","0","0",0.0199004975124378,"0","0","0","0","1","0"
"0",0.0563380281690141,"1","0","0",0.354228855721393,"1","1","0","0","0","0"
"1",0.929577464788732,"1","1","0",0.65273631840796,"0","1","1","0","0","0"
"0",0.028169014084507,"1","0","0",0.0194029850746269,"0","0","0","0","0","0"
"0",0.028169014084507,"1","0","0",0.0169154228855721,"0","0","0","0","0","0"
"1",0.71830985915493,"1","1","1",0.855223880597015,"1","1","1","0","0","1"
"0",0.577464788732394,"1","1","1",0.318407960199005,"1","0","0","0","0","1"
"0",0.690140845070423,"1","0","1",0.0208955223880597,"0","0","0","1","0","0"
"1",0.309859154929577,"1","0","1",0.713930348258706,"0","1","1","0","0","1"
"0",0.929577464788732,"0","0","0",0.35771144278607,"0","1","0","0","1","0"
"0",0.338028169014085,"1","0","1",0.808457711442786,"1","1","1","0","0","1"
"1",0.535211267605634,"1","0","0",0.804477611940298,"0","1","1","1","0","0"
"0",0.957746478873239,"1","1","1",0.48407960199005,"0","1","0","0","1","0"
"0",0,"0","0","0",0.0756218905472637,"0","0","0","1","0","0"
"0",0.436619718309859,"1","0","0",0.724378109452736,"0","1","1","0","0","1"
"0",0.112676056338028,"1","0","0",0.524875621890547,"1","0","1","0","0","1"
"0",0.211267605633803,"1","0","1",0.745771144278607,"1","1","1","0","0","0"
"0",0.830985915492958,"1","0","1",0.026865671641791,"0","0","0","0","1","0"
"0",1,"1","1","1",0.904975124378109,"0","1","1","0","1","0"
"0",0.0563380281690141,"1","0","0",0.0109452736318408,"1","0","0","0","0","0"
"1",0.352112676056338,"1","0","1",0.672139303482587,"0","1","1","0","0","0"
"0",0.028169014084507,"1","0","0",0.0159203980099503,"1","0","0","0","0","0"
"0",0.0140845070422535,"1","0","1",0.0139303482587065,"0","0","0","0","0","1"
"0",0.0140845070422535,"1","0","0",0.0223880597014925,"0","0","0","1","0","0"
"0",0.492957746478873,"1","1","1",0.71044776119403,"0","1","0","1","0","0"
"0",0.0845070422535211,"1","0","0",0.558208955223881,"0","1","1","0","0","0"
"1",0.830985915492958,"0","0","1",0.31044776119403,"0","1","0","0","1","0"
"0",0.253521126760563,"1","1","1",0.704975124378109,"0","1","1","0","0","1"
"1",0.619718309859155,"1","1","0",0.566169154228856,"0","1","0","0","1","0"
"1",0.0422535211267606,"1","0","1",0.521393034825871,"0","0","1","0","0","1"
"0",0.422535211267606,"1","1","1",0.855223880597015,"1","1","1","0","0","1"
"0",0.647887323943662,"1","0","0",0.714427860696517,"0","1","1","0","0","1"
"0",0,"1","0","1",0.606965174129353,"1","1","1","0","0","1"
"0",0,"1","0","1",0.265174129353234,"1","0","0","0","0","0"
"0",0,"1","0","0",0.0114427860696517,"0","0","0","0","0","0"
"1",0.816901408450704,"1","1","1",0.701492537313433,"0","1","1","0","0","0"
"0",0.126760563380282,"1","0","1",0.51592039800995,"1","0","1","0","0","1"
"1",0.47887323943662,"1","1","0",0.723880597014925,"0","1","1","0","0","0"
"0",0.0422535211267606,"0","0","1",0.113432835820896,"1","1","0","0","0","1"
"0",0.436619718309859,"1","0","1",0.721890547263682,"0","1","1","1","0","1"
"0",0.591549295774648,"1","1","1",0.593034825870647,"1","1","1","0","0","1"
"0",0.0422535211267606,"1","0","0",0.358706467661692,"1","1","0","0","0","1"
"1",0.746478873239437,"1","0","1",0.00696517412935323,"0","0","0","0","1","0"
"1",0.140845070422535,"1","1","1",0.765174129353234,"1","1","1","0","0","0"
"1",0.915492957746479,"1","1","1",0.837313432835821,"0","1","1","0","1","0"
"0",0.845070422535211,"1","1","1",0.812437810945274,"0","1","1","1","0","1"
"0",1,"1","1","0",0.700995024875622,"0","1","0","0","1","0"
"0",0.605633802816901,"0","0","1",0.358706467661692,"0","1","0","1","0","1"
"0",0.563380281690141,"1","1","1",0.372636815920398,"0","1","0","0","0","0"
"0",0.690140845070423,"1","1","1",0.85273631840796,"0","1","1","1","0","1"
"0",0.647887323943662,"1","1","1",0.921393034825871,"1","1","1","1","0","0"
"0",0.0985915492957746,"1","0","0",0.0189054726368159,"0","0","0","0","1","0"
"0",0.23943661971831,"1","0","0",0.017910447761194,"0","0","0","0","0","0"
"0",1,"1","1","1",0.733333333333333,"0","1","0","0","1","0"
"0",0,"1","0","0",0.619402985074627,"1","1","1","0","0","1"
"1",0.577464788732394,"1","1","0",0.372139303482587,"0","1","0","0","0","1"
"1",0.23943661971831,"1","0","1",0.561691542288557,"0","1","1","0","0","1"
"0",0.169014084507042,"1","1","1",0.854726368159204,"0","1","1","1","0","0"
"0",0.943661971830986,"1","1","1",0.650746268656716,"0","1","1","1","0","0"
"0",0.0422535211267606,"1","1","1",0.53681592039801,"1","0","1","0","0","0"
"0",0.957746478873239,"1","1","1",0.913432835820896,"0","1","1","0","1","0"
"0",0.225352112676056,"1","0","0",0.330845771144279,"1","1","0","0","0","0"
"0",0.338028169014085,"1","1","0",0.0721393034825871,"0","0","0","0","1","0"
"1",0.591549295774648,"1","0","1",0.709452736318408,"1","1","1","0","0","0"
"0",0.816901408450704,"1","0","0",0.0124378109452736,"0","0","0","0","1","0"
"1",0.0563380281690141,"1","0","0",0.621393034825871,"0","1","1","0","0","1"
"0",0.28169014084507,"1","1","0",0.58955223880597,"1","1","0","1","0","0"
"0",0.957746478873239,"1","1","1",0.864179104477612,"0","1","1","1","0","0"
"0",0.169014084507042,"0","0","1",0.0686567164179104,"0","0","0","0","0","0"
"0",0.577464788732394,"1","1","1",0.766169154228856,"1","1","1","0","0","0"
"0",0.71830985915493,"1","1","1",0.770149253731343,"0","1","1","0","0","0"
"1",0.633802816901408,"1","0","0",0.664179104477612,"1","1","1","0","0","1"
"0",0.845070422535211,"1","1","1",0.622388059701492,"0","1","0","0","1","0"
"0",0.394366197183099,"0","0","1",0.0656716417910448,"0","0","0","1","0","0"
"0",0.338028169014085,"1","0","1",0.36318407960199,"0","1","0","1","0","0"
"0",0.0563380281690141,"1","0","1",0.671641791044776,"1","1","1","0","0","1"
"0",0.197183098591549,"0","0","0",0.323383084577114,"0","1","0","1","0","1"
"0",0.253521126760563,"1","0","0",0.0189054726368159,"0","0","0","0","1","0"
"0",0.605633802816901,"1","0","0",0.017910447761194,"0","0","0","0","1","0"
"1",0.0704225352112676,"1","1","1",0.796019900497512,"1","1","1","0","0","1"
"0",0.802816901408451,"1","1","0",0.530845771144279,"0","1","0","0","1","0"
"0",0.859154929577465,"1","0","1",0.628855721393035,"0","1","1","1","0","0"
"0",0.971830985915493,"0","0","1",0.399502487562189,"0","1","0","1","0","0"
"1",0,"0","0","1",0.0741293532338308,"1","0","0","0","0","0"
"0",0.126760563380282,"0","0","0",0.35273631840796,"0","1","0","0","1","0"
"0",0.352112676056338,"1","0","1",0.0134328358208955,"0","0","0","1","0","0"
"0",0.915492957746479,"1","1","0",0.707960199004975,"0","1","1","0","0","0"
"0",0.0845070422535211,"1","0","1",0.504975124378109,"1","0","1","0","0","1"
"0",0.704225352112676,"1","1","0",0.656218905472637,"0","1","1","1","0","0"
"0",1,"1","1","1",0.874129353233831,"0","1","1","0","1","0"
"0",0.901408450704225,"1","1","0",0.0746268656716418,"0","0","0","0","1","0"
"0",0.0140845070422535,"1","0","0",0.276616915422886,"1","0","0","0","0","0"
"0",0.971830985915493,"1","1","0",0.464676616915423,"0","1","0","1","0","0"
"0",1,"1","1","1",0.66865671641791,"0","1","0","0","1","0"
"0",0,"1","0","0",0.017910447761194,"0","0","0","0","0","0"
"1",0,"1","0","1",0.578606965174129,"1","1","1","0","0","0"
"0",0.0563380281690141,"1","1","1",0.818407960199005,"1","1","1","0","0","1"
"0",0.028169014084507,"1","0","0",0.0243781094527363,"0","0","0","0","0","0"
"0",0.802816901408451,"1","1","1",0.0701492537313433,"0","0","0","0","1","0"
"1",0.295774647887324,"0","0","0",0.216915422885572,"1","1","0","0","0","0"
"1",0.450704225352113,"1","1","1",0.819402985074627,"0","1","1","0","0","0"
"0",0,"1","0","0",0.514427860696517,"1","0","1","0","0","1"
"1",0.746478873239437,"1","1","0",0.554726368159204,"0","0","1","0","0","0"
"0",1,"1","1","1",0.807462686567164,"0","1","1","0","1","1"
"0",0,"1","1","1",0.746766169154229,"1","1","1","0","0","1"
"0",0.028169014084507,"1","0","1",0.307462686567164,"1","1","0","0","0","1"
"0",1,"1","1","0",0.887562189054726,"0","1","1","0","1","0"
"0",1,"1","1","1",0.650248756218905,"0","1","0","0","1","0"
"1",0.746478873239437,"1","1","1",0.803980099502487,"0","1","1","0","0","0"
"0",0.816901408450704,"1","1","1",0.615422885572139,"0","1","0","1","0","1"
"0",0.746478873239437,"1","0","1",0.468159203980099,"0","1","0","0","1","0"
"0",0.830985915492958,"1","1","1",0.709452736318408,"0","1","1","0","1","1"
"0",0.830985915492958,"0","0","0",0.423383084577114,"0","1","0","0","1","0"
"0",0.028169014084507,"1","1","0",0.559701492537313,"0","0","1","0","0","1"
"0",0.957746478873239,"1","1","0",0.804975124378109,"0","1","1","0","1","0"
"0",0,"1","0","0",0.00995024875621891,"0","0","0","0","0","1"
"0",0.690140845070423,"0","0","1",0.210945273631841,"0","1","0","0","0","0"
"0",0.774647887323944,"0","0","1",0.264676616915423,"0","1","0","0","0","0"
"0",0.830985915492958,"1","0","1",0.785572139303483,"0","1","1","0","1","1"
"1",0.957746478873239,"1","1","1",0.918407960199005,"0","1","1","1","0","0"
"0",0,"0","0","0",0.167164179104478,"1","1","0","0","0","0"
"1",0,"1","0","1",0.544776119402985,"1","1","1","0","0","1"
"0",0.028169014084507,"1","0","1",0.0164179104477612,"0","0","0","0","0","0"
"0",0.830985915492958,"1","0","0",0.58407960199005,"0","1","0","0","1","0"
"0",0.169014084507042,"0","0","0",0.170646766169154,"0","1","0","0","1","0"
"0",0.859154929577465,"1","0","0",0.0218905472636816,"0","0","0","0","1","0"
"0",0.619718309859155,"1","1","0",0.781094527363184,"0","1","1","1","0","0"
"0",0.338028169014085,"0","0","0",0.35771144278607,"0","1","0","1","0","1"
"0",0.605633802816901,"1","0","0",0.814427860696517,"0","1","1","0","1","0"
"0",0.0140845070422535,"1","0","1",0.26865671641791,"0","0","0","0","0","0"
"1",0.450704225352113,"1","1","1",0.65273631840796,"1","1","1","0","0","0"
"0",0,"1","0","1",0.51592039800995,"1","0","1","0","0","1"
"0",0.295774647887324,"1","0","0",0.0258706467661692,"0","0","0","1","0","0"
"0",0.47887323943662,"0","0","1",0.151243781094527,"0","1","0","0","0","0"
"0",0.394366197183099,"1","0","0",0.0194029850746269,"0","0","0","0","1","0"
"1",0.366197183098592,"1","1","1",0.673134328358209,"0","1","1","1","0","1"
"0",0.746478873239437,"1","0","1",0.425373134328358,"0","1","0","1","0","1"
"1",0.0140845070422535,"1","0","1",0.521393034825871,"1","0","1","0","0","1"
"0",0.788732394366197,"1","1","1",0.683084577114428,"0","1","1","1","0","1"
"0",0.859154929577465,"1","1","0",0.508955223880597,"0","1","0","0","1","0"
"0",0.197183098591549,"1","0","0",0.0208955223880597,"0","0","0","1","0","0"
"0",0.0140845070422535,"1","0","0",0.0208955223880597,"1","0","0","0","0","0"
"0",0.971830985915493,"1","1","1",0.856218905472637,"0","1","1","0","1","0"
"0",0.28169014084507,"1","0","1",0.265671641791045,"0","0","0","0","0","1"
"0",0.309859154929577,"1","0","1",0.31044776119403,"0","1","0","1","0","1"
"0",0.0704225352112676,"1","0","0",0.0233830845771144,"0","0","0","1","0","0"
"0",0.0422535211267606,"1","0","0",0.0129353233830846,"0","0","0","0","1","0"
"0",0.028169014084507,"1","0","1",0.803482587064677,"1","1","1","0","0","0"
"0",0.309859154929577,"1","1","1",0.748756218905473,"0","1","1","0","0","1"
"0",0.352112676056338,"0","0","0",0.361194029850746,"0","1","0","1","0","0"
"0",0.0985915492957746,"1","0","0",0.017910447761194,"0","0","0","0","0","0"
"0",0.352112676056338,"1","1","1",0.653731343283582,"1","1","1","0","0","1"
"0",0.0140845070422535,"1","1","1",0.608955223880597,"0","1","1","0","0","1"
"0",0.929577464788732,"1","1","0",0.974626865671642,"1","1","1","0","1","0"
"0",0.985915492957746,"1","1","1",0.750746268656716,"1","1","1","0","1","0"
"0",0.816901408450704,"1","1","0",0.612935323383085,"0","1","0","1","0","0"
"0",0.535211267605634,"1","1","0",0.813432835820896,"0","1","1","1","0","1"
"0",0.28169014084507,"1","0","0",0.0134328358208955,"0","0","0","0","1","0"
"0",0,"1","0","0",0.0144278606965174,"1","0","0","0","0","0"
"0",0.661971830985915,"1","0","0",0.0194029850746269,"0","0","0","0","1","0"
"1",0.422535211267606,"0","0","1",0.319900497512438,"0","1","0","1","0","0"
"0",0.887323943661972,"1","1","0",0.946268656716418,"0","1","1","1","0","1"
"0",0.633802816901408,"1","1","1",0.614427860696517,"0","1","1","0","0","0"
"0",0.71830985915493,"1","1","1",0.623880597014925,"0","1","0","0","1","0"
"0",0.929577464788732,"1","1","1",0.0661691542288557,"0","0","0","0","1","0"
"1",0.929577464788732,"1","1","0",0.364676616915423,"0","1","0","0","0","1"
"0",0.0563380281690141,"1","1","0",0.570149253731343,"1","0","1","0","0","1"
"0",0.985915492957746,"1","1","0",0.90547263681592,"0","1","1","0","1","1"
"0",0.112676056338028,"1","0","1",0.591044776119403,"1","1","1","0","0","0"
"1",0.352112676056338,"1","1","1",0.763681592039801,"1","1","1","0","0","1"
"0",0.985915492957746,"1","1","1",0.975621890547264,"0","1","1","1","0","0"
"0",0.436619718309859,"1","0","0",0.0164179104477612,"0","0","0","0","0","0"
"0",0.0140845070422535,"1","0","0",0.518407960199005,"0","0","1","0","0","1"
"0",0.985915492957746,"1","1","0",0.073134328358209,"0","0","0","0","1","0"
"0",0.830985915492958,"0","0","1",0.260696517412935,"0","1","0","1","0","1"
"1",0.76056338028169,"1","1","1",0.814925373134328,"0","1","1","1","0","1"
"0",0.746478873239437,"1","0","1",0.867164179104478,"1","1","1","1","0","0"
"0",0.0140845070422535,"1","0","1",0.772139303482587,"1","1","1","0","0","1"
"0",0.0704225352112676,"1","1","1",0.553233830845771,"0","0","1","0","0","0"
"0",0.661971830985915,"1","0","1",0.51592039800995,"0","1","0","0","1","0"
"0",0.873239436619718,"1","1","0",0.0696517412935323,"0","0","0","0","1","0"
"0",0,"1","1","1",0.605970149253731,"1","1","1","0","0","1"
"0",0.154929577464789,"1","0","0",0.0278606965174129,"0","0","0","0","0","0"
"1",0.746478873239437,"0","0","1",0.0666666666666667,"0","0","0","0","0","0"
"0",0.408450704225352,"1","0","1",0.460199004975124,"0","1","0","1","0","1"
"0",0.408450704225352,"1","0","0",0.0139303482587065,"1","0","0","0","0","0"
"0",0.0422535211267606,"1","0","1",0.604477611940298,"1","1","1","0","0","1"
"0",0.549295774647887,"1","1","1",0.872636815920398,"0","1","1","1","0","0"
"0",0.112676056338028,"1","0","1",0.573134328358209,"0","1","1","0","0","1"
"0",0.225352112676056,"1","0","0",0.732338308457711,"1","1","1","0","0","1"
"0",0.859154929577465,"0","0","1",0.252238805970149,"0","1","0","0","1","0"
"0",0.380281690140845,"1","0","1",0.72636815920398,"0","1","1","1","0","0"
"0",0.971830985915493,"1","1","0",0.711442786069652,"0","1","0","0","1","0"
"0",0.633802816901408,"1","0","1",0.857213930348259,"0","1","1","0","1","0"
"0",0.309859154929577,"1","1","0",0.715422885572139,"0","1","1","0","0","0"
"0",0.647887323943662,"0","0","0",0.219402985074627,"0","1","0","1","0","1"
"0",0.943661971830986,"1","0","1",0.865671641791045,"0","1","1","0","1","0"
"1",0.830985915492958,"1","1","1",0.873134328358209,"1","1","1","1","0","1"
"0",0.929577464788732,"1","1","1",0.853233830845771,"0","1","1","0","1","1"
"0",0.183098591549296,"1","0","1",0.511442786069652,"0","1","0","0","0","1"
"0",0.788732394366197,"1","1","1",0.55771144278607,"0","0","1","0","0","1"
"0",0.76056338028169,"1","1","0",0.822388059701493,"0","1","1","1","0","0"
"0",0,"1","0","1",0.0199004975124378,"0","0","0","0","0","0"
"0",0,"1","0","1",0.314925373134328,"1","1","0","0","0","0"
"0",0.309859154929577,"1","1","1",0.782587064676617,"0","1","1","0","0","0"
"0",0.169014084507042,"1","1","1",0.816915422885572,"1","1","1","0","0","1"
"0",0.647887323943662,"1","1","1",0.854228855721393,"0","1","1","0","0","1"
"0",0.52112676056338,"1","0","0",0.018407960199005,"0","0","0","1","0","0"
"1",0.52112676056338,"1","1","1",0.564179104477612,"1","0","1","0","0","0"
"1",0.0140845070422535,"1","1","1",0.381094527363184,"0","1","0","0","0","0"
"1",0,"1","0","1",0.308457711442786,"1","1","0","0","0","0"
"0",0.197183098591549,"1","0","1",0.500995024875622,"0","0","1","0","0","0"
"0",0.352112676056338,"1","0","1",0.50547263681592,"0","0","1","0","0","0"
"0",0.47887323943662,"1","0","0",0.0144278606965174,"0","0","0","0","1","0"
"0",0.028169014084507,"1","0","1",0.017910447761194,"0","0","0","0","0","0"
"0",0.690140845070423,"1","1","0",0.850248756218905,"1","1","1","0","0","1"
"0",0.577464788732394,"1","1","1",0.75771144278607,"0","1","1","0","0","1"
"0",0.126760563380282,"1","0","1",0.365174129353234,"0","1","0","0","0","0"
"0",0.845070422535211,"1","0","0",0.750746268656716,"0","1","1","1","0","0"
"0",0.943661971830986,"1","1","0",0.915422885572139,"0","1","1","0","1","0"
"0",0.126760563380282,"1","0","1",0.802487562189055,"0","1","1","1","0","1"
"0",0.901408450704225,"1","1","0",0.711442786069652,"1","1","1","1","0","1"
"0",1,"1","0","1",0.618905472636816,"0","1","0","0","1","0"
"0",0.76056338028169,"1","0","0",0.608457711442786,"0","1","1","0","0","1"
"0",0,"1","0","1",0.0203980099502488,"1","0","0","0","0","0"
"0",0.0845070422535211,"1","0","0",0.443283582089552,"0","1","0","0","0","0"
"0",0.0140845070422535,"1","1","1",0.563681592039801,"0","0","1","0","0","0"
"0",0.112676056338028,"1","0","1",0.56318407960199,"0","1","1","0","0","1"
"0",0.366197183098592,"1","1","1",0.0756218905472637,"0","0","0","0","1","0"
"1",0.0845070422535211,"1","1","1",0.832835820895522,"1","1","1","0","0","1"
"0",0.887323943661972,"1","0","1",0.498009950248756,"0","1","0","0","1","0"
"0",0.971830985915493,"0","0","0",0.3,"0","1","0","0","1","0"
"1",0.0140845070422535,"1","1","1",0.753731343283582,"1","1","1","0","0","1"
"1",0.929577464788732,"1","0","1",0.863681592039801,"0","1","1","0","1","1"
"0",0.619718309859155,"1","1","1",0.706965174129353,"1","1","1","0","0","0"
"0",0.323943661971831,"1","1","0",0.0686567164179104,"0","0","0","0","1","0"
"0",0.0422535211267606,"1","0","0",0.0124378109452736,"0","0","0","0","1","0"
"0",0.605633802816901,"1","0","1",0.743283582089552,"0","1","1","0","0","0"
"0",1,"1","0","1",0.0243781094527363,"0","0","0","0","1","0"
"0",0,"1","0","1",0.55771144278607,"1","1","1","0","0","0"
"0",0.915492957746479,"1","0","0",0.0109452736318408,"0","0","0","0","1","0"
"0",0,"0","0","1",0.262686567164179,"1","1","0","0","0","0"
"0",0.169014084507042,"1","0","0",0.654726368159204,"1","1","1","0","0","1"
"0",0.126760563380282,"1","1","1",0.621393034825871,"1","1","1","0","0","0"
"1",0.901408450704225,"1","1","1",0.856716417910448,"0","1","1","0","0","1"
"0",0,"1","0","0",0.0129353233830846,"0","0","0","0","0","0"
"0",0.52112676056338,"1","0","0",0.555223880597015,"0","1","0","1","0","1"
"0",0.309859154929577,"0","0","0",0.217412935323383,"0","1","0","0","1","0"
"0",0.126760563380282,"1","0","0",0.018407960199005,"0","0","0","1","0","0"
"0",0.0422535211267606,"1","1","1",0.830348258706468,"1","1","1","0","0","1"
"0",1,"1","1","1",0.649751243781095,"0","1","0","0","1","0"
"0",0.47887323943662,"1","0","0",0.38407960199005,"0","1","0","0","0","1"
"0",0,"1","0","0",0.0213930348258706,"1","0","0","0","0","0"
"0",0.802816901408451,"1","0","0",0.0129353233830846,"0","0","0","0","1","0"
"0",0.971830985915493,"1","0","1",0.874626865671642,"0","1","1","1","0","1"
"0",0.52112676056338,"1","1","0",0.603980099502488,"0","1","0","1","0","0"
"0",0.830985915492958,"0","0","1",0.313432835820896,"0","1","0","0","0","1"
"0",0.352112676056338,"1","1","1",0.737810945273632,"0","1","1","0","0","0"
"0",0.0985915492957746,"1","0","0",0.397512437810945,"0","1","0","1","0","0"
"0",0.563380281690141,"1","1","1",0.839303482587065,"1","1","1","1","0","1"
"1",0.492957746478873,"1","1","1",0.733333333333333,"0","1","1","0","0","0"
"1",0.746478873239437,"1","0","0",0.467661691542289,"0","1","0","1","0","0"
"0",0.985915492957746,"1","1","1",0.873134328358209,"1","1","1","0","1","0"
"0",0.76056338028169,"1","1","1",0.545771144278607,"0","0","1","0","0","1"
"0",1,"1","1","0",0.412935323383085,"0","1","0","0","1","0"
"0",0.028169014084507,"1","0","1",0.366666666666667,"1","1","0","0","0","0"
"0",0.746478873239437,"1","1","1",0.413432835820896,"0","1","0","0","1","0"
"0",1,"1","1","1",0.978606965174129,"0","1","1","0","1","0"
"0",0.71830985915493,"1","1","1",0.905970149253731,"0","1","1","0","1","1"
"1",0.830985915492958,"1","1","1",0.827363184079602,"0","1","1","1","0","0"
"0",0.535211267605634,"0","0","1",0.322388059701493,"0","1","0","0","0","0"
"0",0.197183098591549,"1","0","0",0.377114427860696,"0","1","0","1","0","0"
"0",0.957746478873239,"1","1","1",0.878109452736318,"1","1","1","0","1","0"
"0",0.591549295774648,"1","0","1",0.00945273631840795,"0","0","0","1","0","0"
"1",0.873239436619718,"1","1","0",0.644278606965174,"0","1","0","1","0","0"
"1",0.0140845070422535,"1","0","0",0.51592039800995,"0","0","1","0","0","1"
"0",1,"1","0","1",0.896019900497512,"0","1","1","0","1","0"
"0",0.436619718309859,"1","1","1",0.724378109452736,"1","1","1","0","0","0"
"0",0.549295774647887,"1","1","0",0.0696517412935323,"0","0","0","0","1","0"
"0",0.802816901408451,"0","0","1",0.269651741293532,"0","1","0","1","0","1"
"0",0.929577464788732,"0","0","0",0.255223880597015,"0","1","0","0","1","1"
"1",0.704225352112676,"1","1","1",0.58955223880597,"1","1","1","0","0","1"
"0",0.422535211267606,"1","1","1",0.607462686567164,"0","1","0","1","0","0"
"1",0.957746478873239,"1","1","1",0.66318407960199,"0","1","1","0","0","0"
"0",0.436619718309859,"1","1","1",0.606965174129353,"0","1","1","1","0","1"
"0",0.28169014084507,"1","0","0",0.525373134328358,"0","1","0","0","1","0"
"0",0.71830985915493,"1","0","0",0.353233830845771,"0","1","0","1","0","1"
"0",1,"1","1","0",0.0597014925373134,"0","0","0","0","1","0"
"0",1,"0","0","1",0.35771144278607,"1","1","0","0","1","1"
"0",0.71830985915493,"0","0","0",0.258706467661692,"0","1","0","1","0","0"
"0",0.563380281690141,"1","0","0",0.316417910447761,"0","1","0","1","0","0"
"0",0.563380281690141,"1","0","0",0.0189054726368159,"0","0","0","0","1","0"
"0",0.0704225352112676,"1","0","1",0.507462686567164,"1","0","1","0","0","0"
"0",0.929577464788732,"1","1","1",0.508457711442786,"0","1","0","1","0","0"
"0",0.211267605633803,"1","0","0",0.0109452736318408,"0","0","0","0","0","0"
"0",0.225352112676056,"1","0","0",0.008955223880597,"0","0","0","0","1","0"
"0",0.47887323943662,"1","0","0",0.425373134328358,"0","1","0","0","0","0"
"0",0.802816901408451,"1","0","0",0.0223880597014925,"0","0","0","0","1","0"
"0",0,"1","0","1",0.32089552238806,"1","1","0","0","0","1"
"0",0.71830985915493,"0","0","0",0.317910447761194,"0","1","0","0","1","0"
"0",0.971830985915493,"1","0","0",0.61044776119403,"0","1","0","0","1","0"
"0",0.253521126760563,"1","1","1",0.0661691542288557,"0","0","0","0","1","0"
"1",0,"1","1","1",0.558706467661692,"1","0","1","0","0","1"
"0",0.47887323943662,"1","0","1",0.882089552238806,"0","1","1","0","0","1"
"0",0.436619718309859,"1","1","1",0.826865671641791,"0","1","1","0","0","1"
"0",0.225352112676056,"1","0","1",0.369154228855721,"0","1","0","0","0","0"
"0",0.929577464788732,"1","0","0",0.321393034825871,"0","1","0","1","0","0"
"0",0.112676056338028,"1","0","0",0.0124378109452736,"0","0","0","0","0","0"
"0",0.422535211267606,"1","1","1",0.608955223880597,"1","1","0","1","0","0"
"0",0.0422535211267606,"1","1","0",0.720398009950249,"0","1","1","0","0","1"
"1",0.802816901408451,"1","1","1",0.712437810945274,"0","1","1","1","0","0"
"0",0.830985915492958,"1","0","0",0.604477611940298,"0","1","0","1","0","0"
"0",0.802816901408451,"1","1","1",0.859701492537314,"1","1","1","1","0","1"
"0",0,"1","0","0",0.0129353233830846,"0","0","0","0","0","0"
"0",0.366197183098592,"1","0","0",0.0164179104477612,"0","0","0","0","1","0"
"1",0.915492957746479,"1","1","1",0.975124378109453,"0","1","1","1","0","1"
"0",0.197183098591549,"1","1","1",0.691542288557214,"0","1","1","0","0","0"
"1",0.647887323943662,"1","1","1",0.813930348258706,"1","1","1","0","0","1"
"0",0.563380281690141,"1","1","1",0.627363184079602,"0","1","1","0","0","0"
"0",0.816901408450704,"0","0","1",0.259203980099502,"0","1","0","0","0","1"
"0",0.690140845070423,"1","0","0",0.518407960199005,"0","0","1","0","1","0"
"0",0.225352112676056,"0","0","0",0.260696517412935,"0","1","0","1","0","0"
"0",0.0704225352112676,"1","0","1",0.307462686567164,"0","1","0","0","0","1"
"1",0.704225352112676,"0","0","1",0.111442786069652,"0","1","0","0","0","0"
"0",0.605633802816901,"1","0","0",0.818905472636816,"1","1","1","0","0","1"
"0",0.676056338028169,"1","0","1",0.667164179104478,"0","1","1","0","0","0"
"0",0.0140845070422535,"1","0","0",0.770149253731343,"1","1","1","0","0","1"
"0",0.816901408450704,"1","1","1",0.505970149253731,"0","1","0","1","0","0"
"1",0.690140845070423,"1","1","1",0.518407960199005,"0","1","0","0","0","0"
"0",0.816901408450704,"1","0","0",0.0233830845771144,"0","0","0","0","1","0"
"0",0.23943661971831,"1","1","0",0.556218905472637,"0","0","1","0","0","0"
"0",0.126760563380282,"1","1","0",0.565174129353234,"0","0","1","0","0","1"
"0",0.183098591549296,"1","0","0",0.262189054726368,"0","0","0","1","0","1"
"0",0.47887323943662,"1","0","0",0.0318407960199005,"0","0","0","0","1","0"
"0",0.0985915492957746,"1","0","1",0.250746268656716,"0","0","0","1","0","0"
"0",0.23943661971831,"1","0","0",0.017910447761194,"0","0","0","1","0","0"
"0",0.830985915492958,"1","1","0",0.755223880597015,"0","1","1","1","0","0"
"0",0,"1","0","0",0.75771144278607,"1","1","1","0","0","1"
"0",0.0704225352112676,"1","0","0",0.0129353233830846,"0","0","0","0","1","0"
"0",0.253521126760563,"1","1","1",0.57363184079602,"0","1","0","0","0","0"
"0",0.732394366197183,"1","1","0",0.456716417910448,"0","1","0","1","0","0"
"1",1,"1","1","1",0.908457711442786,"0","1","1","0","1","0"
"0",0.830985915492958,"1","1","1",0.92089552238806,"0","1","1","0","1","0"
"0",0,"1","0","1",0.365671641791045,"1","1","0","0","0","0"
"0",0.169014084507042,"1","0","0",0.350248756218905,"0","1","0","0","0","0"
"0",0.0563380281690141,"1","0","0",0.514427860696517,"0","0","1","0","0","0"
"0",0,"1","1","1",0.827860696517413,"1","1","1","0","0","1"
"0",0.169014084507042,"1","0","0",0.783582089552239,"0","1","1","0","0","1"
"0",0.507042253521127,"1","1","1",0.719900497512438,"0","1","0","1","0","0"
"0",0.887323943661972,"1","0","1",0.550248756218905,"0","1","1","0","0","0"
"0",0.0563380281690141,"1","1","0",0.49452736318408,"1","1","0","0","0","0"
"0",0.845070422535211,"1","1","1",0.757213930348259,"0","1","1","0","1","0"
"0",0,"1","0","1",0.509950248756219,"1","0","1","0","0","1"
"0",0,"1","0","1",0.00597014925373136,"1","0","0","0","0","0"
"0",0.352112676056338,"1","0","0",0.0114427860696517,"0","0","0","1","0","0"
"0",0,"1","0","1",0.506965174129353,"1","0","1","0","0","1"
"0",0.323943661971831,"1","0","0",0.0149253731343284,"0","0","0","0","1","0"
"0",0.225352112676056,"0","0","0",0.361691542288557,"0","1","0","1","0","1"
"0",0.352112676056338,"0","0","1",0.114925373134328,"0","1","0","0","0","0"
"0",0,"1","0","1",0.511442786069652,"1","0","1","0","0","1"
"1",0.549295774647887,"1","1","0",0.8318407960199,"1","1","1","0","0","1"
"0",0.71830985915493,"1","1","1",0.843781094527363,"0","1","1","0","0","1"
"0",0,"1","0","1",0.637313432835821,"1","1","1","0","0","1"
"0",0,"1","0","0",0.0203980099502488,"0","0","0","0","0","0"
"0",0.28169014084507,"0","0","0",0.167661691542289,"0","1","0","0","1","0"
"0",0.929577464788732,"1","1","1",0.870149253731343,"0","1","1","1","0","0"
"0",0.605633802816901,"1","0","0",0.378109452736318,"0","1","0","0","0","0"
"0",0.971830985915493,"0","0","0",0.418905472636816,"0","1","0","1","0","1"
"0",0.028169014084507,"1","0","0",0.606965174129353,"1","1","1","0","0","1"
"0",0.774647887323944,"1","0","1",0.413432835820896,"0","1","0","0","1","0"
"0",0.169014084507042,"1","1","1",0.660199004975124,"1","1","1","0","0","1"
"0",0.802816901408451,"1","1","1",0.747761194029851,"1","1","1","0","0","0"
"0",0.577464788732394,"1","1","1",0.755721393034826,"1","1","1","0","0","1"
"1",0,"0","0","0",0.0676616915422886,"1","0","0","0","0","1"
"0",0.633802816901408,"1","1","0",0.809950248756219,"0","1","1","0","1","0"
"0",0.873239436619718,"1","0","1",0.322388059701493,"0","1","0","0","1","0"
"0",0.140845070422535,"1","0","1",0.424378109452736,"0","1","0","0","0","1"
"0",0.197183098591549,"1","1","1",0.411940298507463,"0","1","0","0","0","0"
"0",1,"0","0","1",0.462189054726368,"0","1","0","0","1","1"
"0",0.394366197183099,"0","0","1",0.0681592039800995,"1","0","0","0","0","0"
"0",0,"1","0","0",0.30547263681592,"1","1","0","0","0","1"
"0",0.0704225352112676,"1","0","0",0.364179104477612,"0","1","0","0","0","1"
"0",0,"1","0","0",0.269154228855721,"1","0","0","0","0","1"
"0",0.873239436619718,"1","1","1",0.727363184079602,"0","1","1","1","0","1"
"0",0.0140845070422535,"1","0","1",0.672636815920398,"1","1","1","0","0","1"
"0",0.23943661971831,"1","1","0",0.0681592039800995,"0","0","0","0","1","0"
"0",0.591549295774648,"0","0","0",0.156716417910448,"0","1","0","0","0","0"
"0",0.197183098591549,"0","0","0",0.275124378109453,"0","1","0","1","0","0"
"0",0.126760563380282,"1","1","0",0.765671641791045,"1","1","1","0","0","1"
"0",0.76056338028169,"1","0","0",0.0223880597014925,"0","0","0","0","1","0"
"0",0.676056338028169,"1","1","1",0.819402985074627,"1","1","1","1","0","0"
"0",0.0704225352112676,"1","0","1",0.36865671641791,"1","1","0","0","0","0"
"0",0.971830985915493,"1","0","0",0.0208955223880597,"0","0","0","0","1","0"
"1",0.0140845070422535,"1","1","1",0.56318407960199,"1","0","1","0","0","0"
"1",0.873239436619718,"0","0","0",0.177611940298507,"0","1","0","1","0","0"
"0",0.338028169014085,"1","0","1",0.473134328358209,"0","1","0","0","0","0"
"1",0.23943661971831,"1","0","0",0.0208955223880597,"0","0","0","1","0","0"
"1",0.380281690140845,"1","1","1",0.871144278606965,"0","1","1","0","0","1"
"1",0.732394366197183,"1","0","1",0.781094527363184,"0","1","1","1","0","0"
"0",0.47887323943662,"1","0","1",0.83681592039801,"1","1","1","1","0","0"
"0",0,"0","0","0",0.0611940298507463,"0","0","0","0","0","0"
"0",0.971830985915493,"1","1","0",0.969154228855721,"1","1","1","1","0","0"
"0",0.0140845070422535,"1","0","1",0.612935323383085,"1","1","1","0","0","1"
"0",0.352112676056338,"1","0","1",0.545273631840796,"0","1","0","0","0","1"
"0",0.464788732394366,"1","0","0",0.458706467661691,"0","1","0","1","0","1"
"0",0.253521126760563,"1","0","0",0.0223880597014925,"0","0","0","0","1","0"
"0",0.197183098591549,"1","1","1",0.574626865671642,"1","0","1","0","0","0"
"0",0.859154929577465,"1","0","0",0.36318407960199,"0","1","0","1","0","0"
"1",0.577464788732394,"1","1","1",0.860696517412935,"1","1","1","0","0","0"
"0",0.112676056338028,"1","0","1",0.561194029850746,"1","1","0","0","0","1"
"0",0.323943661971831,"1","0","1",0.327363184079602,"0","1","0","0","0","1"
"1",0.943661971830986,"0","0","1",0.235820895522388,"0","1","0","0","1","1"
"0",0.422535211267606,"1","0","0",0.359203980099502,"0","1","0","0","0","0"
"0",0,"1","0","1",0.378109452736318,"1","1","0","0","0","1"
"0",0.28169014084507,"1","1","1",0.874129353233831,"1","1","1","0","0","1"
"0",0.873239436619718,"1","0","1",0.77363184079602,"0","1","1","1","0","1"
"1",0.0140845070422535,"1","0","1",0.611940298507463,"1","1","1","0","0","0"
"0",0.845070422535211,"0","0","1",0.429850746268657,"0","1","0","0","1","0"
"0",0,"1","0","0",0.501492537313433,"1","0","1","0","0","1"
"0",0.23943661971831,"1","0","0",0.0139303482587065,"0","0","0","1","0","0"
"0",0.0704225352112676,"1","0","0",0.00746268656716418,"0","0","0","1","0","0"
"0",0.450704225352113,"1","1","1",0.813432835820896,"0","1","1","0","0","1"
"0",0.211267605633803,"1","0","0",0.0199004975124378,"1","0","0","0","0","0"
"0",0.774647887323944,"1","0","1",0.800497512437811,"0","1","1","0","0","1"
"0",0.309859154929577,"1","0","0",0.0154228855721393,"0","0","0","1","0","0"
"0",0.112676056338028,"1","0","1",0.55273631840796,"0","1","1","0","0","1"
"1",0.183098591549296,"1","1","1",0.815422885572139,"1","1","1","0","0","1"
"0",0.197183098591549,"1","1","1",0.563681592039801,"1","0","1","0","0","0"
"0",0.0563380281690141,"1","0","0",0.017910447761194,"0","0","0","0","0","0"
"0",0.845070422535211,"1","1","1",0.875124378109453,"0","1","1","0","0","1"
"0",0.971830985915493,"1","1","1",0.978109452736318,"0","1","1","0","1","0"
"0",0.197183098591549,"1","1","1",0.81044776119403,"0","1","1","0","0","1"
"0",0.0985915492957746,"1","0","0",0.0144278606965174,"0","0","0","0","1","0"
"0",0.0985915492957746,"1","0","0",0.0124378109452736,"0","0","0","0","1","0"
"0",0.0422535211267606,"0","0","1",0.108457711442786,"0","1","0","0","0","0"
"0",0.464788732394366,"1","0","0",0.365671641791045,"0","1","0","1","0","0"
"0",0.943661971830986,"1","1","1",0.721890547263682,"0","1","0","0","1","0"
"0",0.619718309859155,"0","0","0",0.325870646766169,"0","1","0","1","0","0"
"1",0.112676056338028,"1","1","1",0.714925373134328,"0","1","1","0","0","1"
"0",0.295774647887324,"1","1","1",0.405970149253731,"0","1","0","0","0","0"
"0",0.0140845070422535,"1","0","0",0.0203980099502488,"0","0","0","0","0","0"
"0",0.971830985915493,"1","1","0",0.544278606965174,"0","1","0","0","1","0"
"0",0.126760563380282,"1","1","0",0.550248756218905,"0","1","0","1","0","0"
"0",1,"1","1","0",0.657213930348259,"0","1","0","0","1","0"
"0",0.676056338028169,"1","0","0",0.59452736318408,"0","1","0","1","0","0"
"1",0.746478873239437,"1","1","0",0.535820895522388,"0","1","0","1","0","0"
"0",0.985915492957746,"1","1","1",0.880597014925373,"0","1","1","0","1","0"
"0",0.295774647887324,"1","0","1",0.00995024875621891,"0","0","0","1","0","0"
"0",0.690140845070423,"1","0","0",0.0228855721393035,"0","0","0","0","1","0"
"0",0.591549295774648,"1","0","0",0.0174129353233831,"0","0","0","1","0","0"
"0",0.619718309859155,"1","1","1",0.063681592039801,"0","0","0","0","1","0"
"1",0.887323943661972,"1","1","1",0.848258706467662,"0","1","1","0","0","0"
"0",0.309859154929577,"1","1","0",0.0557213930348259,"0","0","0","0","1","0"
"0",0.943661971830986,"1","1","0",0.0751243781094527,"0","0","0","0","1","0"
"0",0,"1","0","1",0.523383084577114,"1","0","1","0","0","1"
"0",0.0140845070422535,"1","0","1",0.512935323383085,"1","0","1","0","0","0"
"0",0.352112676056338,"1","0","0",0.409950248756219,"0","1","0","1","0","0"
"0",0.76056338028169,"0","0","1",0.361194029850746,"1","1","0","0","0","0"
"0",0.183098591549296,"1","0","1",0.017910447761194,"0","0","0","0","0","1"
"0",0.985915492957746,"1","0","1",0.639800995024876,"0","1","0","0","1","1"
"0",0.887323943661972,"1","1","0",0.626865671641791,"0","1","0","1","0","1"
"0",0.0845070422535211,"1","0","1",0.522388059701492,"1","1","0","0","0","0"
"0",0.788732394366197,"1","0","1",0.55771144278607,"0","1","0","0","1","0"
"0",0.169014084507042,"1","1","0",0.754726368159204,"1","1","1","0","0","1"
"0",0.028169014084507,"0","0","0",0.113930348258706,"1","1","0","0","0","0"
"1",1,"1","1","0",0.909950248756219,"0","1","1","0","1","0"
"0",0.549295774647887,"1","1","1",0.777114427860697,"0","1","1","0","0","0"
"0",0.183098591549296,"1","1","1",0.481094527363184,"0","1","0","0","0","0"
"0",0.0140845070422535,"1","0","1",0.261194029850746,"0","0","0","0","0","1"
"1",0.915492957746479,"1","1","0",0.921890547263682,"1","1","1","1","0","0"
"0",0.52112676056338,"1","1","1",0.86318407960199,"1","1","1","0","0","1"
"0",0,"0","0","1",0.0701492537313433,"1","0","0","0","0","1"
"0",0.295774647887324,"1","0","1",0.367164179104478,"1","1","0","1","0","0"
"0",0,"1","0","1",0.018407960199005,"1","0","0","0","0","0"
"0",0.0563380281690141,"1","0","1",0.615422885572139,"0","1","1","0","0","0"
"0",0.394366197183099,"1","1","0",0.50547263681592,"0","1","0","1","0","0"
"0",0,"1","0","1",0.513930348258707,"1","0","1","0","0","0"
"0",0.028169014084507,"1","0","0",0.0213930348258706,"0","0","0","0","0","0"
"0",0.985915492957746,"1","0","0",0.0144278606965174,"0","0","0","0","1","0"
"0",0.112676056338028,"1","0","1",0.316915422885572,"0","1","0","0","0","1"
"0",0.591549295774648,"1","1","1",0.827363184079602,"1","1","1","0","0","1"
"0",0.661971830985915,"1","1","1",0.648756218905473,"0","1","0","1","0","0"
"0",0.352112676056338,"1","1","1",0.680597014925373,"0","1","1","0","0","0"
"0",0.112676056338028,"1","0","0",0.0189054726368159,"0","0","0","0","0","0"
"0",0,"1","0","1",0.622388059701492,"1","1","1","0","0","1"
"0",0.633802816901408,"1","0","0",0.0114427860696517,"0","0","0","0","1","0"
"0",0.0140845070422535,"1","1","0",0.435820895522388,"1","1","0","0","0","0"
"1",0,"1","1","1",0.57910447761194,"1","0","1","0","0","1"
"0",0.887323943661972,"0","0","1",0.41592039800995,"0","1","0","0","1","0"
"1",0.154929577464789,"1","1","1",0.726865671641791,"1","1","1","0","0","1"
"1",0.0704225352112676,"1","0","1",0.771144278606965,"1","1","1","0","0","1"
"0",0.816901408450704,"1","0","0",0.0208955223880597,"0","0","0","1","0","0"
"0",0.0845070422535211,"1","0","1",0.754228855721393,"0","1","1","1","0","0"
"1",1,"1","1","1",0.655223880597015,"0","1","0","0","1","0"
"1",0.211267605633803,"1","0","1",0.601990049751244,"0","1","1","0","0","1"
"0",0.338028169014085,"1","1","0",0.371144278606965,"0","1","0","0","0","0"
"0",0.464788732394366,"1","1","0",0.441791044776119,"1","1","0","0","0","1"
"0",0,"1","1","1",0.559701492537313,"1","0","1","0","0","1"
"0",0.126760563380282,"1","1","1",0.834328358208955,"1","1","1","0","0","0"
"0",0.323943661971831,"1","0","0",0.018407960199005,"0","0","0","1","0","0"
"0",0.126760563380282,"1","1","0",0.517910447761194,"0","1","0","1","0","1"
"0",0.957746478873239,"1","0","1",0.352238805970149,"0","1","0","1","0","0"
"0",0.788732394366197,"1","0","0",0.0248756218905473,"0","0","0","0","1","0"
"0",0.690140845070423,"1","0","1",0.84726368159204,"0","1","1","1","0","0"
"0",0.380281690140845,"0","0","0",0.323880597014925,"0","1","0","1","0","0"
"0",0.211267605633803,"1","0","1",0.317412935323383,"1","1","0","0","0","1"
"0",0.338028169014085,"1","0","1",0.604477611940298,"0","1","0","0","0","0"
"1",0.028169014084507,"1","0","1",0.560696517412935,"0","1","1","0","0","0"
"0",0.845070422535211,"1","1","1",0.778606965174129,"0","1","1","1","0","0"
"0",0.0140845070422535,"1","0","0",0.018407960199005,"0","0","0","0","0","0"
"0",0.704225352112676,"1","0","0",0.0114427860696517,"0","0","0","1","0","0"
"0",0.985915492957746,"1","0","0",0.590049751243781,"0","1","0","0","1","0"
"0",0.267605633802817,"1","0","0",0.017910447761194,"0","0","0","0","0","0"
"0",0.0704225352112676,"1","0","0",0.0159203980099503,"0","0","0","0","0","0"
"0",0.0704225352112676,"1","0","0",0.0194029850746269,"0","0","0","0","0","0"
"0",0.394366197183099,"1","1","0",0.48955223880597,"0","1","0","0","0","0"
"0",0.492957746478873,"1","0","1",0.00298507462686568,"0","0","0","0","1","0"
"0",0.380281690140845,"0","0","1",0.114427860696517,"0","1","0","0","0","0"
"0",0.0845070422535211,"1","1","1",0.67910447761194,"1","1","1","0","0","1"
"0",0.873239436619718,"1","1","0",0.0592039800995025,"0","0","0","0","1","0"
"0",0.661971830985915,"1","1","0",0.0527363184079602,"0","0","0","0","1","0"
"0",0.676056338028169,"1","0","0",0.0218905472636816,"0","0","0","1","0","0"
"1",0.366197183098592,"1","1","1",0.628855721393035,"1","1","1","0","0","1"
"0",1,"1","1","0",0.73681592039801,"0","1","0","0","1","0"
"0",0,"1","0","1",0.506467661691542,"1","0","1","0","0","1"
"0",1,"0","0","0",0.352238805970149,"0","1","0","0","1","0"
"0",0.647887323943662,"0","0","0",0.212935323383085,"0","1","0","1","0","0"
"0",0,"1","0","1",0.362189054726368,"0","1","0","0","0","1"
"0",0.492957746478873,"1","1","1",0.861194029850746,"0","1","1","1","0","0"
"0",0.591549295774648,"0","0","0",0.109950248756219,"0","1","0","0","0","0"
"1",0.366197183098592,"1","1","0",0.65273631840796,"0","1","0","0","0","1"
"0",0.112676056338028,"1","0","1",0.609950248756219,"1","1","1","0","0","1"
"0",0.52112676056338,"1","1","1",0.849751243781095,"0","1","1","0","0","1"
"1",0.47887323943662,"1","1","1",0.803980099502487,"0","1","1","0","0","1"
"0",0.816901408450704,"1","0","1",0.813930348258706,"0","1","1","0","1","0"
"0",0.366197183098592,"1","0","0",0.0208955223880597,"0","0","0","0","1","0"
"1",0.0140845070422535,"1","0","0",0.255721393034826,"0","0","0","0","0","1"
"0",0.0845070422535211,"1","1","0",0.0522388059701493,"0","0","0","0","0","0"
"0",0.492957746478873,"1","1","1",0.521890547263682,"0","1","0","1","0","0"
"0",0.563380281690141,"1","1","1",0.756716417910448,"0","1","1","0","0","0"
"0",0.169014084507042,"0","0","0",0.108457711442786,"0","1","0","0","0","1"
"0",0.253521126760563,"1","0","0",0.0258706467661692,"0","0","0","0","1","0"
"0",0.830985915492958,"0","0","0",0.193532338308458,"0","1","0","0","1","0"
"0",0.661971830985915,"1","0","1",0.76865671641791,"1","1","1","0","1","0"
"1",0.028169014084507,"1","1","0",0.724378109452736,"1","1","1","0","0","1"
"0",0.957746478873239,"1","1","1",0.738308457711443,"0","1","1","0","1","0"
"0",0.591549295774648,"0","0","0",0.25771144278607,"0","1","0","1","0","1"
"0",0.140845070422535,"0","0","1",0.177114427860696,"0","1","0","1","0","0"
"0",0.619718309859155,"1","0","1",0.318407960199005,"0","1","0","0","0","0"
"0",1,"1","1","1",0.91044776119403,"0","1","1","0","1","0"
"1",0.0140845070422535,"1","1","0",0.606467661691542,"1","1","1","0","0","1"
"0",0.154929577464789,"1","0","0",0.0203980099502488,"0","0","0","0","1","0"
"0",0.929577464788732,"1","1","1",0.936318407960199,"0","1","1","1","0","0"
"0",0.507042253521127,"1","1","0",0.756716417910448,"0","1","1","0","1","0"
"0",0.535211267605634,"0","0","0",0.227860696517413,"0","1","0","1","0","0"
"0",0.563380281690141,"1","1","1",0.561194029850746,"0","1","0","0","0","0"
"0",0.338028169014085,"0","0","1",0.298507462686567,"0","1","0","0","0","1"
"0",0.0985915492957746,"1","1","1",0.576119402985075,"0","1","0","0","1","0"
"0",0.985915492957746,"1","1","0",0.525870646766169,"0","1","0","0","1","0"
"0",0.0563380281690141,"1","1","0",0.77910447761194,"0","1","1","0","0","1"
"0",0.408450704225352,"1","1","1",0.607462686567164,"0","1","0","1","0","0"
"0",0.549295774647887,"1","0","1",0.709950248756219,"0","1","1","1","0","0"
"0",0.746478873239437,"1","0","1",0.0223880597014925,"0","0","0","0","1","0"
"0",1,"1","1","1",0.876119402985075,"0","1","1","0","1","0"
"0",0.380281690140845,"1","0","0",0.816915422885572,"0","1","1","1","0","0"
"0",0.23943661971831,"1","0","1",0.670149253731343,"0","1","1","0","0","1"
"0",0.0140845070422535,"0","0","1",0.26865671641791,"1","1","0","0","0","1"
"0",0.816901408450704,"1","1","1",0.874626865671642,"0","1","1","1","0","1"
"0",0.295774647887324,"1","0","1",0.326865671641791,"0","1","0","0","0","1"
"0",0,"1","0","0",0.0164179104477612,"0","0","0","0","0","0"
"1",1,"1","1","1",0.0741293532338308,"0","0","0","0","1","0"
"1",0.183098591549296,"1","1","1",0.55771144278607,"1","0","1","0","0","1"
"0",0.690140845070423,"1","1","0",0.807462686567164,"0","1","1","1","0","1"
"0",0.661971830985915,"1","0","0",0.511940298507463,"0","1","0","1","0","0"
"0",0.676056338028169,"1","1","1",0.797014925373134,"0","1","1","0","0","1"
"0",0.380281690140845,"1","0","0",0.66865671641791,"0","1","1","0","0","1"
"1",0.943661971830986,"1","1","1",0.772636815920398,"0","1","1","0","0","1"
"0",0.169014084507042,"1","1","0",0.82089552238806,"0","1","1","0","0","1"
"0",0.140845070422535,"1","1","1",0.705970149253731,"0","1","1","0","0","1"
"0",0.028169014084507,"1","1","1",0.555721393034826,"1","0","1","0","0","0"
"1",0.788732394366197,"1","1","0",0.819402985074627,"1","1","1","0","0","1"
"0",0.028169014084507,"1","1","0",0.564676616915423,"1","0","1","0","0","0"
"0",1,"1","1","0",0.0746268656716418,"0","0","0","0","1","0"
"0",0.971830985915493,"1","1","1",0.655223880597015,"0","1","0","0","1","1"
"0",0.676056338028169,"1","1","0",0.607462686567164,"0","1","0","0","1","0"
"1",0.929577464788732,"1","1","1",0.883582089552239,"0","1","1","1","0","0"
"0",0.633802816901408,"1","0","0",0.017910447761194,"0","0","0","0","1","0"
"1",0.887323943661972,"1","0","1",0.516915422885572,"1","1","0","0","1","0"
"0",0.507042253521127,"1","0","0",0.0124378109452736,"0","0","0","0","0","0"
"1",0.0140845070422535,"1","0","0",0.522388059701492,"1","0","1","0","0","1"
"1",0.169014084507042,"0","0","0",0.269154228855721,"0","1","0","0","0","1"
"0",1,"1","1","0",0.964179104477612,"0","1","1","0","1","1"
"0",0.943661971830986,"1","0","1",0.544278606965174,"0","1","0","0","1","0"
"0",0.197183098591549,"1","0","0",0.0139303482587065,"0","0","0","1","0","0"
"0",0.323943661971831,"1","0","1",0.0129353233830846,"0","0","0","0","1","0"
"0",0.323943661971831,"1","1","1",0.709452736318408,"0","1","1","0","0","1"
"0",0.366197183098592,"1","0","0",0.319402985074627,"0","1","0","0","0","0"
"0",0.154929577464789,"1","0","0",0.318407960199005,"1","1","0","0","0","0"
"0",0.985915492957746,"1","0","0",0.686567164179104,"0","1","0","0","1","0"
"0",0.929577464788732,"1","0","1",0.0253731343283582,"0","0","0","0","1","0"
"0",0.873239436619718,"1","1","1",0.90547263681592,"0","1","1","0","1","0"
"0",0,"1","0","0",0.0208955223880597,"0","0","0","0","0","0"
"0",0.0422535211267606,"1","0","1",0.374626865671642,"0","1","0","0","0","1"
"1",0.549295774647887,"1","0","1",0.606467661691542,"1","1","1","0","0","0"
"0",0.154929577464789,"1","0","1",0.77363184079602,"1","1","1","0","0","1"
"0",0.71830985915493,"1","0","0",0.606467661691542,"0","1","0","0","1","1"
"0",0.126760563380282,"1","1","1",0.0572139303482587,"0","0","0","0","0","1"
"0",0.943661971830986,"1","1","0",0.826865671641791,"0","1","1","1","0","0"
"0",0.746478873239437,"1","1","1",0.814427860696517,"1","1","1","0","0","1"
"0",0.0422535211267606,"1","0","0",0.380597014925373,"1","1","0","0","0","0"
"0",0.71830985915493,"0","0","0",0.171144278606965,"0","1","0","1","0","0"
"1",0,"1","0","1",0.664179104477612,"1","1","1","0","0","1"
"0",0.971830985915493,"1","1","0",0.608457711442786,"0","1","0","1","0","0"
"0",0.591549295774648,"0","0","1",0.16865671641791,"0","1","0","1","0","0"
"0",0.71830985915493,"1","0","0",0.0139303482587065,"0","0","0","0","1","0"
"0",0.154929577464789,"0","0","0",0.314427860696517,"0","1","0","0","1","0"
"0",0.774647887323944,"1","1","0",0.502487562189055,"0","1","0","1","0","0"
"0",0.577464788732394,"1","1","0",0.613432835820896,"0","1","1","0","0","1"
"1",0.295774647887324,"1","0","1",0.711442786069652,"0","1","1","0","0","0"
"0",0.704225352112676,"0","0","0",0.408457711442786,"1","1","0","1","0","1"
"0",0.366197183098592,"1","0","1",0.0114427860696517,"0","0","0","0","0","0"
"1",0.704225352112676,"1","1","1",0.750248756218906,"0","1","1","1","0","0"
"0",0.0422535211267606,"1","0","1",0.309950248756219,"1","1","0","0","0","1"
"0",0,"1","0","1",0.0164179104477612,"0","0","0","0","0","0"
"0",0.47887323943662,"1","0","0",0.365671641791045,"1","1","0","0","0","0"
"1",0.985915492957746,"1","1","1",0.543781094527363,"0","1","0","1","0","0"
"0",0,"1","0","1",0.506965174129353,"1","0","1","0","0","1"
"0",0.957746478873239,"1","1","1",0.073134328358209,"0","0","0","0","1","0"
"0",0.183098591549296,"1","0","0",0.0149253731343284,"0","0","0","1","0","0"
"0",0.788732394366197,"1","0","0",0.372636815920398,"0","1","0","0","0","1"
"0",1,"1","1","0",0.987562189054726,"0","1","1","0","1","0"
"0",0.661971830985915,"1","0","0",0.0159203980099503,"0","0","0","0","1","0"
"0",0.0422535211267606,"1","0","1",0.603482587064677,"0","1","1","0","0","0"
"0",0.422535211267606,"1","0","1",0.0238805970149254,"0","0","0","0","0","1"
"0",0.52112676056338,"1","0","1",0.438308457711443,"1","1","0","1","0","0"
"1",0.507042253521127,"1","1","1",0.738805970149254,"1","1","1","0","0","1"
"0",0,"1","0","0",0.0139303482587065,"0","0","0","0","0","0"
"1",0.788732394366197,"1","1","1",0.611940298507463,"0","1","0","0","1","0"
"1",0.859154929577465,"1","0","1",0.613930348258707,"0","1","0","0","1","0"
"0",0.028169014084507,"0","0","1",0.11592039800995,"0","1","0","0","0","1"
"0",1,"1","0","1",0.0149253731343284,"0","0","0","0","1","0"
"0",0.394366197183099,"0","0","1",0.266169154228856,"0","1","0","0","0","0"
"0",0.169014084507042,"1","0","0",0.264179104477612,"0","0","0","0","0","0"
"0",0.028169014084507,"1","0","0",0.511442786069652,"1","0","1","0","0","1"
"0",0.140845070422535,"1","0","0",0.326865671641791,"0","1","0","0","0","1"
"0",0.28169014084507,"0","0","0",0.34726368159204,"0","1","0","0","1","0"
"0",0.253521126760563,"1","1","0",0.0641791044776119,"0","0","0","0","0","0"
"0",0.845070422535211,"1","1","1",0.928855721393035,"1","1","1","0","1","0"
"0",0.140845070422535,"1","0","0",0.301492537313433,"1","1","0","0","0","0"
"0",0.47887323943662,"1","1","1",0.912437810945274,"0","1","1","0","0","1"
"0",0.338028169014085,"1","0","0",0.0253731343283582,"0","0","0","0","0","0"
"0",0,"1","0","1",0.0194029850746269,"1","0","0","0","0","0"
"0",0.929577464788732,"1","1","1",0.073134328358209,"0","0","0","0","1","0"
"0",0.253521126760563,"0","0","1",0.212935323383085,"1","1","0","0","0","1"
"0",0.774647887323944,"1","1","0",0.0661691542288557,"1","0","0","1","0","1"
"0",1,"1","1","1",0.897014925373134,"0","1","1","0","1","0"
"0",0.591549295774648,"1","0","0",0.0129353233830846,"0","0","0","0","1","0"
"0",0.76056338028169,"1","1","1",0.665174129353234,"0","1","1","0","0","1"
"0",0.0140845070422535,"1","1","0",0.382587064676617,"1","1","0","0","0","0"
"0",0.366197183098592,"1","0","1",0.50547263681592,"0","0","1","0","0","0"
"0",0.169014084507042,"1","0","1",0.516417910447761,"0","0","1","0","0","0"
"0",0.971830985915493,"1","1","1",0.924378109452736,"0","1","1","0","1","0"
"0",0.183098591549296,"1","0","0",0.872636815920398,"1","1","1","1","0","0"
"0",0.253521126760563,"1","1","1",0.707462686567164,"0","1","1","1","0","0"
"0",0.267605633802817,"1","1","1",0.704975124378109,"0","1","1","0","0","0"
"0",0.591549295774648,"1","1","1",0.72636815920398,"0","1","1","1","0","0"
"0",0.0563380281690141,"1","0","1",0.717412935323383,"0","1","1","0","0","0"
"1",0.971830985915493,"1","1","1",0.86865671641791,"0","1","1","1","0","0"
"0",0.549295774647887,"1","0","0",0.00845771144278608,"0","0","0","0","1","0"
"0",0.0704225352112676,"1","0","1",0.0213930348258706,"0","0","0","0","1","0"
"0",0.535211267605634,"1","0","1",0.817910447761194,"0","1","1","0","1","1"
"1",0.0422535211267606,"1","1","0",0.564179104477612,"1","0","1","0","0","1"
"0",0.197183098591549,"0","0","1",0.113930348258706,"1","1","0","0","0","1"
"0",0,"0","0","1",0.319402985074627,"1","1","0","0","0","1"
"1",0.619718309859155,"1","0","1",0.671144278606965,"0","1","1","0","0","0"
"0",0.887323943661972,"0","0","0",0.29452736318408,"1","1","0","0","1","1"
"1",0.788732394366197,"1","1","0",0.753731343283582,"0","1","1","0","0","0"
"0",1,"1","1","0",0.513432835820895,"0","1","0","0","1","0"
"0",0,"1","0","1",0.517910447761194,"1","0","1","0","0","1"
"0",1,"1","1","0",0.0756218905472637,"0","0","0","0","1","0"
"0",0.028169014084507,"1","0","0",0.525870646766169,"0","1","0","0","1","0"
"1",0.76056338028169,"1","1","1",0.801492537313433,"1","1","1","0","0","1"
"0",0.816901408450704,"1","1","0",0.74726368159204,"0","1","1","0","0","1"
"0",0.23943661971831,"1","1","1",0.811940298507463,"1","1","1","0","0","0"
"1",0.436619718309859,"1","0","1",0.617412935323383,"1","1","1","0","0","0"
"0",0.0422535211267606,"1","0","1",0.321393034825871,"0","1","0","0","0","0"
"1",0.915492957746479,"1","1","1",0.618905472636816,"1","1","1","0","0","0"
"0",0.366197183098592,"1","1","1",0.627363184079602,"0","1","1","0","0","1"
"0",0.0422535211267606,"1","0","1",0.0243781094527363,"0","0","0","0","0","0"
"0",0.830985915492958,"1","0","1",0.604975124378109,"0","1","0","0","0","0"
"0",0.0985915492957746,"1","0","0",0.00796019900497513,"0","0","0","0","1","0"
"0",0.0985915492957746,"1","0","0",0.0134328358208955,"0","0","0","0","1","0"
"0",0.47887323943662,"1","0","1",0.0194029850746269,"0","0","0","0","1","0"
"0",0.0845070422535211,"1","1","1",0.682089552238806,"1","1","1","0","0","1"
"0",0.732394366197183,"1","0","0",0.0263681592039801,"0","0","0","0","1","0"
"1",0.23943661971831,"1","1","1",0.849253731343284,"0","1","1","0","0","0"
"0",0.197183098591549,"0","0","1",0.204477611940298,"0","1","0","0","1","0"
"0",0.929577464788732,"1","1","1",0.698009950248756,"0","1","1","1","0","0"
"1",0.0704225352112676,"1","0","1",0.656218905472637,"1","1","1","0","0","1"
"1",0.0704225352112676,"1","0","1",0.611442786069652,"0","1","1","0","0","1"
"0",0.169014084507042,"1","1","1",0.803482587064677,"1","1","1","0","0","0"
"0",0.140845070422535,"1","1","1",0.82089552238806,"1","1","1","0","0","1"
"0",0,"1","0","1",0.0104477611940299,"0","0","0","0","0","0"
"0",0.0563380281690141,"1","0","1",0.373134328358209,"0","1","0","0","0","0"
"0",0.169014084507042,"1","0","1",0.0169154228855721,"0","0","0","1","0","0"
"0",0.112676056338028,"1","1","0",0.73134328358209,"1","1","1","0","0","0"
"0",0.394366197183099,"1","0","0",0.71044776119403,"0","1","1","0","0","0"
"1",0,"1","0","1",0.274626865671642,"0","0","0","0","0","0"
"0",0,"1","1","1",0.609950248756219,"1","1","1","0","0","0"
"0",0.23943661971831,"1","0","0",0.375124378109453,"0","1","0","0","0","0"
"0",0.0140845070422535,"1","0","0",0.504975124378109,"0","1","0","0","0","0"
"0",0.408450704225352,"1","1","1",0.649751243781095,"0","1","1","0","0","0"
"0",0.915492957746479,"1","1","0",0.472139303482587,"0","1","0","0","1","0"
"0",0.52112676056338,"1","1","1",0.762686567164179,"0","1","1","0","1","0"
"0",0.605633802816901,"1","0","1",0.434328358208955,"0","1","0","0","0","0"
"0",0.746478873239437,"1","1","0",0.923880597014925,"1","1","1","0","0","1"
"0",0.0140845070422535,"1","0","0",0.0174129353233831,"0","0","0","0","0","0"
"0",0.577464788732394,"1","0","1",0.492039800995025,"0","1","0","1","0","0"
"0",0.802816901408451,"1","1","0",0.0686567164179104,"0","0","0","0","1","0"
"0",0.802816901408451,"1","0","1",0.74228855721393,"0","1","1","0","0","1"
"0",0.338028169014085,"1","1","1",0.704975124378109,"1","1","1","0","0","1"
"0",0.985915492957746,"1","1","0",0.925870646766169,"0","1","1","0","1","0"
"0",0.507042253521127,"1","1","1",0.832338308457712,"1","1","1","0","0","0"
"0",0.183098591549296,"1","1","1",0.730348258706468,"1","1","1","0","0","1"
"1",0.0422535211267606,"1","1","1",0.702487562189055,"1","1","1","0","0","1"
"0",0.661971830985915,"1","1","1",0.421393034825871,"0","1","0","1","0","0"
"1",0.028169014084507,"0","0","0",0.0701492537313433,"1","0","0","0","0","1"
"0",0.0985915492957746,"1","0","0",0.470149253731343,"0","1","0","0","1","0"
"0",0,"1","1","1",0.7681592039801,"1","1","1","0","0","1"
"0",0.929577464788732,"1","0","0",0.0169154228855721,"0","0","0","0","1","0"
"0",0.169014084507042,"1","0","1",0.724875621890547,"1","1","1","0","0","1"
"0",0.619718309859155,"1","0","1",0.357213930348259,"1","1","0","1","0","0"
"0",0.676056338028169,"1","1","1",0.560696517412935,"0","0","1","0","0","0"
"0",0.71830985915493,"1","1","0",0.759701492537313,"0","1","1","0","0","0"
"0",0.873239436619718,"1","0","1",0.625870646766169,"0","1","1","1","0","0"
"0",0.943661971830986,"1","1","1",0.704477611940298,"0","1","0","0","1","0"
"0",0.422535211267606,"1","0","1",0.307960199004975,"0","1","0","0","0","0"
"0",0.887323943661972,"1","0","0",0.0119402985074627,"0","0","0","0","1","0"
"0",0.859154929577465,"1","0","1",0.856218905472637,"0","1","1","1","0","1"
"0",0,"1","0","0",0.511940298507463,"1","0","1","0","0","0"
"0",0.0704225352112676,"1","0","1",0.708955223880597,"1","1","1","0","0","1"
"0",0.28169014084507,"1","0","1",0.674626865671642,"0","1","1","0","0","1"
"0",1,"1","1","0",0.0691542288557214,"0","0","0","0","1","0"
"0",0.436619718309859,"0","0","1",0.168159203980099,"0","1","0","0","0","1"
"1",0.985915492957746,"1","1","1",0.809950248756219,"0","1","1","1","0","0"
"0",0.464788732394366,"1","0","1",0.866666666666667,"0","1","1","0","0","0"
"0",0.028169014084507,"0","0","1",0.168159203980099,"1","1","0","0","0","1"
"0",0.154929577464789,"1","1","1",0.552238805970149,"1","0","1","0","0","0"
"1",0.0985915492957746,"1","1","0",0.826865671641791,"1","1","1","0","0","1"
"0",0.47887323943662,"1","1","0",0.0601990049751244,"0","0","0","0","1","0"
"0",0.028169014084507,"1","0","1",0.621393034825871,"0","1","1","0","0","1"
"0",0.028169014084507,"1","0","1",0.712437810945274,"0","1","1","0","0","0"
"0",0.732394366197183,"1","0","1",0.42636815920398,"0","1","0","1","0","1"
"0",0.0422535211267606,"0","0","1",0.107462686567164,"0","1","0","0","0","1"
"0",0.661971830985915,"1","0","1",0.81044776119403,"0","1","1","1","0","0"
"0",0.0704225352112676,"1","0","0",0.374626865671642,"1","1","0","0","0","0"
"1",0.028169014084507,"1","1","1",0.872139303482587,"1","1","1","0","0","1"
"0",0.746478873239437,"0","0","0",0.276119402985075,"0","1","0","0","1","0"
"0",0,"1","0","0",0.255721393034826,"1","0","0","0","0","0"
"0",0.859154929577465,"1","0","1",0.618407960199005,"0","1","0","0","0","0"
"0",0.295774647887324,"1","0","1",0.813930348258706,"0","1","1","1","0","0"
"0",0,"1","0","1",0.267164179104478,"1","0","0","0","0","0"
"1",0.704225352112676,"1","0","1",0.753731343283582,"0","1","1","1","0","0"
"0",0.408450704225352,"1","1","1",0.504477611940298,"0","1","0","1","0","0"
"1",0.774647887323944,"1","1","1",0.499502487562189,"0","1","0","1","0","0"
"0",0.47887323943662,"1","1","1",0.504975124378109,"0","1","0","1","0","1"
"1",0.887323943661972,"0","0","1",0.254726368159204,"0","1","0","0","0","1"
"0",0.408450704225352,"0","0","1",0.261194029850746,"0","1","0","0","0","1"
"0",0.338028169014085,"1","0","1",0.0044776119402985,"0","0","0","0","1","0"
"0",0.563380281690141,"1","0","0",0.517412935323383,"1","0","1","0","0","0"
"0",0.112676056338028,"1","0","0",0.369154228855721,"1","1","0","0","0","1"
"0",0,"1","0","1",0.351243781094527,"0","1","0","0","0","0"
"0",0.971830985915493,"1","1","1",0.958706467661691,"0","1","1","0","1","1"
"0",0.788732394366197,"1","0","1",0.018407960199005,"0","0","0","0","1","0"
"0",0.112676056338028,"1","1","1",0.669154228855721,"0","1","1","0","0","1"
"0",0.957746478873239,"1","1","1",0.900497512437811,"0","1","1","1","0","0"
"1",0.591549295774648,"1","1","1",0.843283582089552,"1","1","1","0","0","1"
"0",1,"1","1","1",0.792039800995025,"0","1","1","0","1","1"
"0",0.605633802816901,"1","0","0",0.0129353233830846,"0","0","0","0","1","0"
"0",1,"1","1","1",0.654726368159204,"0","1","1","0","1","0"
"0",0.450704225352113,"1","0","1",0.850746268656716,"1","1","1","1","0","1"
"0",0.746478873239437,"1","1","0",0.707960199004975,"0","1","1","0","0","0"
"0",0.366197183098592,"1","0","0",0.0144278606965174,"0","0","0","0","1","0"
"0",0.746478873239437,"1","1","1",0.612935323383085,"0","1","1","0","0","0"
"0",0.028169014084507,"1","0","0",0.559203980099503,"0","1","1","0","0","0"
"0",0.732394366197183,"1","1","0",0.555721393034826,"0","1","0","1","0","0"
"0",0,"1","0","1",0.508457711442786,"1","0","1","0","0","1"
"0",0.197183098591549,"1","0","0",0.00547263681592041,"0","0","0","1","0","0"
"0",0.774647887323944,"1","0","1",0.553233830845771,"1","1","1","0","0","1"
"0",0.0563380281690141,"1","1","0",0.459203980099503,"0","1","0","0","0","0"
"0",0.661971830985915,"1","0","1",0.37363184079602,"0","1","0","1","0","0"
"0",0.338028169014085,"1","0","0",0.017910447761194,"0","0","0","0","0","0"
"0",0.028169014084507,"1","1","1",0.566169154228856,"1","0","1","0","0","0"
"0",0.802816901408451,"1","0","0",0.804975124378109,"0","1","1","1","0","0"
"0",0.126760563380282,"1","0","1",0.383084577114428,"0","1","0","0","0","0"
"0",0,"1","0","1",0.510945273631841,"1","0","1","0","0","1"
"0",0.985915492957746,"1","1","1",0.854726368159204,"0","1","1","0","1","0"
"0",0.901408450704225,"1","1","1",0.92089552238806,"0","1","1","0","1","0"
"0",0.0563380281690141,"1","1","1",0.61592039800995,"1","1","1","0","0","1"
"0",0.380281690140845,"0","0","1",0.174129353233831,"0","1","0","0","0","0"
"0",0.929577464788732,"1","1","1",0.513930348258707,"0","1","0","0","1","0"
"0",0.47887323943662,"1","0","1",0.705970149253731,"0","1","1","1","0","1"
"0",1,"0","0","0",0.372139303482587,"0","1","0","0","1","0"
"0",0.845070422535211,"0","0","1",0.322885572139304,"0","1","0","1","0","0"
"1",0.943661971830986,"1","0","1",0.0174129353233831,"0","0","0","0","1","0"
"0",0,"0","0","0",0.121890547263682,"1","1","0","0","0","0"
"0",0.028169014084507,"1","0","1",0.00845771144278608,"0","0","0","0","0","0"
"0",0.971830985915493,"1","1","0",0.796517412935323,"1","1","1","0","1","0"
"0",0.661971830985915,"0","0","0",0.271641791044776,"0","1","0","0","0","0"
"0",0.943661971830986,"1","1","1",0.823880597014925,"0","1","1","1","0","0"
"0",0.647887323943662,"1","0","1",0.850248756218905,"0","1","1","1","0","1"
"0",0.436619718309859,"0","0","1",0.17910447761194,"0","1","0","1","0","0"
"0",0.0563380281690141,"1","0","1",0.309950248756219,"0","1","0","0","0","0"
"0",0.676056338028169,"1","0","1",0.0164179104477612,"0","0","0","0","1","0"
"0",0.661971830985915,"1","1","1",0.887064676616915,"1","1","1","0","0","0"
"1",0.169014084507042,"1","1","1",0.634328358208955,"1","1","1","0","0","1"
"0",0.197183098591549,"1","0","1",0.0154228855721393,"0","0","0","0","0","0"
"0",0.154929577464789,"1","0","1",0.266666666666667,"0","0","0","0","0","1"
"1",0.929577464788732,"1","1","1",0.460696517412935,"0","1","0","0","1","0"
"0",0.112676056338028,"1","0","0",0.676616915422886,"0","1","1","0","0","1"
"0",0.169014084507042,"1","0","1",0.0149253731343284,"0","0","0","0","1","0"
"0",0.52112676056338,"1","0","1",0.704975124378109,"0","1","1","1","0","0"
"1",0.577464788732394,"1","1","1",0.769154228855721,"0","1","1","0","0","1"
"0",0.323943661971831,"1","1","1",0.56865671641791,"1","0","1","0","0","0"
"1",0.366197183098592,"1","0","1",0.825870646766169,"1","1","1","0","0","1"
"0",0.112676056338028,"1","1","1",0.839303482587065,"0","1","1","0","0","0"
"0",0.676056338028169,"0","0","1",0.378606965174129,"0","1","0","1","0","0"
"1",0.845070422535211,"1","1","1",0.755721393034826,"0","1","1","0","0","0"
"0",0.690140845070423,"0","0","1",0.246766169154229,"0","1","0","1","0","0"
"1",0.338028169014085,"1","1","1",0.708955223880597,"1","1","1","0","0","1"
"1",0.295774647887324,"1","1","1",0.558706467661692,"1","0","1","0","0","0"
"0",0,"1","0","0",0.0223880597014925,"1","0","0","0","0","0"
"0",0.0422535211267606,"1","1","1",0.558208955223881,"1","0","1","0","0","1"
"1",0.23943661971831,"1","1","0",0.810945273631841,"1","1","1","0","0","0"
"1",0.774647887323944,"1","1","1",0.932338308457711,"1","1","1","1","0","1"
"1",0.732394366197183,"1","0","1",0.753731343283582,"0","1","1","1","0","1"
"0",0.704225352112676,"1","1","1",0.801990049751244,"0","1","1","1","0","1"
"0",0.323943661971831,"1","1","0",0.458706467661691,"0","1","0","0","1","1"
"0",0.859154929577465,"1","0","1",0.534825870646766,"0","1","0","0","1","0"
"0",0.323943661971831,"1","0","1",0.312935323383085,"0","1","0","0","0","0"
"0",0.971830985915493,"1","1","0",0.621393034825871,"0","1","0","0","1","1"
"0",0,"0","0","0",0.0592039800995025,"0","0","0","0","0","0"
"1",0.211267605633803,"0","0","1",0.206467661691542,"1","1","0","0","0","0"
"0",0.0985915492957746,"1","0","1",0.469651741293532,"0","1","0","0","0","1"
"0",1,"1","0","1",0.558208955223881,"0","1","0","0","1","1"
"0",0.309859154929577,"1","0","0",0.646268656716418,"0","1","1","0","0","0"
"0",0.422535211267606,"0","0","0",0.0671641791044776,"0","0","0","0","0","0"
"0",0.507042253521127,"0","0","1",0.218407960199005,"0","1","0","1","0","1"
"0",0.408450704225352,"1","1","1",0.754726368159204,"1","1","1","0","0","0"
"1",0.47887323943662,"1","1","1",0.896517412935323,"0","1","1","1","0","1"
"0",0.309859154929577,"1","1","1",0.509950248756219,"0","1","0","0","0","0"
"0",0.267605633802817,"1","1","0",0.574626865671642,"0","1","0","1","0","0"
"0",0.492957746478873,"1","0","1",0.749751243781094,"0","1","1","0","0","1"
"0",0.0985915492957746,"1","1","0",0.770149253731343,"1","1","1","0","0","0"
"0",0.985915492957746,"1","1","0",0.818905472636816,"0","1","1","1","0","0"
"1",0.690140845070423,"1","1","1",0.69452736318408,"1","1","1","0","0","1"
"0",0.591549295774648,"1","1","1",0.0616915422885572,"0","0","0","1","0","0"
"0",0.788732394366197,"1","1","0",0.709452736318408,"0","1","0","0","1","0"
"0",0.563380281690141,"1","0","1",0.480099502487562,"1","1","0","1","0","0"
"0",0.366197183098592,"1","0","1",0.575621890547264,"0","1","1","0","0","1"
"0",0.169014084507042,"1","0","1",0.619402985074627,"0","1","1","0","0","1"
"0",0.028169014084507,"0","0","1",0.171144278606965,"1","1","0","0","0","0"
"0",0.929577464788732,"1","0","0",0.0228855721393035,"0","0","0","1","0","1"
"0",0.028169014084507,"1","0","1",0.314925373134328,"1","1","0","0","0","0"
"0",0.887323943661972,"1","1","1",0.867164179104478,"0","1","1","0","1","0"
"0",0.352112676056338,"0","0","0",0.174129353233831,"0","1","0","0","0","1"
"0",0.52112676056338,"1","1","1",0.764676616915423,"0","1","1","0","0","0"
"0",0.309859154929577,"1","0","0",0.0104477611940299,"0","0","0","1","0","0"
"0",0.549295774647887,"1","1","1",0.858208955223881,"1","1","1","0","0","0"
"1",1,"0","0","1",0.446268656716418,"0","1","0","0","1","0"
"1",0.028169014084507,"1","1","1",0.565174129353234,"1","0","1","0","0","0"
"0",0.309859154929577,"1","1","1",0.624378109452736,"1","1","1","0","0","1"
"1",0,"1","1","1",0.559203980099503,"1","0","1","0","0","1"
"0",0.0422535211267606,"1","0","1",0.419402985074627,"1","1","0","0","0","0"
"0",0.859154929577465,"1","1","1",0.663681592039801,"0","1","0","0","1","1"
"0",0.549295774647887,"1","1","1",0.747761194029851,"0","1","1","0","0","0"
"0",0.563380281690141,"1","1","1",0.705970149253731,"0","1","1","0","0","1"
"1",0.464788732394366,"1","0","1",0.666169154228856,"0","1","1","0","0","0"
"0",0,"1","0","0",0.315422885572139,"0","1","0","0","0","1"
"0",0.704225352112676,"1","0","0",0.0238805970149254,"0","0","0","0","1","0"
"0",0,"1","0","1",0.521393034825871,"1","0","1","0","0","0"
"0",0.535211267605634,"1","0","0",0.0189054726368159,"0","0","0","0","1","0"
"0",0.154929577464789,"1","0","1",0.00945273631840795,"0","0","0","0","0","1"
"0",0.154929577464789,"1","0","1",0.413432835820896,"1","1","0","1","0","1"
"0",1,"1","1","1",0.862686567164179,"0","1","1","1","0","1"
"1",0.873239436619718,"1","1","1",0.848258706467662,"0","1","1","0","0","1"
"0",0.605633802816901,"1","1","1",0.662189054726368,"0","1","1","0","0","0"
"0",0.23943661971831,"1","1","1",0.764179104477612,"0","1","1","0","0","0"
"0",0.112676056338028,"1","0","1",0.258208955223881,"1","0","0","0","0","0"
"0",0.169014084507042,"1","0","0",0.548258706467662,"0","1","0","0","0","0"
"0",0.943661971830986,"1","0","0",0.456218905472637,"0","1","0","0","1","0"
"1",0.0704225352112676,"0","0","1",0.260199004975124,"0","1","0","0","0","1"
"0",0.0140845070422535,"1","0","1",0.017910447761194,"0","0","0","0","0","0"
"1",0.76056338028169,"1","1","0",0.415422885572139,"0","1","0","1","0","0"
"1",0,"1","1","1",0.572139303482587,"1","0","1","0","0","1"
"0",0.52112676056338,"1","0","1",0.509950248756219,"0","0","1","0","0","0"
"0",0.929577464788732,"1","1","1",0.842786069651741,"1","1","1","0","0","0"
"0",0.253521126760563,"1","0","1",0.601492537313433,"0","1","1","0","0","0"
"0",0.154929577464789,"0","0","0",0.421890547263682,"0","1","0","1","0","1"
"0",1,"1","0","1",0.0288557213930348,"0","0","0","0","1","0"
"0",0.323943661971831,"1","1","1",0.662189054726368,"0","1","0","1","0","0"
"0",1,"1","1","1",0.845273631840796,"0","1","1","1","0","0"
"0",0.140845070422535,"0","0","1",0.112935323383085,"0","1","0","0","0","1"
"1",0.0422535211267606,"1","1","1",0.558706467661692,"1","0","1","0","0","0"
"0",0.915492957746479,"1","0","1",0.869651741293532,"0","1","1","0","1","0"
