"Churn","SeniorCitizen","Dependents","tenure","MultipleLines","InternetService","PaperlessBilling","PaymentMethod","TotalCharges","Contrat_par_mois"
0,"No","No",1,"No_phone_service","DSL","Yes","Electronic check",29.85,"Yes"
0,"No","No",34,"No","DSL","No","Mailed check",1889.5,"No"
1,"No","No",2,"No","DSL","Yes","Mailed check",108.15,"Yes"
0,"No","No",45,"No_phone_service","DSL","No","Bank transfer (automatic)",1840.75,"No"
1,"No","No",2,"No","Fiber optic","Yes","Electronic check",151.65,"Yes"
1,"No","No",8,"Yes","Fiber optic","Yes","Electronic check",820.5,"Yes"
0,"No","Yes",22,"Yes","Fiber optic","Yes","Credit card (automatic)",1949.4,"Yes"
0,"No","No",10,"No_phone_service","DSL","No","Mailed check",301.9,"Yes"
1,"No","No",28,"Yes","Fiber optic","Yes","Electronic check",3046.05,"Yes"
0,"No","Yes",62,"No","DSL","No","Bank transfer (automatic)",3487.95,"No"
0,"No","Yes",13,"No","DSL","Yes","Mailed check",587.45,"Yes"
0,"No","No",58,"Yes","Fiber optic","No","Credit card (automatic)",5681.1,"No"
1,"No","No",49,"Yes","Fiber optic","Yes","Bank transfer (automatic)",5036.3,"Yes"
0,"No","No",25,"No","Fiber optic","Yes","Electronic check",2686.05,"Yes"
0,"No","Yes",69,"Yes","Fiber optic","No","Credit card (automatic)",7895.15,"No"
0,"No","Yes",71,"Yes","Fiber optic","No","Bank transfer (automatic)",7382.25,"No"
1,"No","Yes",10,"No","DSL","No","Credit card (automatic)",528.35,"Yes"
0,"No","No",21,"No","Fiber optic","Yes","Electronic check",1862.9,"Yes"
1,"Yes","No",1,"No_phone_service","DSL","Yes","Electronic check",39.65,"Yes"
0,"No","No",58,"Yes","DSL","Yes","Credit card (automatic)",3505.1,"No"
0,"No","Yes",49,"No","DSL","No","Credit card (automatic)",2970.3,"Yes"
0,"No","No",30,"No","DSL","Yes","Bank transfer (automatic)",1530.6,"Yes"
1,"No","Yes",47,"Yes","Fiber optic","Yes","Electronic check",4749.15,"Yes"
1,"No","Yes",1,"No_phone_service","DSL","No","Electronic check",30.2,"Yes"
0,"No","No",72,"Yes","DSL","Yes","Credit card (automatic)",6369.45,"No"
1,"No","Yes",17,"No","DSL","Yes","Mailed check",1093.1,"Yes"
0,"Yes","No",71,"Yes","Fiber optic","Yes","Credit card (automatic)",6766.95,"No"
0,"Yes","No",2,"No","Fiber optic","Yes","Credit card (automatic)",181.65,"Yes"
0,"No","Yes",27,"No","DSL","No","Mailed check",1874.45,"No"
0,"Yes","No",1,"No","DSL","No","Bank transfer (automatic)",45.25,"Yes"
0,"No","Yes",72,"Yes","Fiber optic","No","Bank transfer (automatic)",7251.7,"No"
1,"No","No",5,"No","Fiber optic","Yes","Electronic check",316.9,"Yes"
0,"No","No",46,"No","Fiber optic","Yes","Credit card (automatic)",3548.3,"Yes"
1,"No","No",34,"Yes","Fiber optic","Yes","Electronic check",3549.25,"Yes"
1,"No","No",11,"Yes","Fiber optic","Yes","Bank transfer (automatic)",1105.4,"Yes"
0,"No","Yes",10,"No","DSL","No","Mailed check",475.7,"No"
0,"No","Yes",70,"Yes","DSL","Yes","Credit card (automatic)",4872.35,"No"
0,"No","No",63,"Yes","DSL","Yes","Credit card (automatic)",4861.45,"No"
0,"No","No",13,"Yes","DSL","Yes","Electronic check",981.45,"Yes"
0,"No","No",49,"Yes","Fiber optic","Yes","Electronic check",3906.7,"Yes"
0,"No","No",2,"No","DSL","No","Mailed check",97,"Yes"
1,"No","No",2,"No","Fiber optic","Yes","Electronic check",144.15,"Yes"
0,"No","No",52,"Yes","DSL","Yes","Credit card (automatic)",4217.8,"No"
0,"No","Yes",69,"Yes","DSL","Yes","Credit card (automatic)",4254.1,"No"
0,"Yes","No",43,"Yes","Fiber optic","Yes","Electronic check",3838.75,"Yes"
1,"No","No",15,"No","Fiber optic","Yes","Credit card (automatic)",1426.4,"Yes"
0,"Yes","No",25,"Yes","DSL","Yes","Credit card (automatic)",1752.65,"Yes"
1,"Yes","No",8,"Yes","Fiber optic","Yes","Credit card (automatic)",633.3,"Yes"
0,"Yes","Yes",60,"No","DSL","Yes","Credit card (automatic)",4456.35,"No"
1,"Yes","No",18,"Yes","Fiber optic","Yes","Electronic check",1752.55,"Yes"
0,"No","Yes",63,"Yes","Fiber optic","Yes","Credit card (automatic)",6311.2,"No"
0,"Yes","Yes",66,"Yes","Fiber optic","Yes","Electronic check",7076.35,"No"
0,"No","No",72,"Yes","Fiber optic","Yes","Credit card (automatic)",7853.7,"No"
0,"No","No",47,"Yes","Fiber optic","Yes","Electronic check",4707.1,"Yes"
0,"No","No",60,"Yes","Fiber optic","Yes","Bank transfer (automatic)",5450.7,"Yes"
0,"No","No",72,"No_phone_service","DSL","No","Bank transfer (automatic)",2962,"No"
0,"No","Yes",18,"No","DSL","Yes","Credit card (automatic)",957.1,"No"
1,"No","No",9,"Yes","Fiber optic","No","Electronic check",857.25,"Yes"
0,"No","No",3,"No","DSL","Yes","Electronic check",244.1,"Yes"
0,"No","No",47,"Yes","Fiber optic","Yes","Electronic check",3650.35,"No"
0,"No","No",31,"No","DSL","No","Mailed check",2497.2,"No"
0,"No","No",10,"No","Fiber optic","Yes","Mailed check",887.35,"Yes"
0,"No","No",1,"No","DSL","No","Mailed check",49.05,"Yes"
0,"Yes","Yes",64,"Yes","Fiber optic","Yes","Bank transfer (automatic)",7099,"No"
0,"No","Yes",3,"No","DSL","Yes","Bank transfer (automatic)",177.4,"Yes"
0,"Yes","No",56,"Yes","Fiber optic","No","Electronic check",6139.5,"No"
0,"No","No",46,"No","DSL","No","Credit card (automatic)",2688.85,"No"
0,"No","Yes",8,"No","DSL","No","Mailed check",482.25,"Yes"
0,"Yes","No",30,"No","DSL","Yes","Electronic check",2111.3,"Yes"
1,"No","Yes",1,"No","Fiber optic","Yes","Electronic check",79.35,"Yes"
0,"No","Yes",11,"No_phone_service","DSL","No","Electronic check",565.35,"Yes"
1,"No","No",7,"No","Fiber optic","Yes","Bank transfer (automatic)",496.9,"Yes"
0,"No","No",42,"No","Fiber optic","Yes","Bank transfer (automatic)",4327.5,"Yes"
0,"No","No",9,"Yes","Fiber optic","Yes","Credit card (automatic)",918.75,"Yes"
0,"No","No",35,"No","DSL","Yes","Bank transfer (automatic)",2215.45,"No"
0,"No","No",29,"No_phone_service","DSL","No","Mailed check",1009.25,"Yes"
0,"No","Yes",30,"No","Fiber optic","No","Bank transfer (automatic)",2570.2,"Yes"
0,"Yes","No",1,"No","Fiber optic","No","Electronic check",74.7,"Yes"
0,"No","Yes",66,"Yes","DSL","Yes","Mailed check",5714.25,"No"
0,"No","No",65,"Yes","Fiber optic","Yes","Credit card (automatic)",7107,"Yes"
0,"No","No",72,"Yes","Fiber optic","Yes","Bank transfer (automatic)",7459.05,"No"
1,"No","No",12,"Yes","Fiber optic","Yes","Electronic check",927.35,"Yes"
0,"No","Yes",71,"Yes","DSL","Yes","Credit card (automatic)",4748.7,"No"
1,"Yes","No",25,"No","Fiber optic","Yes","Electronic check",2514.5,"Yes"
0,"No","No",38,"Yes","Fiber optic","No","Bank transfer (automatic)",3605.6,"No"
0,"Yes","No",66,"No_phone_service","DSL","No","Bank transfer (automatic)",3027.25,"No"
1,"No","No",68,"Yes","Fiber optic","Yes","Bank transfer (automatic)",7611.85,"No"
0,"No","No",5,"No_phone_service","DSL","No","Mailed check",100.2,"Yes"
0,"No","Yes",72,"Yes","Fiber optic","Yes","Electronic check",7303.05,"No"
0,"No","No",32,"No_phone_service","DSL","No","Mailed check",927.65,"No"
0,"No","No",43,"Yes","Fiber optic","No","Mailed check",3921.3,"No"
1,"No","No",55,"Yes","Fiber optic","Yes","Electronic check",5238.9,"Yes"
0,"No","No",52,"No","DSL","No","Credit card (automatic)",3042.25,"No"
0,"No","No",43,"No","Fiber optic","Yes","Electronic check",3954.1,"Yes"
1,"Yes","No",37,"Yes","Fiber optic","Yes","Electronic check",2868.15,"Yes"
0,"No","Yes",64,"No_phone_service","DSL","Yes","Electronic check",3423.5,"No"
0,"No","Yes",3,"No","Fiber optic","No","Electronic check",248.4,"Yes"
0,"No","No",36,"No_phone_service","DSL","No","Bank transfer (automatic)",1126.35,"No"
1,"No","Yes",10,"Yes","Fiber optic","Yes","Electronic check",1064.65,"Yes"
0,"No","Yes",27,"Yes","Fiber optic","Yes","Credit card (automatic)",2151.6,"Yes"
0,"No","Yes",56,"Yes","Fiber optic","Yes","Credit card (automatic)",5515.45,"No"
1,"No","No",3,"Yes","Fiber optic","Yes","Electronic check",229.55,"Yes"
0,"No","Yes",7,"No","DSL","No","Mailed check",350.35,"Yes"
0,"No","No",33,"No","Fiber optic","Yes","Electronic check",3027.65,"No"
1,"Yes","No",27,"Yes","Fiber optic","Yes","Electronic check",2135.5,"Yes"
0,"Yes","No",71,"No_phone_service","DSL","Yes","Electronic check",3985.35,"No"
0,"No","No",13,"Yes","Fiber optic","Yes","Electronic check",1215.65,"Yes"
1,"No","Yes",25,"No_phone_service","DSL","Yes","Credit card (automatic)",1502.65,"Yes"
0,"No","No",67,"No","DSL","No","Bank transfer (automatic)",3260.1,"No"
1,"No","No",1,"No_phone_service","DSL","Yes","Electronic check",35.45,"Yes"
1,"No","No",2,"No","DSL","No","Electronic check",81.25,"Yes"
0,"No","No",23,"No","Fiber optic","Yes","Bank transfer (automatic)",1778.5,"Yes"
1,"Yes","No",1,"No","Fiber optic","Yes","Mailed check",70.45,"Yes"
0,"Yes","Yes",72,"Yes","DSL","Yes","Credit card (automatic)",6425.65,"No"
1,"No","No",8,"Yes","DSL","No","Electronic check",563.65,"Yes"
0,"No","No",61,"Yes","Fiber optic","Yes","Bank transfer (automatic)",5971.25,"No"
0,"No","No",64,"Yes","Fiber optic","Yes","Credit card (automatic)",5289.05,"No"
0,"No","Yes",65,"Yes","Fiber optic","Yes","Credit card (automatic)",6416.7,"No"
1,"No","No",1,"No","DSL","Yes","Electronic check",45.65,"Yes"
0,"No","Yes",30,"No","DSL","No","Credit card (automatic)",1929.95,"No"
0,"No","Yes",15,"No","DSL","Yes","Mailed check",1071.4,"Yes"
0,"No","Yes",8,"No","DSL","Yes","Electronic check",564.35,"Yes"
1,"No","No",7,"Yes","Fiber optic","No","Mailed check",655.5,"Yes"
0,"No","Yes",70,"Yes","Fiber optic","Yes","Credit card (automatic)",7930.55,"No"
0,"No","Yes",62,"No","DSL","No","Electronic check",5215.25,"No"
0,"No","Yes",14,"No","Fiber optic","Yes","Bank transfer (automatic)",1152.8,"Yes"
0,"No","No",22,"Yes","Fiber optic","Yes","Bank transfer (automatic)",1821.95,"Yes"
0,"No","Yes",16,"No","DSL","No","Mailed check",1024,"No"
0,"No","Yes",13,"No","DSL","Yes","Electronic check",764.55,"Yes"
1,"No","No",20,"Yes","Fiber optic","No","Electronic check",1592.35,"Yes"
0,"No","No",2,"No","Fiber optic","Yes","Electronic check",135.2,"Yes"
0,"No","No",53,"Yes","DSL","Yes","Bank transfer (automatic)",3958.25,"No"
1,"No","No",4,"No","Fiber optic","Yes","Bank transfer (automatic)",273,"Yes"
0,"No","No",72,"Yes","DSL","Yes","Bank transfer (automatic)",6254.45,"No"
1,"Yes","No",58,"No_phone_service","DSL","Yes","Electronic check",2651.2,"Yes"
0,"No","No",43,"No","Fiber optic","Yes","Bank transfer (automatic)",3539.25,"No"
1,"No","No",2,"Yes","Fiber optic","Yes","Electronic check",242.8,"Yes"
0,"No","No",14,"No","DSL","No","Mailed check",1181.75,"No"
1,"No","No",53,"No","Fiber optic","Yes","Bank transfer (automatic)",5000.2,"No"
1,"Yes","No",15,"Yes","Fiber optic","Yes","Mailed check",1145.7,"Yes"
1,"Yes","No",7,"No","Fiber optic","No","Bank transfer (automatic)",503.6,"Yes"
0,"No","Yes",15,"Yes","Fiber optic","Yes","Bank transfer (automatic)",1559.25,"Yes"
1,"No","No",1,"No_phone_service","DSL","No","Bank transfer (automatic)",29.95,"Yes"
0,"No","No",1,"No","DSL","No","Mailed check",45.3,"Yes"
1,"No","No",8,"Yes","Fiber optic","No","Bank transfer (automatic)",662.65,"Yes"
0,"No","Yes",33,"No","DSL","No","Credit card (automatic)",2453.3,"No"
1,"No","No",13,"No","Fiber optic","Yes","Electronic check",1111.65,"Yes"
1,"No","No",1,"No_phone_service","DSL","Yes","Electronic check",24.8,"Yes"
0,"No","No",20,"No","DSL","Yes","Mailed check",1023.85,"Yes"
0,"No","No",3,"No_phone_service","DSL","No","Electronic check",82.15,"Yes"
0,"No","No",40,"Yes","DSL","No","Credit card (automatic)",2379.1,"Yes"
0,"No","Yes",43,"Yes","DSL","Yes","Credit card (automatic)",3173.35,"No"
1,"No","No",6,"No","Fiber optic","Yes","Electronic check",531,"Yes"
0,"No","Yes",72,"Yes","Fiber optic","No","Credit card (automatic)",8129.3,"No"
0,"No","No",20,"No","Fiber optic","Yes","Electronic check",1901.65,"Yes"
0,"No","No",59,"Yes","Fiber optic","Yes","Electronic check",6519.75,"Yes"
0,"No","Yes",72,"Yes","Fiber optic","Yes","Bank transfer (automatic)",8041.65,"No"
0,"No","No",27,"No","Fiber optic","Yes","Credit card (automatic)",2681.15,"No"
0,"No","No",14,"No","Fiber optic","Yes","Credit card (automatic)",1112.3,"Yes"
0,"No","Yes",71,"Yes","Fiber optic","No","Electronic check",7405.5,"No"
0,"No","Yes",13,"No","Fiber optic","Yes","Credit card (automatic)",1033.95,"Yes"
0,"No","No",44,"No","Fiber optic","No","Credit card (automatic)",2958.95,"Yes"
0,"No","No",33,"No","Fiber optic","Yes","Bank transfer (automatic)",2684.85,"No"
0,"No","Yes",72,"No_phone_service","DSL","Yes","Credit card (automatic)",4179.2,"No"
1,"No","No",1,"No","Fiber optic","No","Electronic check",79.9,"Yes"
1,"No","No",19,"No","Fiber optic","Yes","Electronic check",1934.45,"Yes"
0,"No","No",64,"No","Fiber optic","Yes","Credit card (automatic)",6654.1,"No"
1,"No","No",2,"No","DSL","Yes","Credit card (automatic)",84.5,"Yes"
0,"No","No",1,"No_phone_service","DSL","No","Electronic check",25.25,"Yes"
0,"Yes","No",23,"Yes","Fiber optic","No","Electronic check",1975.85,"Yes"
0,"No","No",57,"No_phone_service","DSL","Yes","Bank transfer (automatic)",3437.45,"Yes"
0,"No","Yes",72,"No_phone_service","DSL","No","Credit card (automatic)",3139.8,"No"
0,"No","No",66,"No_phone_service","DSL","Yes","Bank transfer (automatic)",3789.2,"No"
0,"No","Yes",65,"Yes","DSL","Yes","Bank transfer (automatic)",5324.5,"No"
0,"No","No",8,"No","Fiber optic","Yes","Bank transfer (automatic)",624.6,"Yes"
1,"No","No",4,"No","Fiber optic","Yes","Electronic check",268.35,"Yes"
1,"No","No",4,"No","DSL","No","Mailed check",179.35,"Yes"
0,"No","No",24,"No_phone_service","DSL","Yes","Mailed check",1288.75,"No"
0,"No","Yes",31,"No","DSL","Yes","Mailed check",2545.75,"No"
1,"No","No",1,"No","DSL","No","Mailed check",55.2,"Yes"
0,"No","No",30,"Yes","Fiber optic","Yes","Credit card (automatic)",2723.15,"Yes"
0,"No","Yes",47,"Yes","DSL","Yes","Credit card (automatic)",4107.25,"No"
0,"No","No",54,"Yes","Fiber optic","Yes","Credit card (automatic)",5760.65,"No"
0,"No","No",50,"No","Fiber optic","Yes","Credit card (automatic)",4747.5,"Yes"
1,"No","No",1,"No","Fiber optic","Yes","Mailed check",84.6,"Yes"
1,"No","No",2,"Yes","DSL","Yes","Mailed check",114.1,"Yes"
0,"No","No",10,"No_phone_service","DSL","Yes","Mailed check",299.05,"No"
0,"No","No",18,"Yes","Fiber optic","Yes","Electronic check",1305.95,"Yes"
1,"Yes","No",11,"No","Fiber optic","Yes","Electronic check",1120.3,"Yes"
0,"No","No",72,"Yes","DSL","No","Bank transfer (automatic)",6350.5,"No"
0,"No","No",72,"Yes","Fiber optic","No","Bank transfer (automatic)",7878.3,"No"
0,"No","Yes",41,"No","DSL","Yes","Credit card (automatic)",3187.65,"No"
0,"Yes","No",65,"No","Fiber optic","No","Electronic check",6126.15,"Yes"
0,"Yes","No",13,"No","DSL","Yes","Electronic check",731.3,"Yes"
0,"Yes","No",4,"No","Fiber optic","No","Electronic check",273.4,"Yes"
0,"No","No",41,"Yes","DSL","No","Mailed check",2531.8,"No"
1,"Yes","No",15,"No","Fiber optic","Yes","Electronic check",1074.3,"Yes"
1,"No","No",1,"No","DSL","Yes","Mailed check",48.55,"Yes"
0,"No","No",42,"Yes","Fiber optic","Yes","Electronic check",4298.45,"No"
0,"No","No",51,"No","Fiber optic","Yes","Electronic check",4619.55,"No"
1,"No","Yes",2,"No","Fiber optic","No","Electronic check",147.15,"Yes"
1,"Yes","No",1,"No_phone_service","DSL","No","Electronic check",40.2,"Yes"
0,"No","Yes",32,"Yes","DSL","No","Credit card (automatic)",2633.3,"No"
0,"No","Yes",67,"No_phone_service","DSL","Yes","Electronic check",4103.9,"No"
0,"No","Yes",61,"Yes","Fiber optic","No","Credit card (automatic)",7008.15,"No"
0,"No","No",50,"Yes","Fiber optic","No","Credit card (automatic)",5791.1,"No"
1,"No","No",2,"No","DSL","Yes","Credit card (automatic)",80.55,"Yes"
0,"Yes","No",29,"No_phone_service","DSL","Yes","Electronic check",1228.65,"Yes"
1,"Yes","No",3,"No_phone_service","DSL","Yes","Electronic check",132.2,"Yes"
1,"Yes","No",13,"Yes","Fiber optic","Yes","Electronic check",1364.3,"Yes"
0,"Yes","No",57,"Yes","Fiber optic","Yes","Electronic check",4925.35,"Yes"
0,"No","No",31,"No_phone_service","DSL","Yes","Bank transfer (automatic)",1520.1,"No"
0,"No","No",45,"Yes","Fiber optic","No","Mailed check",5032.25,"No"
0,"No","Yes",61,"Yes","DSL","No","Mailed check",5526.75,"No"
0,"Yes","No",19,"No","Fiber optic","Yes","Mailed check",2007.25,"Yes"
1,"Yes","No",16,"No","Fiber optic","Yes","Electronic check",1511.2,"Yes"
0,"No","No",57,"No","DSL","Yes","Electronic check",3450.15,"No"
1,"No","No",1,"No_phone_service","DSL","No","Bank transfer (automatic)",24.8,"Yes"
0,"Yes","No",20,"Yes","Fiber optic","No","Electronic check",2172.05,"Yes"
1,"No","No",1,"No","Fiber optic","No","Mailed check",70.6,"Yes"
1,"No","No",5,"Yes","Fiber optic","Yes","Electronic check",401.1,"Yes"
1,"No","No",52,"Yes","Fiber optic","Yes","Electronic check",5624.85,"Yes"
0,"Yes","No",21,"No","DSL","Yes","Bank transfer (automatic)",1339.8,"Yes"
0,"No","No",14,"No_phone_service","DSL","Yes","Electronic check",771.95,"Yes"
0,"No","No",5,"No","DSL","No","Bank transfer (automatic)",244.75,"Yes"
0,"No","No",6,"No","DSL","No","Mailed check",322.9,"Yes"
0,"No","No",10,"No","DSL","No","Electronic check",498.25,"Yes"
0,"No","No",68,"Yes","DSL","No","Mailed check",3687.75,"Yes"
1,"No","Yes",18,"No","Fiber optic","No","Mailed check",1779.95,"Yes"
0,"No","No",22,"Yes","Fiber optic","Yes","Credit card (automatic)",1783.6,"No"
0,"No","No",20,"No","DSL","Yes","Electronic check",927.15,"Yes"
1,"No","No",1,"No","Fiber optic","No","Electronic check",70,"Yes"
1,"Yes","No",8,"No","Fiber optic","Yes","Electronic check",606.55,"Yes"
1,"No","No",10,"No","DSL","Yes","Credit card (automatic)",435.4,"Yes"
1,"Yes","No",24,"Yes","Fiber optic","Yes","Electronic check",1712.7,"Yes"
0,"No","No",35,"No","DSL","No","Mailed check",2021.2,"No"
0,"No","Yes",23,"No","Fiber optic","No","Mailed check",1940.8,"No"
0,"Yes","No",6,"No","Fiber optic","Yes","Electronic check",567.8,"Yes"
0,"No","Yes",71,"No","Fiber optic","No","Electronic check",5436.45,"No"
0,"Yes","No",35,"Yes","Fiber optic","Yes","Electronic check",3437.5,"Yes"
0,"No","Yes",40,"Yes","DSL","Yes","Electronic check",3015.75,"Yes"
1,"No","Yes",1,"No","Fiber optic","Yes","Mailed check",73.6,"Yes"
0,"No","No",23,"No","DSL","Yes","Bank transfer (automatic)",1509.8,"No"
1,"Yes","No",4,"Yes","Fiber optic","Yes","Electronic check",396.1,"Yes"
0,"No","No",4,"No","Fiber optic","Yes","Electronic check",356.65,"Yes"
0,"No","Yes",68,"No_phone_service","DSL","No","Credit card (automatic)",4109,"No"
0,"No","Yes",38,"Yes","Fiber optic","Yes","Mailed check",3141.7,"Yes"
1,"Yes","No",32,"Yes","Fiber optic","Yes","Electronic check",2303.35,"Yes"
0,"No","Yes",29,"No","DSL","No","Mailed check",2054.4,"No"
0,"Yes","Yes",38,"Yes","Fiber optic","No","Electronic check",3741.85,"Yes"
0,"No","Yes",48,"Yes","DSL","Yes","Credit card (automatic)",3682.45,"No"
0,"No","No",22,"No","Fiber optic","Yes","Electronic check",1886.25,"Yes"
0,"No","No",43,"Yes","Fiber optic","No","Credit card (automatic)",4895.1,"No"
0,"Yes","No",5,"No","Fiber optic","Yes","Electronic check",341.6,"Yes"
1,"No","No",5,"No","Fiber optic","Yes","Electronic check",415.55,"Yes"
0,"No","Yes",51,"Yes","Fiber optic","No","Credit card (automatic)",5686.4,"No"
1,"No","Yes",38,"No","DSL","No","Credit card (automatic)",3058.65,"No"
1,"Yes","No",24,"No","Fiber optic","Yes","Electronic check",2231.05,"Yes"
0,"No","No",35,"Yes","Fiber optic","Yes","Credit card (automatic)",3236.35,"Yes"
1,"Yes","No",54,"Yes","DSL","No","Bank transfer (automatic)",4350.1,"No"
0,"No","Yes",72,"No_phone_service","DSL","Yes","Electronic check",4264,"No"
0,"No","No",1,"No","DSL","Yes","Electronic check",44.8,"Yes"
0,"No","Yes",9,"No","DSL","No","Mailed check",422.3,"No"
0,"No","No",69,"No_phone_service","DSL","Yes","Bank transfer (automatic)",4176.7,"No"
0,"No","No",52,"Yes","Fiber optic","Yes","Credit card (automatic)",5138.1,"Yes"
0,"Yes","No",11,"No","Fiber optic","Yes","Electronic check",880.05,"Yes"
1,"Yes","No",2,"No","Fiber optic","Yes","Electronic check",139.05,"Yes"
0,"Yes","Yes",28,"No_phone_service","DSL","Yes","Electronic check",973.65,"Yes"
0,"Yes","No",17,"Yes","Fiber optic","Yes","Credit card (automatic)",1470.05,"Yes"
0,"No","No",46,"Yes","Fiber optic","Yes","Credit card (automatic)",4422.95,"No"
1,"No","No",7,"Yes","Fiber optic","Yes","Electronic check",511.25,"Yes"
1,"No","No",2,"Yes","Fiber optic","No","Mailed check",155.8,"Yes"
1,"No","Yes",68,"Yes","DSL","Yes","Bank transfer (automatic)",5293.95,"No"
1,"No","No",43,"Yes","Fiber optic","Yes","Electronic check",4759.85,"No"
0,"No","No",68,"Yes","DSL","Yes","Electronic check",6148.45,"No"
0,"No","No",36,"No","Fiber optic","Yes","Credit card (automatic)",3565.65,"Yes"
1,"No","No",63,"Yes","Fiber optic","Yes","Electronic check",6603,"Yes"
0,"Yes","No",32,"No","DSL","No","Bank transfer (automatic)",1830.1,"Yes"
0,"No","No",71,"Yes","DSL","No","Credit card (automatic)",6223.8,"No"
0,"No","Yes",66,"Yes","DSL","Yes","Bank transfer (automatic)",4508.65,"Yes"
0,"Yes","No",1,"Yes","Fiber optic","Yes","Electronic check",72.1,"Yes"
1,"No","No",2,"No","Fiber optic","Yes","Electronic check",168.2,"Yes"
0,"No","No",23,"No_phone_service","DSL","Yes","Electronic check",996.85,"Yes"
0,"Yes","No",64,"No","Fiber optic","No","Bank transfer (automatic)",6430.9,"No"
0,"No","Yes",37,"Yes","DSL","Yes","Credit card (automatic)",2278.75,"No"
0,"No","Yes",17,"No","DSL","No","Mailed check",681.4,"No"
0,"Yes","No",7,"No","Fiber optic","Yes","Electronic check",574.35,"Yes"
1,"No","Yes",4,"Yes","Fiber optic","Yes","Bank transfer (automatic)",371.9,"Yes"
1,"Yes","No",21,"No_phone_service","DSL","Yes","Electronic check",840.1,"Yes"
1,"No","No",10,"No","Fiber optic","Yes","Bank transfer (automatic)",846,"Yes"
0,"Yes","No",16,"Yes","DSL","Yes","Electronic check",889,"Yes"
0,"No","No",64,"Yes","Fiber optic","Yes","Electronic check",6823.4,"No"
1,"Yes","No",27,"No_phone_service","DSL","No","Credit card (automatic)",805.1,"Yes"
0,"No","Yes",42,"Yes","Fiber optic","No","Electronic check",4016.75,"No"
0,"No","No",41,"No","Fiber optic","Yes","Bank transfer (automatic)",3959.15,"No"
0,"No","No",58,"No","DSL","No","Credit card (automatic)",2878.55,"No"
0,"No","No",18,"No","Fiber optic","Yes","Bank transfer (automatic)",1373.05,"Yes"
1,"No","No",5,"No","Fiber optic","No","Bank transfer (automatic)",492.55,"Yes"
0,"No","No",23,"No","DSL","Yes","Bank transfer (automatic)",1406,"Yes"
0,"No","No",71,"Yes","Fiber optic","Yes","Credit card (automatic)",6962.85,"No"
0,"No","Yes",72,"Yes","Fiber optic","Yes","Credit card (automatic)",8126.65,"No"
1,"No","No",2,"Yes","Fiber optic","Yes","Electronic check",181.5,"Yes"
0,"No","Yes",24,"No_phone_service","DSL","No","Mailed check",830.8,"No"
0,"No","Yes",56,"Yes","Fiber optic","Yes","Credit card (automatic)",5608.4,"No"
0,"No","No",37,"No","Fiber optic","Yes","Credit card (automatic)",3646.8,"Yes"
0,"No","No",43,"Yes","DSL","No","Credit card (automatic)",3662.25,"No"
0,"No","No",1,"No_phone_service","DSL","No","Mailed check",25.35,"Yes"
1,"No","No",25,"Yes","Fiber optic","Yes","Bank transfer (automatic)",2566.5,"Yes"
0,"No","No",61,"Yes","DSL","No","Electronic check",5308.7,"No"
0,"No","No",17,"Yes","Fiber optic","No","Electronic check",1410.25,"No"
0,"No","No",41,"No","Fiber optic","Yes","Bank transfer (automatic)",3339.05,"No"
1,"No","No",1,"No","DSL","No","Mailed check",50.65,"Yes"
0,"Yes","Yes",72,"No_phone_service","DSL","Yes","Bank transfer (automatic)",4732.35,"No"
1,"No","No",1,"Yes","Fiber optic","Yes","Credit card (automatic)",90.85,"Yes"
0,"No","No",48,"Yes","Fiber optic","Yes","Bank transfer (automatic)",5067.45,"No"
1,"Yes","No",55,"Yes","Fiber optic","Yes","Electronic check",4874.7,"Yes"
0,"No","No",42,"No_phone_service","DSL","Yes","Electronic check",2348.45,"No"
0,"No","No",44,"Yes","Fiber optic","Yes","Mailed check",4063,"Yes"
0,"No","Yes",1,"No","DSL","No","Electronic check",44,"Yes"
0,"No","No",27,"Yes","Fiber optic","Yes","Bank transfer (automatic)",2595.25,"Yes"
0,"Yes","No",27,"Yes","DSL","Yes","Bank transfer (automatic)",2309.55,"Yes"
0,"Yes","No",2,"No","DSL","Yes","Electronic check",89.3,"Yes"
0,"Yes","No",42,"Yes","Fiber optic","Yes","Electronic check",3944.5,"Yes"
0,"No","No",66,"Yes","DSL","Yes","Credit card (automatic)",5965.95,"No"
0,"Yes","No",33,"Yes","Fiber optic","Yes","Bank transfer (automatic)",3694.7,"Yes"
1,"No","No",34,"No","Fiber optic","Yes","Credit card (automatic)",2524.45,"Yes"
0,"Yes","No",33,"No_phone_service","DSL","Yes","Electronic check",1803.7,"Yes"
1,"No","Yes",69,"Yes","Fiber optic","Yes","Credit card (automatic)",7007.6,"Yes"
0,"No","No",68,"No","DSL","No","Bank transfer (automatic)",3848.8,"No"
0,"No","Yes",60,"Yes","Fiber optic","Yes","Bank transfer (automatic)",5812,"No"
0,"Yes","Yes",32,"No","Fiber optic","Yes","Mailed check",2861.45,"Yes"
1,"Yes","No",3,"Yes","Fiber optic","Yes","Electronic check",233.7,"Yes"
0,"No","No",29,"Yes","Fiber optic","Yes","Electronic check",2149.05,"Yes"
0,"No","No",51,"Yes","Fiber optic","Yes","Electronic check",4473,"Yes"
0,"Yes","No",48,"No","Fiber optic","Yes","Bank transfer (automatic)",3545.05,"Yes"
0,"No","Yes",16,"No","Fiber optic","No","Bank transfer (automatic)",1195.75,"Yes"
0,"No","No",70,"Yes","Fiber optic","Yes","Bank transfer (automatic)",6858.9,"No"
1,"No","Yes",22,"No","Fiber optic","No","Electronic check",1845.9,"Yes"
1,"Yes","No",1,"No","Fiber optic","Yes","Bank transfer (automatic)",75.3,"Yes"
0,"No","No",7,"No","Fiber optic","Yes","Bank transfer (automatic)",515.45,"Yes"
0,"No","Yes",29,"Yes","Fiber optic","No","Credit card (automatic)",2830.45,"No"
0,"No","No",10,"No_phone_service","DSL","No","Bank transfer (automatic)",449.3,"Yes"
0,"Yes","No",55,"Yes","DSL","No","Bank transfer (automatic)",2838.55,"Yes"
0,"Yes","No",52,"Yes","Fiber optic","Yes","Bank transfer (automatic)",5376.4,"No"
0,"No","Yes",10,"Yes","Fiber optic","No","Electronic check",858.6,"Yes"
0,"No","No",18,"Yes","Fiber optic","Yes","Bank transfer (automatic)",1395.05,"Yes"
0,"No","No",68,"Yes","DSL","No","Bank transfer (automatic)",3975.7,"No"
0,"No","Yes",72,"No_phone_service","DSL","Yes","Credit card (automatic)",4784.45,"No"
0,"No","No",2,"No","DSL","No","Electronic check",119.5,"Yes"
1,"No","No",12,"No","DSL","Yes","Bank transfer (automatic)",518.9,"Yes"
0,"No","No",26,"No_phone_service","DSL","Yes","Credit card (automatic)",1183.8,"Yes"
0,"No","Yes",72,"Yes","Fiber optic","Yes","Credit card (automatic)",8468.2,"No"
0,"No","No",35,"Yes","Fiber optic","Yes","Bank transfer (automatic)",3161.2,"Yes"
0,"No","No",1,"No","DSL","No","Mailed check",55.05,"Yes"
0,"No","Yes",16,"Yes","Fiber optic","Yes","Electronic check",1882.55,"Yes"
0,"Yes","No",49,"Yes","Fiber optic","No","Credit card (automatic)",5070.4,"Yes"
0,"No","No",54,"Yes","Fiber optic","Yes","Mailed check",6049.5,"No"
0,"No","Yes",18,"Yes","DSL","No","Electronic check",1166.7,"Yes"
0,"No","No",36,"No","Fiber optic","No","Electronic check",2937.65,"Yes"
1,"No","No",60,"Yes","Fiber optic","Yes","Electronic check",6396.45,"Yes"
1,"No","No",1,"No","Fiber optic","No","Mailed check",69.55,"Yes"
0,"No","Yes",8,"No","Fiber optic","Yes","Electronic check",759.55,"Yes"
0,"No","Yes",72,"No","Fiber optic","No","Bank transfer (automatic)",7611.55,"No"
0,"Yes","No",22,"No","DSL","Yes","Mailed check",1545.4,"Yes"
0,"No","No",60,"No_phone_service","DSL","Yes","Bank transfer (automatic)",3582.4,"Yes"
1,"No","Yes",28,"No","Fiber optic","Yes","Electronic check",2227.1,"Yes"
0,"No","No",24,"Yes","Fiber optic","Yes","Electronic check",2494.65,"Yes"
0,"No","Yes",28,"No","Fiber optic","No","Bank transfer (automatic)",2768.35,"No"
0,"No","Yes",30,"No","DSL","No","Bank transfer (automatic)",2369.3,"No"
0,"No","No",1,"Yes","Fiber optic","Yes","Electronic check",75.1,"Yes"
0,"No","No",24,"No","DSL","Yes","Bank transfer (automatic)",1614.05,"Yes"
1,"No","Yes",4,"Yes","Fiber optic","No","Electronic check",385.9,"Yes"
1,"No","No",7,"Yes","Fiber optic","Yes","Electronic check",673.25,"Yes"
0,"Yes","No",72,"Yes","Fiber optic","Yes","Bank transfer (automatic)",8404.9,"No"
0,"No","No",70,"No_phone_service","DSL","Yes","Mailed check",2799.75,"No"
0,"Yes","No",64,"Yes","Fiber optic","No","Electronic check",6538.45,"No"
0,"No","Yes",72,"Yes","Fiber optic","Yes","Electronic check",6588.95,"No"
1,"No","Yes",13,"No","DSL","No","Electronic check",734.35,"Yes"
1,"No","No",1,"No","DSL","Yes","Electronic check",55,"Yes"
0,"No","No",9,"No","DSL","Yes","Mailed check",564.4,"Yes"
0,"No","No",24,"No","DSL","No","Mailed check",1315.35,"Yes"
1,"No","Yes",1,"No","Fiber optic","Yes","Electronic check",74.7,"Yes"
1,"No","No",24,"Yes","Fiber optic","Yes","Electronic check",1861.5,"Yes"
0,"Yes","Yes",35,"No","DSL","Yes","Electronic check",2747.2,"Yes"
0,"No","Yes",7,"No","DSL","Yes","Electronic check",554.05,"Yes"
1,"No","No",5,"No","Fiber optic","Yes","Electronic check",453.4,"Yes"
1,"No","Yes",15,"No","Fiber optic","No","Bank transfer (automatic)",994.8,"Yes"
1,"No","No",48,"No_phone_service","DSL","Yes","Bank transfer (automatic)",2145,"Yes"
0,"Yes","No",20,"No","Fiber optic","Yes","Electronic check",1671.6,"Yes"
0,"No","No",72,"Yes","Fiber optic","Yes","Bank transfer (automatic)",8003.8,"No"
1,"No","Yes",8,"No","Fiber optic","Yes","Electronic check",680.05,"Yes"
0,"No","Yes",72,"Yes","Fiber optic","Yes","Credit card (automatic)",6130.85,"No"
0,"No","No",15,"Yes","Fiber optic","Yes","Electronic check",1415,"Yes"
0,"No","No",72,"Yes","DSL","Yes","Bank transfer (automatic)",6201.95,"No"
1,"No","Yes",1,"Yes","Fiber optic","Yes","Electronic check",74.35,"Yes"
0,"No","Yes",63,"Yes","Fiber optic","Yes","Bank transfer (automatic)",6597.25,"No"
0,"No","No",2,"No","DSL","Yes","Electronic check",114.15,"Yes"
1,"No","No",2,"No","Fiber optic","Yes","Electronic check",139.4,"Yes"
0,"Yes","No",61,"Yes","DSL","No","Bank transfer (automatic)",3902.6,"No"
1,"No","No",22,"No_phone_service","DSL","Yes","Bank transfer (automatic)",903.6,"No"
0,"No","No",28,"No","DSL","No","Mailed check",1785.65,"Yes"
1,"Yes","No",5,"No_phone_service","DSL","No","Electronic check",131.05,"Yes"
1,"No","No",12,"Yes","Fiber optic","Yes","Bank transfer (automatic)",1238.45,"Yes"
0,"No","No",34,"Yes","Fiber optic","No","Credit card (automatic)",3899.05,"No"
0,"Yes","No",71,"Yes","Fiber optic","Yes","Credit card (automatic)",5676,"No"
0,"No","Yes",70,"Yes","DSL","No","Bank transfer (automatic)",4543.15,"No"
0,"No","Yes",52,"No","Fiber optic","Yes","Bank transfer (automatic)",4326.8,"Yes"
0,"No","Yes",69,"Yes","DSL","Yes","Credit card (automatic)",5502.55,"No"
1,"Yes","No",20,"Yes","Fiber optic","Yes","Electronic check",1782.4,"Yes"
0,"No","Yes",11,"Yes","Fiber optic","Yes","Mailed check",851.8,"Yes"
1,"No","No",2,"No","Fiber optic","Yes","Electronic check",167.5,"Yes"
1,"No","Yes",6,"Yes","Fiber optic","Yes","Electronic check",502.85,"Yes"
0,"Yes","Yes",20,"No","Fiber optic","No","Credit card (automatic)",1818.3,"No"
0,"No","No",61,"Yes","Fiber optic","Yes","Electronic check",6300.15,"Yes"
1,"Yes","No",5,"Yes","Fiber optic","Yes","Electronic check",334.8,"Yes"
0,"No","No",56,"Yes","Fiber optic","Yes","Bank transfer (automatic)",5916.95,"Yes"
0,"No","No",30,"Yes","Fiber optic","Yes","Credit card (automatic)",2852.4,"Yes"
1,"No","No",40,"Yes","Fiber optic","No","Bank transfer (automatic)",4131.95,"Yes"
0,"No","No",28,"No","DSL","No","Mailed check",1546.3,"No"
0,"Yes","No",5,"No","Fiber optic","No","Electronic check",302.6,"Yes"
1,"Yes","No",27,"No","Fiber optic","Yes","Bank transfer (automatic)",1929.35,"Yes"
0,"No","Yes",67,"Yes","Fiber optic","Yes","Electronic check",6989.45,"No"
0,"Yes","No",29,"Yes","DSL","Yes","Electronic check",1442,"Yes"
0,"No","Yes",55,"Yes","Fiber optic","No","Bank transfer (automatic)",4713.4,"Yes"
1,"No","No",23,"Yes","Fiber optic","No","Bank transfer (automatic)",1758.6,"Yes"
1,"No","No",34,"Yes","Fiber optic","Yes","Electronic check",3480,"Yes"
0,"No","No",52,"No","Fiber optic","No","Electronic check",4738.3,"No"
0,"Yes","Yes",72,"Yes","Fiber optic","Yes","Credit card (automatic)",8399.15,"No"
0,"No","Yes",58,"Yes","Fiber optic","Yes","Credit card (automatic)",5430.35,"No"
0,"Yes","No",56,"Yes","Fiber optic","Yes","Bank transfer (automatic)",5706.3,"No"
0,"No","No",2,"No","Fiber optic","Yes","Electronic check",174.45,"Yes"
0,"Yes","Yes",68,"Yes","Fiber optic","Yes","Credit card (automatic)",7379.8,"No"
1,"No","No",1,"Yes","Fiber optic","Yes","Electronic check",85,"Yes"
0,"No","No",12,"Yes","Fiber optic","Yes","Electronic check",1021.75,"Yes"
0,"No","No",63,"Yes","Fiber optic","Yes","Bank transfer (automatic)",5029.05,"Yes"
0,"No","Yes",33,"No","DSL","Yes","Mailed check",1955.4,"No"
0,"No","No",69,"No","Fiber optic","Yes","Credit card (automatic)",6744.2,"No"
0,"No","Yes",60,"No","DSL","Yes","Bank transfer (automatic)",4946.7,"No"
0,"No","Yes",72,"Yes","Fiber optic","Yes","Bank transfer (automatic)",8248.5,"No"
0,"No","No",11,"Yes","DSL","Yes","Mailed check",601.6,"Yes"
1,"No","No",10,"Yes","Fiber optic","Yes","Bank transfer (automatic)",834.1,"Yes"
1,"No","No",13,"No_phone_service","DSL","Yes","Credit card (automatic)",597,"Yes"
0,"No","Yes",34,"No","Fiber optic","Yes","Bank transfer (automatic)",2647.2,"No"
1,"No","Yes",39,"No","Fiber optic","Yes","Mailed check",3266,"Yes"
0,"No","No",65,"Yes","Fiber optic","Yes","Bank transfer (automatic)",6744.25,"No"
0,"Yes","No",50,"Yes","Fiber optic","Yes","Bank transfer (automatic)",5265.5,"No"
0,"No","Yes",72,"Yes","Fiber optic","Yes","Bank transfer (automatic)",7966.9,"No"
0,"No","Yes",72,"Yes","Fiber optic","Yes","Bank transfer (automatic)",8220.4,"No"
1,"No","No",32,"Yes","Fiber optic","Yes","Bank transfer (automatic)",2596.15,"Yes"
0,"No","Yes",56,"Yes","DSL","Yes","Bank transfer (automatic)",3808,"No"
0,"No","No",38,"No","DSL","No","Mailed check",2708.2,"No"
0,"No","No",11,"No","Fiber optic","No","Electronic check",760.05,"Yes"
0,"No","No",1,"No","DSL","Yes","Electronic check",49.3,"Yes"
0,"No","No",56,"Yes","Fiber optic","Yes","Electronic check",6033.3,"No"
0,"No","Yes",7,"No","DSL","No","Credit card (automatic)",516.15,"Yes"
0,"No","Yes",59,"Yes","Fiber optic","Yes","Credit card (automatic)",5861.75,"No"
0,"No","No",7,"No","DSL","No","Bank transfer (automatic)",445.95,"Yes"
0,"No","Yes",71,"No","DSL","Yes","Credit card (automatic)",4973.4,"No"
0,"No","Yes",15,"No","Fiber optic","No","Electronic check",1667.25,"No"
0,"No","No",71,"Yes","DSL","No","Credit card (automatic)",5357.75,"No"
1,"No","No",35,"Yes","Fiber optic","Yes","Electronic check",3527.6,"Yes"
0,"No","No",11,"No_phone_service","DSL","Yes","Credit card (automatic)",422.6,"No"
0,"Yes","No",47,"Yes","DSL","No","Bank transfer (automatic)",2754,"No"
0,"No","No",11,"No","DSL","No","Credit card (automatic)",697.25,"No"
1,"No","No",56,"Yes","Fiber optic","No","Credit card (automatic)",5614.45,"No"
0,"Yes","No",28,"Yes","Fiber optic","Yes","Electronic check",3204.4,"Yes"
0,"No","No",61,"No","DSL","Yes","Mailed check",4747.65,"No"
0,"No","Yes",31,"Yes","Fiber optic","No","Bank transfer (automatic)",3082.1,"No"
0,"No","No",9,"No","Fiber optic","Yes","Electronic check",597.9,"Yes"
0,"Yes","No",35,"Yes","Fiber optic","Yes","Electronic check",3365.4,"Yes"
1,"No","No",1,"No","Fiber optic","No","Mailed check",75.3,"Yes"
1,"Yes","No",4,"Yes","Fiber optic","Yes","Electronic check",346.2,"Yes"
1,"Yes","No",1,"Yes","Fiber optic","Yes","Electronic check",85.7,"Yes"
0,"No","No",52,"No","DSL","Yes","Credit card (automatic)",3342.45,"No"
0,"No","No",72,"Yes","Fiber optic","Yes","Electronic check",7422.1,"No"
0,"No","Yes",71,"Yes","DSL","No","Electronic check",6668.05,"No"
0,"No","No",72,"Yes","Fiber optic","Yes","Credit card (automatic)",8071.05,"No"
0,"No","Yes",63,"Yes","DSL","No","Credit card (automatic)",5435,"No"
0,"No","No",30,"No","Fiber optic","Yes","Credit card (automatic)",2438.6,"Yes"
0,"No","No",1,"No","DSL","No","Mailed check",45.6,"Yes"
1,"No","No",12,"Yes","DSL","Yes","Mailed check",713.75,"Yes"
0,"No","No",16,"No_phone_service","DSL","No","Mailed check",916.15,"No"
0,"No","No",4,"Yes","DSL","No","Mailed check",237.2,"Yes"
0,"No","No",51,"Yes","Fiber optic","Yes","Credit card (automatic)",4614.55,"No"
0,"No","No",16,"No","Fiber optic","Yes","Credit card (automatic)",1170.5,"Yes"
0,"No","Yes",66,"Yes","Fiber optic","Yes","Bank transfer (automatic)",4859.25,"No"
0,"No","No",46,"Yes","Fiber optic","No","Electronic check",4903.2,"No"
0,"No","No",32,"Yes","Fiber optic","Yes","Bank transfer (automatic)",3608,"No"
0,"No","No",72,"Yes","DSL","No","Credit card (automatic)",6094.25,"No"
0,"No","Yes",38,"No","DSL","No","Credit card (automatic)",3084.9,"No"
0,"No","Yes",51,"No","DSL","No","Credit card (automatic)",2356.75,"No"
0,"No","Yes",72,"Yes","Fiber optic","No","Bank transfer (automatic)",8306.05,"No"
1,"Yes","No",65,"Yes","Fiber optic","No","Bank transfer (automatic)",6786.4,"Yes"
1,"No","Yes",9,"No_phone_service","DSL","Yes","Electronic check",248.95,"Yes"
1,"No","Yes",9,"No","DSL","No","Mailed check",663.05,"Yes"
0,"Yes","No",44,"Yes","Fiber optic","Yes","Credit card (automatic)",4860.35,"No"
0,"No","No",50,"Yes","DSL","No","Bank transfer (automatic)",3418.2,"No"
0,"No","No",15,"Yes","DSL","No","Mailed check",631.4,"Yes"
0,"No","No",8,"No_phone_service","DSL","Yes","Credit card (automatic)",186.3,"Yes"
0,"Yes","No",66,"Yes","Fiber optic","Yes","Credit card (automatic)",6976.75,"No"
0,"No","No",57,"Yes","Fiber optic","Yes","Bank transfer (automatic)",4884.85,"Yes"
0,"No","No",7,"Yes","Fiber optic","Yes","Bank transfer (automatic)",522.95,"Yes"
0,"Yes","Yes",10,"No_phone_service","DSL","Yes","Bank transfer (automatic)",362.6,"Yes"
0,"No","No",62,"Yes","Fiber optic","Yes","Electronic check",5755.8,"No"
0,"No","Yes",40,"No","Fiber optic","Yes","Electronic check",3355.65,"No"
0,"No","No",25,"No","Fiber optic","Yes","Electronic check",2395.7,"Yes"
0,"No","No",23,"Yes","Fiber optic","No","Electronic check",1968.1,"Yes"
0,"Yes","No",66,"Yes","Fiber optic","No","Credit card (automatic)",6819.45,"No"
0,"Yes","No",72,"Yes","Fiber optic","No","Electronic check",7943.45,"No"
1,"Yes","No",49,"Yes","Fiber optic","No","Credit card (automatic)",4547.25,"Yes"
1,"Yes","Yes",43,"Yes","Fiber optic","Yes","Bank transfer (automatic)",4687.9,"Yes"
0,"No","No",46,"Yes","DSL","No","Bank transfer (automatic)",2473.95,"Yes"
0,"No","Yes",72,"Yes","DSL","No","Credit card (automatic)",6562.9,"No"
0,"No","No",40,"No_phone_service","DSL","Yes","Bank transfer (automatic)",2236.2,"No"
1,"No","Yes",65,"Yes","Fiber optic","Yes","Electronic check",6985.65,"Yes"
0,"No","No",31,"No","Fiber optic","No","Bank transfer (automatic)",3109.9,"No"
0,"No","No",68,"Yes","DSL","No","Credit card (automatic)",4911.35,"No"
1,"Yes","Yes",56,"Yes","Fiber optic","Yes","Bank transfer (automatic)",5794.65,"No"
1,"No","No",10,"Yes","Fiber optic","Yes","Electronic check",855.3,"Yes"
1,"No","Yes",43,"No","DSL","No","Electronic check",2499.3,"Yes"
1,"No","No",1,"No","Fiber optic","Yes","Electronic check",89.55,"Yes"
0,"Yes","No",49,"No","Fiber optic","Yes","Bank transfer (automatic)",4287.2,"No"
1,"Yes","No",20,"Yes","Fiber optic","Yes","Electronic check",1899.65,"Yes"
1,"No","No",1,"No","DSL","Yes","Mailed check",45.7,"Yes"
0,"No","Yes",50,"Yes","DSL","Yes","Electronic check",3442.15,"No"
1,"Yes","No",2,"Yes","Fiber optic","No","Electronic check",161.5,"Yes"
0,"Yes","No",24,"No","Fiber optic","No","Credit card (automatic)",1732.6,"Yes"
1,"No","No",3,"No","Fiber optic","Yes","Bank transfer (automatic)",222.3,"Yes"
1,"No","No",1,"No","Fiber optic","Yes","Mailed check",74.6,"Yes"
0,"No","No",10,"No","Fiber optic","Yes","Credit card (automatic)",865.1,"Yes"
0,"No","Yes",68,"Yes","DSL","Yes","Credit card (automatic)",6132.7,"No"
0,"No","No",45,"No","DSL","No","Bank transfer (automatic)",3597.5,"No"
1,"No","No",4,"No_phone_service","DSL","Yes","Mailed check",96.05,"Yes"
0,"No","No",10,"No","DSL","No","Mailed check",428.7,"Yes"
0,"No","Yes",65,"Yes","DSL","Yes","Mailed check",4459.15,"No"
0,"No","No",3,"No","Fiber optic","Yes","Mailed check",238.1,"Yes"
1,"No","No",2,"No","Fiber optic","No","Electronic check",145.15,"Yes"
0,"No","No",49,"No_phone_service","DSL","Yes","Bank transfer (automatic)",1453.1,"Yes"
1,"No","No",4,"No","DSL","No","Mailed check",191.05,"Yes"
0,"No","No",70,"No_phone_service","DSL","No","Bank transfer (automatic)",4039.3,"No"
1,"No","No",1,"Yes","Fiber optic","Yes","Mailed check",75.05,"Yes"
1,"Yes","No",52,"No_phone_service","DSL","Yes","Electronic check",2550.9,"Yes"
0,"Yes","No",65,"Yes","Fiber optic","Yes","Electronic check",7246.15,"No"
1,"No","No",2,"No_phone_service","DSL","Yes","Electronic check",62.25,"Yes"
0,"No","No",3,"Yes","Fiber optic","No","Mailed check",313.6,"Yes"
0,"No","No",45,"Yes","Fiber optic","No","Bank transfer (automatic)",3775.85,"Yes"
1,"No","Yes",1,"No","Fiber optic","No","Electronic check",80,"Yes"
0,"No","Yes",61,"No","DSL","Yes","Bank transfer (automatic)",4616.05,"No"
0,"No","No",3,"No","DSL","Yes","Credit card (automatic)",195.65,"Yes"
0,"Yes","No",40,"Yes","Fiber optic","Yes","Credit card (automatic)",4188.4,"No"
0,"No","No",1,"No","Fiber optic","No","Mailed check",71.1,"Yes"
0,"No","No",1,"No","DSL","Yes","Electronic check",49.9,"Yes"
1,"Yes","No",2,"No","DSL","Yes","Electronic check",91.1,"Yes"
0,"No","No",52,"No_phone_service","DSL","No","Mailed check",1623.4,"No"
0,"No","No",51,"Yes","Fiber optic","No","Bank transfer (automatic)",4149.45,"Yes"
0,"No","Yes",31,"Yes","DSL","Yes","Bank transfer (automatic)",2344.5,"No"
1,"No","No",3,"Yes","Fiber optic","Yes","Credit card (automatic)",270.7,"Yes"
0,"No","No",72,"Yes","DSL","Yes","Bank transfer (automatic)",6316.2,"No"
1,"No","Yes",3,"No","DSL","Yes","Electronic check",168.15,"Yes"
0,"Yes","Yes",47,"No","Fiber optic","Yes","Bank transfer (automatic)",4018.05,"No"
0,"No","Yes",72,"Yes","DSL","Yes","Credit card (automatic)",4811.6,"No"
0,"No","Yes",66,"Yes","DSL","Yes","Bank transfer (automatic)",4189.7,"No"
0,"No","No",35,"Yes","Fiber optic","No","Electronic check",2848.45,"Yes"
0,"No","No",29,"Yes","Fiber optic","Yes","Electronic check",2516.2,"Yes"
0,"No","No",4,"No","DSL","No","Mailed check",208.45,"Yes"
1,"No","No",25,"No","Fiber optic","Yes","Bank transfer (automatic)",2015.35,"Yes"
0,"No","No",65,"No","DSL","Yes","Mailed check",3739.8,"No"
0,"Yes","No",27,"Yes","Fiber optic","Yes","Bank transfer (automatic)",2964,"No"
0,"No","No",29,"No","Fiber optic","Yes","Credit card (automatic)",2263.4,"Yes"
0,"No","Yes",29,"Yes","DSL","No","Credit card (automatic)",2211.8,"Yes"
0,"No","No",20,"No","Fiber optic","Yes","Mailed check",1683.7,"Yes"
0,"No","Yes",14,"Yes","Fiber optic","Yes","Mailed check",1164.05,"Yes"
0,"No","No",46,"Yes","Fiber optic","Yes","Credit card (automatic)",4245.55,"Yes"
0,"No","No",71,"No_phone_service","DSL","No","Bank transfer (automatic)",4145.9,"No"
0,"No","No",32,"Yes","Fiber optic","Yes","Bank transfer (automatic)",2664.3,"Yes"
0,"No","No",26,"No_phone_service","DSL","Yes","Credit card (automatic)",1277.5,"Yes"
0,"Yes","No",68,"Yes","Fiber optic","Yes","Credit card (automatic)",5589.3,"Yes"
1,"No","Yes",4,"Yes","Fiber optic","Yes","Electronic check",381.3,"Yes"
1,"No","No",3,"No","DSL","Yes","Electronic check",141.5,"Yes"
1,"Yes","No",33,"Yes","Fiber optic","Yes","Electronic check",3105.55,"Yes"
0,"No","Yes",5,"No","Fiber optic","Yes","Electronic check",356.1,"Yes"
1,"Yes","No",30,"Yes","Fiber optic","No","Credit card (automatic)",2758.15,"Yes"
0,"No","No",65,"Yes","DSL","Yes","Credit card (automatic)",4805.65,"No"
1,"No","No",45,"Yes","Fiber optic","Yes","Electronic check",3941.7,"Yes"
0,"No","Yes",25,"No","Fiber optic","Yes","Electronic check",1901.05,"Yes"
0,"No","Yes",72,"Yes","Fiber optic","No","Bank transfer (automatic)",5730.7,"No"
0,"No","No",27,"Yes","Fiber optic","No","Bank transfer (automatic)",2423.4,"Yes"
0,"No","Yes",32,"No_phone_service","DSL","No","Credit card (automatic)",1653.45,"Yes"
0,"No","No",30,"Yes","Fiber optic","No","Credit card (automatic)",3327.05,"No"
0,"No","No",70,"No","Fiber optic","No","Credit card (automatic)",7085.5,"No"
0,"Yes","No",42,"Yes","Fiber optic","Yes","Bank transfer (automatic)",3344.1,"Yes"
0,"Yes","No",72,"Yes","DSL","Yes","Bank transfer (automatic)",6697.35,"No"
0,"No","No",47,"Yes","DSL","Yes","Mailed check",2879.9,"No"
0,"No","No",2,"No","Fiber optic","Yes","Electronic check",137.1,"Yes"
1,"No","No",10,"Yes","Fiber optic","No","Electronic check",1008.55,"Yes"
0,"No","No",5,"No","DSL","Yes","Credit card (automatic)",202.15,"Yes"
0,"Yes","No",72,"Yes","Fiber optic","Yes","Credit card (automatic)",7882.25,"No"
0,"Yes","Yes",72,"Yes","Fiber optic","Yes","Bank transfer (automatic)",8196.4,"No"
0,"Yes","No",3,"No","Fiber optic","No","Mailed check",202.9,"Yes"
0,"No","No",63,"No","Fiber optic","Yes","Credit card (automatic)",5817,"No"
0,"No","No",27,"No","DSL","Yes","Mailed check",1652.95,"Yes"
0,"No","Yes",70,"No","DSL","Yes","Credit card (automatic)",5600.15,"No"
0,"No","Yes",7,"No","DSL","Yes","Credit card (automatic)",515.75,"Yes"
0,"No","No",2,"No","Fiber optic","No","Electronic check",190.5,"Yes"
1,"Yes","No",20,"Yes","Fiber optic","Yes","Electronic check",1842.8,"Yes"
1,"No","Yes",15,"No","Fiber optic","Yes","Bank transfer (automatic)",1269.55,"Yes"
0,"No","Yes",72,"Yes","Fiber optic","Yes","Bank transfer (automatic)",6563.4,"No"
1,"No","No",22,"No","Fiber optic","No","Electronic check",1907.85,"Yes"
1,"No","No",3,"No","Fiber optic","Yes","Electronic check",208.85,"Yes"
0,"No","Yes",72,"Yes","DSL","No","Bank transfer (automatic)",4758.8,"No"
0,"No","No",11,"No_phone_service","DSL","Yes","Mailed check",363.15,"Yes"
0,"No","No",22,"Yes","Fiber optic","Yes","Mailed check",1600.25,"Yes"
0,"No","No",41,"No","Fiber optic","Yes","Electronic check",3089.1,"Yes"
0,"No","No",17,"No","DSL","No","Mailed check",1175.6,"No"
1,"No","No",15,"Yes","Fiber optic","Yes","Electronic check",1444.65,"Yes"
1,"No","No",5,"No","Fiber optic","Yes","Mailed check",454.15,"Yes"
1,"No","No",33,"No","Fiber optic","Yes","Electronic check",3036.75,"No"
0,"No","No",72,"Yes","Fiber optic","Yes","Credit card (automatic)",8065.65,"No"
0,"No","Yes",3,"No_phone_service","DSL","No","Mailed check",92.5,"Yes"
1,"No","No",2,"Yes","Fiber optic","Yes","Electronic check",184.65,"Yes"
0,"No","No",59,"Yes","Fiber optic","Yes","Credit card (automatic)",6152.3,"No"
1,"No","No",2,"No","DSL","No","Electronic check",89.5,"Yes"
0,"No","Yes",71,"No","DSL","Yes","Credit card (automatic)",5154.5,"No"
0,"No","Yes",5,"No","DSL","No","Mailed check",220.45,"Yes"
0,"No","Yes",27,"No","DSL","Yes","Credit card (automatic)",1510.3,"Yes"
1,"No","No",1,"No","DSL","Yes","Electronic check",52.2,"Yes"
0,"No","Yes",63,"No_phone_service","DSL","Yes","Bank transfer (automatic)",2588.95,"No"
1,"Yes","No",46,"Yes","Fiber optic","Yes","Electronic check",4874.8,"No"
0,"No","Yes",72,"Yes","DSL","No","Bank transfer (automatic)",3983.6,"No"
0,"No","No",34,"Yes","DSL","Yes","Bank transfer (automatic)",2003.6,"Yes"
0,"No","Yes",24,"Yes","DSL","No","Electronic check",1832.4,"No"
0,"No","No",72,"Yes","DSL","No","Bank transfer (automatic)",4908.25,"No"
0,"No","Yes",60,"No_phone_service","DSL","No","Credit card (automatic)",3590.2,"No"
0,"No","No",68,"Yes","DSL","Yes","Credit card (automatic)",5023,"No"
0,"No","Yes",34,"No","DSL","No","Credit card (automatic)",2339.3,"No"
0,"No","No",6,"No_phone_service","DSL","No","Credit card (automatic)",298.7,"Yes"
0,"No","No",2,"No","DSL","Yes","Mailed check",143.65,"Yes"
0,"No","No",31,"Yes","Fiber optic","No","Credit card (automatic)",2548.65,"No"
1,"No","No",62,"Yes","Fiber optic","Yes","Electronic check",6125.4,"No"
0,"Yes","No",70,"Yes","Fiber optic","Yes","Credit card (automatic)",5411.4,"No"
1,"No","No",10,"Yes","Fiber optic","Yes","Electronic check",1058.25,"Yes"
0,"No","No",46,"No","DSL","Yes","Credit card (automatic)",3009.5,"No"
1,"No","No",6,"No","Fiber optic","Yes","Electronic check",489.45,"Yes"
0,"No","Yes",72,"Yes","DSL","Yes","Bank transfer (automatic)",5468.45,"No"
0,"No","No",18,"No","DSL","No","Credit card (automatic)",1058.1,"Yes"
0,"No","No",71,"Yes","Fiber optic","Yes","Credit card (automatic)",7616,"No"
1,"No","No",40,"Yes","Fiber optic","Yes","Electronic check",4113.1,"Yes"
1,"No","No",1,"No","Fiber optic","Yes","Electronic check",69.55,"Yes"
1,"No","No",58,"Yes","Fiber optic","Yes","Bank transfer (automatic)",6017.65,"No"
1,"No","No",70,"Yes","Fiber optic","Yes","Credit card (automatic)",7250.15,"No"
0,"No","Yes",34,"No_phone_service","DSL","No","Bank transfer (automatic)",938.65,"No"
0,"No","No",25,"Yes","Fiber optic","Yes","Mailed check",2088.05,"Yes"
1,"No","No",2,"No","Fiber optic","Yes","Mailed check",178.7,"Yes"
0,"No","Yes",55,"No","Fiber optic","Yes","Bank transfer (automatic)",5656.75,"No"
1,"No","No",21,"Yes","Fiber optic","Yes","Electronic check",2317.1,"Yes"
0,"No","No",70,"Yes","Fiber optic","Yes","Credit card (automatic)",5986.45,"No"
0,"No","No",61,"Yes","Fiber optic","Yes","Electronic check",6751.35,"Yes"
0,"No","Yes",43,"No","DSL","Yes","Credit card (automatic)",3566.6,"No"
0,"No","No",47,"Yes","Fiber optic","Yes","Electronic check",4889.3,"No"
0,"No","No",5,"No","DSL","Yes","Credit card (automatic)",318.1,"Yes"
1,"No","Yes",16,"No","Fiber optic","Yes","Credit card (automatic)",1430.25,"Yes"
1,"Yes","No",7,"Yes","Fiber optic","Yes","Bank transfer (automatic)",644.35,"Yes"
1,"No","Yes",60,"No","Fiber optic","No","Electronic check",5453.4,"No"
0,"No","Yes",34,"No_phone_service","DSL","Yes","Electronic check",1442.6,"Yes"
1,"No","No",50,"Yes","Fiber optic","No","Electronic check",5610.7,"No"
0,"No","Yes",70,"No","DSL","No","Credit card (automatic)",5222.3,"No"
0,"No","Yes",37,"Yes","Fiber optic","Yes","Electronic check",3340.55,"Yes"
1,"Yes","No",4,"No","Fiber optic","Yes","Electronic check",292.8,"Yes"
0,"Yes","Yes",60,"Yes","Fiber optic","Yes","Electronic check",5774.55,"Yes"
0,"No","Yes",62,"No","DSL","No","Credit card (automatic)",4487.3,"No"
1,"No","No",1,"No","DSL","No","Mailed check",44.4,"Yes"
0,"No","No",36,"No","DSL","Yes","Credit card (automatic)",2854.95,"Yes"
1,"Yes","No",55,"Yes","Fiber optic","Yes","Electronic check",5509.3,"No"
0,"No","No",72,"Yes","Fiber optic","Yes","Credit card (automatic)",7589.8,"No"
0,"No","No",13,"No_phone_service","DSL","Yes","Bank transfer (automatic)",394.1,"Yes"
1,"No","No",1,"No","Fiber optic","Yes","Electronic check",89.9,"Yes"
0,"No","No",65,"No","DSL","Yes","Bank transfer (automatic)",5459.2,"No"
0,"No","Yes",12,"No_phone_service","DSL","No","Credit card (automatic)",444.75,"No"
0,"No","No",72,"Yes","DSL","Yes","Credit card (automatic)",6782.15,"No"
0,"No","Yes",72,"Yes","DSL","No","Credit card (automatic)",6510.45,"No"
0,"No","Yes",72,"Yes","Fiber optic","Yes","Bank transfer (automatic)",8476.5,"No"
0,"No","Yes",52,"Yes","DSL","Yes","Mailed check",4461.85,"No"
0,"No","No",5,"No","DSL","Yes","Electronic check",352.65,"Yes"
1,"No","Yes",62,"Yes","Fiber optic","Yes","Electronic check",6413.65,"No"
0,"No","No",72,"Yes","DSL","No","Credit card (automatic)",6309.65,"No"
1,"No","No",1,"No","DSL","No","Electronic check",50.8,"Yes"
0,"No","No",66,"Yes","Fiber optic","No","Electronic check",5898.6,"No"
0,"No","Yes",72,"No_phone_service","DSL","Yes","Credit card (automatic)",4719.75,"No"
0,"No","Yes",64,"Yes","Fiber optic","No","Bank transfer (automatic)",5822.3,"No"
1,"Yes","No",20,"No","Fiber optic","Yes","Electronic check",1463.5,"Yes"
1,"No","No",3,"No","Fiber optic","Yes","Electronic check",307.4,"Yes"
1,"No","No",22,"Yes","Fiber optic","Yes","Credit card (automatic)",2104.55,"Yes"
1,"No","No",4,"No","Fiber optic","Yes","Mailed check",319.15,"Yes"
0,"No","No",62,"No_phone_service","DSL","Yes","Bank transfer (automatic)",2337.45,"No"
1,"No","No",59,"Yes","Fiber optic","No","Electronic check",5084.65,"No"
0,"No","No",72,"Yes","Fiber optic","Yes","Bank transfer (automatic)",7015.9,"No"
0,"No","Yes",57,"No","Fiber optic","Yes","Credit card (automatic)",5598,"No"
1,"No","No",60,"No_phone_service","DSL","Yes","Electronic check",3027.4,"Yes"
0,"No","Yes",45,"Yes","Fiber optic","No","Bank transfer (automatic)",4634.35,"No"
0,"No","No",3,"No_phone_service","DSL","Yes","Credit card (automatic)",113.95,"Yes"
1,"No","No",15,"No","Fiber optic","No","Electronic check",1582.75,"Yes"
0,"No","Yes",51,"No_phone_service","DSL","No","Bank transfer (automatic)",3077,"No"
0,"No","No",60,"Yes","DSL","No","Electronic check",4039.5,"No"
0,"No","No",33,"Yes","DSL","Yes","Bank transfer (automatic)",1665.2,"Yes"
1,"No","No",10,"No","Fiber optic","Yes","Electronic check",1043.3,"Yes"
1,"No","No",6,"No","Fiber optic","No","Electronic check",497.55,"Yes"
0,"No","No",67,"Yes","Fiber optic","Yes","Electronic check",7511.65,"No"
0,"No","Yes",49,"No_phone_service","DSL","Yes","Credit card (automatic)",1782,"No"
0,"Yes","No",7,"No","Fiber optic","Yes","Electronic check",609.65,"Yes"
0,"Yes","No",27,"Yes","Fiber optic","Yes","Bank transfer (automatic)",2857.6,"No"
0,"No","Yes",37,"No","Fiber optic","No","Credit card (automatic)",3247.55,"No"
1,"No","Yes",63,"Yes","Fiber optic","Yes","Electronic check",6215.35,"Yes"
0,"No","Yes",31,"Yes","Fiber optic","No","Electronic check",2823,"Yes"
1,"No","Yes",50,"Yes","Fiber optic","Yes","Bank transfer (automatic)",5017.9,"Yes"
0,"Yes","No",32,"Yes","Fiber optic","Yes","Credit card (automatic)",2619.25,"Yes"
1,"No","No",1,"No_phone_service","DSL","No","Electronic check",24.6,"Yes"
0,"No","No",63,"Yes","Fiber optic","Yes","Credit card (automatic)",4965.1,"No"
0,"No","No",30,"Yes","Fiber optic","Yes","Credit card (automatic)",2679.7,"Yes"
0,"No","No",71,"Yes","Fiber optic","Yes","Bank transfer (automatic)",8310.55,"No"
0,"No","No",53,"Yes","Fiber optic","No","Electronic check",5682.25,"No"
1,"No","No",12,"No","Fiber optic","Yes","Bank transfer (automatic)",1120.95,"Yes"
0,"No","No",50,"Yes","Fiber optic","Yes","Credit card (automatic)",4914.9,"Yes"
1,"No","No",9,"Yes","Fiber optic","No","Credit card (automatic)",923.5,"Yes"
1,"No","No",17,"No","Fiber optic","No","Electronic check",1625.65,"Yes"
0,"No","No",56,"No","Fiber optic","Yes","Credit card (automatic)",6068.65,"No"
0,"No","Yes",67,"No","DSL","No","Credit card (automatic)",5398.6,"No"
1,"Yes","No",9,"Yes","Fiber optic","Yes","Electronic check",918.6,"Yes"
0,"No","No",4,"No","DSL","Yes","Electronic check",234.85,"Yes"
0,"No","No",19,"No","DSL","Yes","Bank transfer (automatic)",1231.85,"No"
0,"No","No",71,"Yes","Fiber optic","Yes","Electronic check",7984.15,"No"
1,"Yes","No",10,"No","Fiber optic","Yes","Electronic check",688.65,"Yes"
0,"Yes","No",15,"Yes","Fiber optic","No","Credit card (automatic)",1288.3,"Yes"
0,"No","Yes",72,"Yes","Fiber optic","Yes","Bank transfer (automatic)",7848.5,"No"
1,"Yes","No",1,"Yes","Fiber optic","Yes","Electronic check",73.55,"Yes"
0,"Yes","No",23,"No","Fiber optic","Yes","Bank transfer (automatic)",1643.55,"Yes"
0,"No","No",72,"No_phone_service","DSL","Yes","Bank transfer (automatic)",4807.45,"No"
0,"No","No",26,"Yes","Fiber optic","Yes","Electronic check",2193,"Yes"
0,"No","No",21,"No","Fiber optic","Yes","Mailed check",2239.4,"No"
0,"No","No",16,"Yes","Fiber optic","Yes","Electronic check",1189.4,"Yes"
0,"No","No",63,"Yes","DSL","Yes","Credit card (automatic)",4786.15,"No"
0,"Yes","No",22,"No","Fiber optic","No","Electronic check",1820.9,"Yes"
0,"No","Yes",32,"No","DSL","No","Bank transfer (automatic)",2404.15,"Yes"
1,"Yes","No",3,"Yes","Fiber optic","Yes","Electronic check",205.05,"Yes"
1,"No","No",13,"No","Fiber optic","Yes","Electronic check",952.3,"Yes"
0,"No","Yes",68,"Yes","Fiber optic","Yes","Credit card (automatic)",7039.45,"No"
0,"No","Yes",30,"No","Fiber optic","No","Electronic check",2538.05,"No"
0,"No","No",16,"No","Fiber optic","No","Bank transfer (automatic)",1212.85,"Yes"
0,"No","No",33,"No","Fiber optic","No","Bank transfer (automatic)",2651.1,"No"
1,"Yes","No",4,"Yes","Fiber optic","Yes","Electronic check",360.1,"Yes"
0,"No","No",12,"No_phone_service","DSL","Yes","Mailed check",435.45,"No"
0,"Yes","No",4,"Yes","Fiber optic","Yes","Electronic check",308.05,"Yes"
1,"No","No",6,"Yes","Fiber optic","Yes","Electronic check",434.5,"Yes"
0,"No","No",65,"Yes","Fiber optic","Yes","Credit card (automatic)",7118.9,"No"
0,"No","Yes",13,"No_phone_service","DSL","No","Electronic check",382.2,"Yes"
0,"No","No",24,"No","Fiber optic","Yes","Credit card (automatic)",2001,"Yes"
0,"No","No",72,"No_phone_service","DSL","No","Bank transfer (automatic)",4919.7,"No"
0,"No","Yes",54,"Yes","Fiber optic","Yes","Bank transfer (automatic)",5645.8,"Yes"
1,"No","No",3,"Yes","Fiber optic","No","Bank transfer (automatic)",215.8,"Yes"
0,"Yes","Yes",32,"Yes","Fiber optic","Yes","Mailed check",2896.55,"Yes"
1,"Yes","No",35,"Yes","Fiber optic","Yes","Electronic check",3395.8,"Yes"
1,"Yes","No",2,"No","DSL","No","Mailed check",85.15,"Yes"
0,"No","No",8,"No","Fiber optic","No","Electronic check",535.55,"Yes"
0,"No","No",22,"No","DSL","No","Mailed check",1253.15,"Yes"
0,"No","No",15,"No","DSL","No","Electronic check",955.15,"Yes"
0,"No","No",22,"Yes","Fiber optic","Yes","Electronic check",2162.6,"Yes"
1,"No","No",1,"No","DSL","No","Credit card (automatic)",44.7,"Yes"
0,"No","No",4,"No","DSL","No","Electronic check",245.15,"Yes"
0,"No","No",25,"Yes","DSL","No","Bank transfer (automatic)",2028.8,"Yes"
0,"No","Yes",32,"No","Fiber optic","Yes","Electronic check",2723.75,"Yes"
0,"Yes","No",7,"No_phone_service","DSL","No","Bank transfer (automatic)",220.45,"Yes"
0,"Yes","No",8,"No","DSL","No","Bank transfer (automatic)",551.95,"Yes"
0,"Yes","No",56,"Yes","DSL","No","Bank transfer (automatic)",4054.2,"No"
1,"No","No",1,"No","DSL","Yes","Mailed check",45.7,"Yes"
1,"Yes","No",8,"No","Fiber optic","No","Credit card (automatic)",832.35,"Yes"
0,"No","No",71,"No","DSL","No","Credit card (automatic)",5550.1,"No"
1,"No","No",2,"Yes","Fiber optic","Yes","Electronic check",174.8,"Yes"
1,"No","No",1,"No","Fiber optic","No","Electronic check",90.55,"Yes"
0,"No","No",49,"Yes","Fiber optic","Yes","Bank transfer (automatic)",4733.1,"Yes"
0,"No","No",58,"No","DSL","No","Bank transfer (automatic)",4048.95,"No"
1,"Yes","No",44,"No_phone_service","DSL","Yes","Electronic check",1359.7,"Yes"
0,"No","Yes",59,"No","DSL","Yes","Credit card (automatic)",4542.35,"No"
1,"No","No",71,"Yes","Fiber optic","Yes","Electronic check",7532.15,"No"
1,"No","No",1,"No","Fiber optic","Yes","Electronic check",69.9,"Yes"
0,"No","No",11,"Yes","Fiber optic","No","Electronic check",888.65,"Yes"
1,"Yes","No",62,"Yes","Fiber optic","Yes","Electronic check",6383.35,"No"
0,"No","Yes",35,"No","DSL","Yes","Bank transfer (automatic)",1916,"No"
0,"No","No",39,"No","DSL","Yes","Electronic check",1886.4,"No"
1,"No","No",1,"Yes","Fiber optic","Yes","Electronic check",86.6,"Yes"
1,"Yes","No",33,"Yes","Fiber optic","Yes","Bank transfer (automatic)",2656.5,"Yes"
0,"No","No",12,"No","DSL","No","Bank transfer (automatic)",540.95,"Yes"
0,"No","No",56,"No","Fiber optic","No","Bank transfer (automatic)",4513.65,"No"
1,"No","No",35,"Yes","Fiber optic","No","Credit card (automatic)",2917.5,"Yes"
1,"No","No",34,"No","Fiber optic","Yes","Credit card (automatic)",2416.1,"Yes"
1,"Yes","No",4,"Yes","Fiber optic","Yes","Electronic check",424.45,"Yes"
0,"No","No",2,"No","DSL","No","Electronic check",132.4,"Yes"
1,"No","No",7,"No","Fiber optic","Yes","Electronic check",660.9,"Yes"
1,"Yes","No",27,"Yes","Fiber optic","Yes","Electronic check",1893.95,"Yes"
0,"No","Yes",4,"No","Fiber optic","Yes","Mailed check",284.9,"Yes"
0,"Yes","No",53,"Yes","Fiber optic","Yes","Credit card (automatic)",5016.25,"No"
1,"No","No",18,"Yes","Fiber optic","Yes","Electronic check",1612.75,"Yes"
1,"No","No",2,"No","Fiber optic","No","Electronic check",119.75,"Yes"
1,"No","Yes",32,"Yes","Fiber optic","Yes","Credit card (automatic)",3204.65,"Yes"
0,"No","No",3,"No","DSL","Yes","Mailed check",160.85,"Yes"
0,"No","Yes",71,"No_phone_service","DSL","No","Mailed check",4145.25,"No"
0,"No","No",9,"No","Fiber optic","Yes","Bank transfer (automatic)",827.45,"Yes"
0,"No","No",1,"No","DSL","No","Electronic check",49.5,"Yes"
1,"No","Yes",18,"No","DSL","No","Electronic check",990.85,"Yes"
1,"No","Yes",12,"No","DSL","No","Credit card (automatic)",696.35,"No"
0,"No","No",71,"Yes","DSL","Yes","Mailed check",5585.4,"No"
0,"No","No",4,"No_phone_service","DSL","Yes","Electronic check",162.45,"Yes"
0,"No","Yes",39,"No","DSL","No","Credit card (automatic)",2066,"Yes"
0,"No","No",28,"No","DSL","No","Mailed check",1426.45,"No"
0,"Yes","No",5,"No","Fiber optic","Yes","Electronic check",392.5,"Yes"
0,"Yes","No",45,"No","Fiber optic","Yes","Electronic check",3861.45,"Yes"
0,"No","No",37,"No","Fiber optic","Yes","Mailed check",2552.9,"Yes"
0,"Yes","No",60,"No","Fiber optic","Yes","Bank transfer (automatic)",6668.35,"No"
1,"Yes","No",8,"Yes","Fiber optic","Yes","Electronic check",819.4,"Yes"
0,"No","No",47,"Yes","Fiber optic","No","Credit card (automatic)",4615.25,"No"
1,"No","Yes",26,"Yes","Fiber optic","Yes","Electronic check",2070.6,"Yes"
1,"Yes","Yes",3,"No","Fiber optic","Yes","Mailed check",273.75,"Yes"
0,"No","Yes",50,"No","Fiber optic","Yes","Bank transfer (automatic)",3557.7,"Yes"
0,"No","Yes",27,"Yes","DSL","No","Bank transfer (automatic)",1957.1,"Yes"
1,"Yes","No",8,"No","Fiber optic","Yes","Electronic check",729.95,"Yes"
0,"No","No",71,"No","DSL","No","Bank transfer (automatic)",5924.4,"No"
0,"No","Yes",68,"Yes","Fiber optic","Yes","Bank transfer (automatic)",7849.85,"No"
0,"No","No",13,"No_phone_service","DSL","No","Electronic check",649.4,"Yes"
0,"No","No",56,"No","Fiber optic","Yes","Electronic check",4557.5,"No"
1,"No","No",38,"No","Fiber optic","Yes","Electronic check",3013.05,"Yes"
1,"Yes","No",14,"No","Fiber optic","No","Credit card (automatic)",1266.1,"Yes"
0,"No","Yes",14,"No","Fiber optic","No","Electronic check",1046.5,"Yes"
1,"No","Yes",32,"No","Fiber optic","Yes","Bank transfer (automatic)",2347.9,"Yes"
0,"No","No",8,"No","DSL","No","Bank transfer (automatic)",447.75,"No"
0,"No","Yes",43,"Yes","Fiber optic","Yes","Bank transfer (automatic)",4209.95,"Yes"
0,"No","No",52,"Yes","DSL","No","Credit card (automatic)",3877.65,"No"
0,"No","No",3,"No","DSL","Yes","Mailed check",152.3,"Yes"
1,"Yes","No",12,"No_phone_service","DSL","Yes","Electronic check",526.95,"Yes"
0,"No","Yes",16,"No_phone_service","DSL","Yes","Credit card (automatic)",552.7,"Yes"
0,"No","No",40,"Yes","DSL","Yes","Mailed check",3208.65,"No"
1,"No","No",5,"No_phone_service","DSL","No","Electronic check",210.75,"Yes"
1,"No","No",40,"Yes","Fiber optic","Yes","Bank transfer (automatic)",3706.95,"Yes"
1,"No","No",5,"No","Fiber optic","Yes","Electronic check",412.5,"Yes"
1,"No","No",10,"No","Fiber optic","Yes","Mailed check",832.05,"Yes"
1,"No","Yes",2,"No","Fiber optic","Yes","Bank transfer (automatic)",185.55,"Yes"
1,"No","No",23,"Yes","Fiber optic","Yes","Electronic check",1943.2,"Yes"
0,"Yes","No",72,"Yes","Fiber optic","Yes","Electronic check",8046.85,"No"
0,"No","No",34,"No","DSL","No","Bank transfer (automatic)",1815.3,"Yes"
0,"No","No",10,"No","DSL","No","Bank transfer (automatic)",612.95,"Yes"
0,"No","No",14,"No","DSL","No","Mailed check",795.15,"No"
1,"No","No",23,"Yes","Fiber optic","Yes","Bank transfer (automatic)",2169.8,"Yes"
0,"No","No",24,"No","Fiber optic","Yes","Electronic check",2210.2,"Yes"
1,"No","No",49,"Yes","Fiber optic","Yes","Bank transfer (automatic)",4853.75,"Yes"
0,"Yes","No",20,"No","DSL","No","Mailed check",1055.9,"No"
1,"No","No",2,"No","Fiber optic","No","Bank transfer (automatic)",144.55,"Yes"
1,"No","No",2,"No","DSL","Yes","Credit card (automatic)",91.1,"Yes"
0,"No","No",22,"No_phone_service","DSL","No","Bank transfer (automatic)",1304.85,"No"
1,"No","No",7,"Yes","Fiber optic","Yes","Bank transfer (automatic)",713,"Yes"
0,"No","Yes",59,"Yes","Fiber optic","Yes","Bank transfer (automatic)",5580.8,"Yes"
1,"No","No",41,"Yes","Fiber optic","Yes","Bank transfer (automatic)",4527.45,"Yes"
0,"Yes","No",59,"Yes","Fiber optic","Yes","Credit card (automatic)",4590.35,"No"
0,"No","Yes",3,"No","Fiber optic","Yes","Electronic check",200.2,"Yes"
0,"Yes","No",46,"Yes","Fiber optic","Yes","Electronic check",4564.9,"Yes"
1,"No","No",2,"No","Fiber optic","Yes","Electronic check",171.15,"Yes"
1,"Yes","No",13,"No","Fiber optic","Yes","Electronic check",940.35,"Yes"
1,"Yes","No",11,"No","Fiber optic","No","Bank transfer (automatic)",1047.7,"Yes"
0,"No","No",32,"Yes","Fiber optic","No","Bank transfer (automatic)",2766.4,"Yes"
1,"Yes","No",17,"Yes","Fiber optic","Yes","Credit card (automatic)",1622.45,"Yes"
0,"No","No",16,"Yes","Fiber optic","Yes","Credit card (automatic)",1129.35,"Yes"
0,"No","No",51,"Yes","Fiber optic","No","Bank transfer (automatic)",5680.9,"No"
0,"No","No",29,"No","DSL","Yes","Bank transfer (automatic)",2243.9,"No"
0,"No","No",70,"No","DSL","No","Credit card (automatic)",4523.25,"No"
0,"No","Yes",71,"Yes","Fiber optic","No","Electronic check",7159.7,"No"
0,"No","Yes",41,"Yes","DSL","No","Bank transfer (automatic)",2839.95,"No"
0,"No","No",1,"No","Fiber optic","Yes","Electronic check",80.55,"Yes"
0,"No","No",7,"No","DSL","No","Bank transfer (automatic)",580.1,"Yes"
1,"No","Yes",25,"No","Fiber optic","Yes","Electronic check",2178.6,"No"
0,"No","Yes",67,"Yes","Fiber optic","No","Electronic check",6038.55,"No"
0,"No","Yes",5,"Yes","DSL","Yes","Mailed check",259.4,"Yes"
1,"No","Yes",3,"No","DSL","Yes","Mailed check",168.15,"Yes"
0,"No","Yes",54,"Yes","Fiber optic","Yes","Electronic check",5637.85,"No"
0,"No","No",9,"No","Fiber optic","Yes","Electronic check",769.1,"Yes"
0,"No","No",63,"Yes","Fiber optic","No","Bank transfer (automatic)",6253,"No"
0,"No","No",40,"No","DSL","Yes","Mailed check",2058.5,"Yes"
0,"No","No",60,"No_phone_service","DSL","No","Bank transfer (automatic)",2424.5,"No"
1,"No","No",4,"No","Fiber optic","Yes","Bank transfer (automatic)",387.2,"Yes"
0,"Yes","No",71,"Yes","DSL","No","Mailed check",6293.45,"No"
1,"No","No",37,"Yes","Fiber optic","Yes","Credit card (automatic)",2839.65,"Yes"
0,"No","No",32,"Yes","Fiber optic","Yes","Credit card (automatic)",3145.9,"Yes"
0,"No","No",39,"Yes","DSL","Yes","Credit card (automatic)",2200.7,"No"
0,"No","No",52,"Yes","Fiber optic","Yes","Credit card (automatic)",4577.75,"No"
0,"No","Yes",48,"Yes","Fiber optic","Yes","Credit card (automatic)",4997.5,"Yes"
0,"No","Yes",70,"No_phone_service","DSL","No","Bank transfer (automatic)",4144.8,"No"
0,"No","No",20,"No","Fiber optic","No","Credit card (automatic)",1493.55,"Yes"
0,"No","No",50,"Yes","DSL","Yes","Credit card (automatic)",4179.1,"No"
1,"No","No",19,"No_phone_service","DSL","Yes","Credit card (automatic)",893.55,"No"
0,"No","Yes",25,"No","DSL","Yes","Bank transfer (automatic)",1611,"No"
0,"No","No",12,"No","DSL","Yes","Bank transfer (automatic)",593.05,"Yes"
1,"Yes","No",39,"Yes","Fiber optic","Yes","Electronic check",4284.8,"Yes"
1,"No","No",7,"No","Fiber optic","No","Mailed check",544.55,"Yes"
0,"No","Yes",23,"No","DSL","Yes","Mailed check",1533.8,"No"
0,"Yes","No",47,"Yes","Fiber optic","Yes","Credit card (automatic)",3865.6,"Yes"
1,"No","No",14,"Yes","DSL","Yes","Bank transfer (automatic)",941,"Yes"
1,"Yes","No",11,"Yes","Fiber optic","Yes","Bank transfer (automatic)",1133.65,"Yes"
0,"No","Yes",26,"No","Fiber optic","No","Electronic check",2070.05,"Yes"
0,"Yes","No",72,"Yes","Fiber optic","Yes","Bank transfer (automatic)",8333.95,"No"
0,"No","Yes",11,"Yes","DSL","Yes","Bank transfer (automatic)",723.35,"Yes"
0,"No","Yes",13,"Yes","DSL","No","Credit card (automatic)",1161.75,"No"
0,"Yes","Yes",11,"Yes","Fiber optic","Yes","Credit card (automatic)",775.3,"Yes"
0,"No","No",18,"Yes","DSL","No","Credit card (automatic)",1074.65,"Yes"
1,"No","No",1,"No_phone_service","DSL","Yes","Electronic check",35.55,"Yes"
0,"No","No",32,"No","Fiber optic","Yes","Bank transfer (automatic)",2324.7,"Yes"
0,"No","No",29,"No_phone_service","DSL","No","Mailed check",1072.6,"No"
0,"No","No",3,"Yes","DSL","Yes","Electronic check",170.5,"Yes"
1,"No","No",2,"Yes","Fiber optic","Yes","Electronic check",196.9,"Yes"
1,"No","Yes",13,"No","Fiber optic","Yes","Mailed check",1162.85,"Yes"
0,"No","No",41,"No_phone_service","DSL","Yes","Electronic check",1677.85,"Yes"
0,"No","No",7,"No","DSL","No","Mailed check",370.4,"Yes"
0,"No","No",52,"No","DSL","Yes","Mailed check",3410.6,"No"
0,"No","No",70,"Yes","DSL","No","Credit card (automatic)",5264.25,"No"
0,"Yes","No",62,"Yes","Fiber optic","Yes","Credit card (automatic)",5936.55,"No"
0,"No","No",60,"Yes","Fiber optic","Yes","Credit card (automatic)",5475.9,"Yes"
1,"Yes","No",3,"No","Fiber optic","Yes","Electronic check",224.05,"Yes"
0,"Yes","No",23,"No","Fiber optic","Yes","Electronic check",2326.05,"Yes"
1,"No","Yes",1,"No_phone_service","DSL","Yes","Mailed check",31.35,"Yes"
0,"No","No",67,"No","DSL","Yes","Bank transfer (automatic)",4991.5,"No"
1,"No","No",12,"Yes","Fiber optic","Yes","Bank transfer (automatic)",1052.4,"Yes"
0,"Yes","No",71,"Yes","DSL","Yes","Bank transfer (automatic)",5831.2,"No"
0,"No","No",5,"Yes","DSL","Yes","Electronic check",283.95,"Yes"
0,"No","No",26,"Yes","DSL","Yes","Credit card (automatic)",1295.4,"No"
0,"Yes","No",70,"No_phone_service","DSL","Yes","Credit card (automatic)",3011.65,"No"
0,"No","Yes",72,"Yes","Fiber optic","Yes","Electronic check",8093.15,"No"
1,"No","No",60,"No","Fiber optic","Yes","Electronic check",5610.25,"No"
0,"Yes","Yes",32,"Yes","Fiber optic","Yes","Electronic check",3217.65,"Yes"
0,"No","No",14,"Yes","DSL","Yes","Mailed check",773.2,"No"
0,"No","No",13,"Yes","Fiber optic","Yes","Credit card (automatic)",1029.35,"Yes"
1,"No","No",6,"Yes","Fiber optic","Yes","Credit card (automatic)",669.45,"Yes"
0,"No","No",46,"Yes","DSL","No","Mailed check",3593.8,"No"
1,"No","No",15,"No","Fiber optic","Yes","Electronic check",1553.95,"Yes"
0,"Yes","No",43,"Yes","Fiber optic","Yes","Electronic check",3953.15,"Yes"
0,"No","No",39,"No","DSL","Yes","Bank transfer (automatic)",1971.15,"No"
1,"Yes","No",21,"No","DSL","Yes","Bank transfer (automatic)",1236.15,"Yes"
0,"No","No",57,"No_phone_service","DSL","Yes","Electronic check",3196,"Yes"
0,"No","No",53,"No","Fiber optic","Yes","Electronic check",4872.2,"No"
0,"No","Yes",18,"No","Fiber optic","Yes","Mailed check",1500.5,"Yes"
1,"No","No",1,"Yes","DSL","Yes","Electronic check",60.15,"Yes"
0,"No","No",58,"Yes","DSL","Yes","Bank transfer (automatic)",3478.75,"No"
0,"Yes","No",71,"Yes","Fiber optic","No","Bank transfer (automatic)",7413.55,"No"
0,"No","No",35,"No","Fiber optic","Yes","Electronic check",3532,"No"
0,"No","No",3,"No","Fiber optic","No","Credit card (automatic)",256.75,"Yes"
0,"No","No",38,"Yes","Fiber optic","Yes","Electronic check",3887.25,"No"
0,"No","Yes",35,"Yes","DSL","Yes","Credit card (automatic)",2490.15,"No"
1,"No","No",7,"Yes","Fiber optic","Yes","Electronic check",593.45,"Yes"
0,"No","No",47,"No","DSL","No","Mailed check",3510.3,"No"
0,"No","No",14,"No","DSL","No","Electronic check",765.45,"Yes"
0,"Yes","No",20,"No","DSL","Yes","Electronic check",1259.35,"Yes"
0,"No","No",66,"Yes","DSL","No","Electronic check",5538.35,"No"
0,"No","No",17,"Yes","Fiber optic","No","Electronic check",1348.95,"Yes"
0,"No","No",37,"Yes","Fiber optic","Yes","Credit card (automatic)",3778,"No"
0,"No","No",12,"No","DSL","Yes","Electronic check",611.65,"Yes"
1,"No","No",53,"No","Fiber optic","Yes","Bank transfer (automatic)",4867.95,"No"
0,"No","Yes",18,"No_phone_service","DSL","No","Credit card (automatic)",467.85,"Yes"
1,"No","No",1,"Yes","Fiber optic","Yes","Electronic check",74.9,"Yes"
0,"No","No",3,"No","Fiber optic","Yes","Electronic check",194.2,"Yes"
0,"No","Yes",9,"No","DSL","Yes","Credit card (automatic)",571.45,"Yes"
1,"No","No",1,"No","Fiber optic","Yes","Electronic check",80.25,"Yes"
0,"No","No",56,"Yes","Fiber optic","Yes","Electronic check",5253.95,"No"
1,"No","Yes",17,"No","Fiber optic","Yes","Electronic check",1149.65,"Yes"
1,"No","Yes",11,"Yes","DSL","Yes","Electronic check",740.8,"Yes"
0,"No","No",7,"No","Fiber optic","Yes","Electronic check",521.35,"Yes"
1,"No","No",19,"Yes","Fiber optic","Yes","Bank transfer (automatic)",1532.45,"Yes"
1,"No","Yes",3,"No","Fiber optic","Yes","Electronic check",250.05,"Yes"
1,"No","No",24,"Yes","Fiber optic","Yes","Credit card (automatic)",2282.55,"Yes"
0,"No","Yes",62,"Yes","DSL","Yes","Credit card (automatic)",4300.45,"Yes"
0,"No","No",17,"Yes","DSL","No","Bank transfer (automatic)",1111.2,"Yes"
0,"No","No",9,"No_phone_service","DSL","Yes","Mailed check",190.1,"Yes"
0,"No","Yes",64,"No","DSL","No","Mailed check",4447.75,"No"
1,"No","No",2,"Yes","Fiber optic","Yes","Electronic check",143.35,"Yes"
1,"No","Yes",1,"No","DSL","Yes","Mailed check",45.85,"Yes"
1,"No","No",16,"No_phone_service","DSL","Yes","Electronic check",810.2,"Yes"
0,"No","No",30,"Yes","Fiber optic","No","Bank transfer (automatic)",2820.65,"No"
0,"No","No",49,"Yes","Fiber optic","Yes","Mailed check",4847.35,"Yes"
0,"No","No",61,"Yes","DSL","No","Credit card (automatic)",4729.3,"No"
0,"No","Yes",47,"Yes","Fiber optic","No","Electronic check",4017.45,"Yes"
0,"No","No",20,"No","DSL","No","Credit card (automatic)",1398.6,"Yes"
1,"No","Yes",34,"No","Fiber optic","No","Electronic check",2564.3,"Yes"
0,"No","Yes",54,"No","Fiber optic","Yes","Electronic check",5826.65,"No"
0,"Yes","No",61,"Yes","Fiber optic","Yes","Mailed check",6066.55,"No"
1,"No","No",3,"Yes","Fiber optic","Yes","Electronic check",228.4,"Yes"
1,"Yes","No",16,"Yes","Fiber optic","Yes","Electronic check",1529.2,"Yes"
0,"No","Yes",3,"No","DSL","Yes","Credit card (automatic)",168.6,"Yes"
0,"No","No",30,"Yes","DSL","Yes","Mailed check",1888.45,"Yes"
0,"No","No",21,"No_phone_service","DSL","No","Electronic check",629.35,"Yes"
1,"No","No",1,"No","DSL","No","Electronic check",45.3,"Yes"
0,"Yes","No",23,"No","Fiber optic","Yes","Electronic check",2117.25,"Yes"
0,"No","Yes",45,"Yes","Fiber optic","Yes","Electronic check",4730.9,"Yes"
0,"No","Yes",24,"Yes","Fiber optic","No","Bank transfer (automatic)",2033.05,"No"
1,"No","No",11,"Yes","Fiber optic","No","Electronic check",987.95,"Yes"
1,"No","No",1,"No","DSL","No","Mailed check",45.05,"Yes"
0,"No","No",56,"Yes","Fiber optic","No","Bank transfer (automatic)",5744.35,"No"
1,"No","No",1,"No","Fiber optic","No","Electronic check",75.8,"Yes"
1,"No","No",7,"No","Fiber optic","Yes","Electronic check",523.15,"Yes"
0,"Yes","No",55,"No","Fiber optic","No","Credit card (automatic)",4805.3,"No"
1,"No","No",2,"No_phone_service","DSL","Yes","Electronic check",59.05,"Yes"
0,"No","Yes",72,"Yes","DSL","Yes","Credit card (automatic)",6110.75,"No"
0,"Yes","No",45,"No_phone_service","DSL","No","Electronic check",1596.6,"No"
1,"Yes","No",46,"No","Fiber optic","No","Credit card (automatic)",4424.2,"No"
0,"No","No",2,"No","DSL","Yes","Mailed check",92.75,"Yes"
0,"No","No",2,"No","Fiber optic","Yes","Electronic check",194.55,"Yes"
0,"No","No",12,"No","DSL","Yes","Electronic check",612.1,"Yes"
1,"Yes","No",68,"Yes","Fiber optic","Yes","Bank transfer (automatic)",6127.6,"Yes"
0,"No","Yes",69,"No","Fiber optic","Yes","Credit card (automatic)",6671.7,"No"
0,"Yes","Yes",56,"No","Fiber optic","No","Credit card (automatic)",5264.3,"No"
0,"Yes","No",4,"Yes","Fiber optic","Yes","Electronic check",303.7,"Yes"
0,"No","No",64,"Yes","DSL","Yes","Bank transfer (automatic)",4818.8,"No"
1,"No","No",59,"Yes","Fiber optic","Yes","Electronic check",6448.05,"No"
0,"No","Yes",62,"Yes","Fiber optic","No","Bank transfer (automatic)",7159.05,"No"
0,"No","No",53,"No_phone_service","DSL","Yes","Electronic check",2879.2,"No"
0,"Yes","No",49,"Yes","Fiber optic","Yes","Electronic check",4159.45,"Yes"
0,"No","Yes",62,"Yes","Fiber optic","Yes","Bank transfer (automatic)",6638.35,"No"
0,"No","No",55,"No","DSL","No","Mailed check",3112.05,"No"
0,"Yes","No",71,"No","Fiber optic","Yes","Electronic check",7168.25,"No"
0,"No","Yes",36,"No_phone_service","DSL","No","Credit card (automatic)",2234.55,"No"
0,"Yes","No",72,"Yes","Fiber optic","Yes","Bank transfer (automatic)",8317.95,"No"
0,"No","No",1,"No","DSL","Yes","Mailed check",62.8,"Yes"
0,"No","No",72,"Yes","Fiber optic","Yes","Electronic check",7544,"No"
1,"Yes","No",7,"No","Fiber optic","Yes","Electronic check",676.7,"Yes"
0,"No","No",1,"No","DSL","No","Credit card (automatic)",74.1,"No"
0,"No","Yes",30,"Yes","Fiber optic","Yes","Electronic check",3242.5,"Yes"
0,"No","No",63,"Yes","DSL","No","Bank transfer (automatic)",4111.35,"No"
0,"Yes","No",72,"Yes","DSL","No","Credit card (automatic)",5899.85,"No"
1,"No","No",8,"No","Fiber optic","No","Electronic check",632.95,"Yes"
0,"No","No",62,"Yes","DSL","No","Bank transfer (automatic)",5193.2,"No"
0,"No","Yes",67,"Yes","Fiber optic","Yes","Bank transfer (automatic)",7530.8,"No"
1,"No","No",6,"No","DSL","No","Electronic check",270.95,"Yes"
0,"No","Yes",70,"Yes","DSL","Yes","Bank transfer (automatic)",5460.2,"No"
0,"Yes","No",20,"No","Fiber optic","No","Bank transfer (automatic)",1614.2,"Yes"
0,"No","No",5,"Yes","Fiber optic","No","Electronic check",402.5,"Yes"
0,"No","Yes",24,"No_phone_service","DSL","No","Electronic check",1367.75,"No"
1,"No","No",11,"No","DSL","Yes","Electronic check",483.7,"Yes"
0,"No","No",72,"Yes","Fiber optic","Yes","Credit card (automatic)",7962.2,"No"
0,"No","Yes",66,"No","DSL","Yes","Credit card (automatic)",3810.8,"No"
0,"No","Yes",45,"No","DSL","Yes","Mailed check",3533.6,"No"
1,"Yes","No",15,"Yes","Fiber optic","Yes","Bank transfer (automatic)",1345.55,"Yes"
0,"No","No",28,"No","DSL","Yes","Bank transfer (automatic)",1646.45,"Yes"
1,"No","No",70,"Yes","Fiber optic","No","Credit card (automatic)",8127.6,"No"
0,"No","No",36,"No","DSL","Yes","Mailed check",2680.15,"No"
1,"Yes","No",16,"Yes","Fiber optic","Yes","Electronic check",1281,"Yes"
1,"No","No",18,"Yes","Fiber optic","Yes","Electronic check",1553.9,"Yes"
1,"No","No",34,"Yes","Fiber optic","Yes","Electronic check",3207.55,"Yes"
0,"No","Yes",42,"No_phone_service","DSL","Yes","Credit card (automatic)",2049.05,"No"
0,"No","No",48,"Yes","DSL","Yes","Bank transfer (automatic)",3629.2,"No"
1,"No","No",47,"Yes","Fiber optic","Yes","Electronic check",5124.55,"Yes"
1,"No","Yes",39,"Yes","Fiber optic","Yes","Electronic check",3474.45,"No"
0,"No","No",8,"No","DSL","Yes","Electronic check",579,"Yes"
0,"No","Yes",32,"No","Fiber optic","No","Mailed check",3131.55,"No"
0,"No","Yes",60,"No","DSL","Yes","Bank transfer (automatic)",3928.3,"No"
1,"Yes","No",1,"No","Fiber optic","Yes","Electronic check",69.25,"Yes"
0,"No","Yes",43,"No_phone_service","DSL","Yes","Bank transfer (automatic)",2151.6,"No"
1,"No","No",59,"Yes","Fiber optic","Yes","Bank transfer (automatic)",5961.1,"No"
0,"No","No",23,"No","DSL","No","Electronic check",1221.55,"Yes"
0,"No","No",22,"No","DSL","Yes","Credit card (automatic)",1292.2,"No"
0,"No","No",1,"No_phone_service","DSL","Yes","Mailed check",25.15,"Yes"
0,"No","No",50,"No_phone_service","DSL","Yes","Mailed check",1748.9,"No"
1,"Yes","No",1,"No_phone_service","DSL","Yes","Electronic check",25.2,"Yes"
1,"No","No",2,"No","DSL","Yes","Mailed check",96.45,"Yes"
0,"No","No",15,"No","Fiber optic","No","Bank transfer (automatic)",1114.55,"Yes"
1,"No","No",66,"Yes","Fiber optic","Yes","Credit card (automatic)",7133.25,"Yes"
1,"No","Yes",3,"No","DSL","Yes","Credit card (automatic)",169.45,"Yes"
0,"No","Yes",64,"No","DSL","Yes","Credit card (automatic)",4688.65,"No"
0,"No","No",57,"Yes","Fiber optic","Yes","Credit card (automatic)",5985,"No"
1,"No","Yes",14,"Yes","Fiber optic","Yes","Electronic check",1258.6,"Yes"
1,"No","No",10,"No","Fiber optic","Yes","Electronic check",857.2,"Yes"
0,"No","No",51,"No_phone_service","DSL","Yes","Electronic check",2553.35,"Yes"
0,"No","No",67,"Yes","DSL","No","Mailed check",4322.85,"No"
0,"No","Yes",72,"No_phone_service","DSL","No","Bank transfer (automatic)",4549.05,"No"
1,"No","No",18,"Yes","Fiber optic","Yes","Electronic check",1639.3,"Yes"
0,"No","No",9,"Yes","Fiber optic","Yes","Credit card (automatic)",633.85,"Yes"
0,"No","No",48,"Yes","Fiber optic","Yes","Bank transfer (automatic)",5315.1,"Yes"
0,"No","No",10,"No","Fiber optic","No","Mailed check",735.5,"Yes"
1,"No","No",9,"Yes","Fiber optic","Yes","Electronic check",889.9,"Yes"
1,"Yes","No",13,"Yes","Fiber optic","Yes","Electronic check",1290,"Yes"
1,"No","No",4,"Yes","Fiber optic","No","Electronic check",330.05,"Yes"
1,"No","No",4,"No","Fiber optic","Yes","Electronic check",237.95,"Yes"
0,"No","No",72,"Yes","DSL","No","Bank transfer (automatic)",6474.4,"No"
0,"No","Yes",51,"No","DSL","No","Credit card (automatic)",4421.95,"No"
1,"No","No",59,"No_phone_service","DSL","Yes","Bank transfer (automatic)",2452.7,"Yes"
1,"No","No",10,"Yes","Fiber optic","Yes","Electronic check",813.85,"Yes"
0,"Yes","No",61,"Yes","Fiber optic","Yes","Electronic check",4904.85,"Yes"
0,"No","No",54,"No","Fiber optic","No","Electronic check",4484.05,"No"
0,"No","No",33,"Yes","DSL","Yes","Mailed check",2033.85,"Yes"
1,"Yes","No",1,"No","Fiber optic","Yes","Electronic check",79.2,"Yes"
0,"No","No",23,"No","Fiber optic","No","Mailed check",2192.9,"Yes"
0,"No","Yes",45,"No","DSL","Yes","Mailed check",3858.05,"No"
1,"No","No",5,"No","DSL","Yes","Mailed check",347.4,"No"
0,"No","Yes",72,"Yes","DSL","No","Bank transfer (automatic)",5815.15,"No"
0,"No","Yes",58,"Yes","DSL","Yes","Bank transfer (automatic)",3970.4,"Yes"
0,"No","No",70,"No_phone_service","DSL","Yes","Bank transfer (automatic)",3058.15,"No"
0,"No","Yes",61,"No","Fiber optic","Yes","Bank transfer (automatic)",6145.2,"No"
0,"No","No",2,"No","Fiber optic","No","Mailed check",129.2,"Yes"
1,"No","No",1,"Yes","DSL","Yes","Bank transfer (automatic)",49.95,"Yes"
1,"No","No",22,"No","Fiber optic","Yes","Electronic check",1554,"Yes"
0,"No","No",48,"No","Fiber optic","Yes","Credit card (automatic)",4904.25,"No"
0,"No","No",64,"Yes","DSL","No","Credit card (automatic)",5632.55,"No"
0,"No","Yes",12,"No","DSL","Yes","Credit card (automatic)",740.55,"Yes"
1,"Yes","No",34,"Yes","Fiber optic","Yes","Electronic check",3217.55,"Yes"
0,"No","Yes",72,"No","DSL","No","Credit card (automatic)",4888.2,"No"
0,"No","No",29,"Yes","Fiber optic","Yes","Electronic check",2440.25,"Yes"
0,"No","Yes",62,"Yes","Fiber optic","Yes","Electronic check",6840.95,"No"
1,"No","No",41,"Yes","DSL","Yes","Electronic check",3001.2,"No"
1,"No","No",64,"Yes","Fiber optic","Yes","Credit card (automatic)",6254.2,"No"
0,"No","No",4,"No","Fiber optic","Yes","Credit card (automatic)",319.6,"Yes"
0,"No","No",24,"Yes","Fiber optic","Yes","Electronic check",1938.05,"Yes"
1,"Yes","No",4,"No","Fiber optic","Yes","Credit card (automatic)",442.85,"Yes"
1,"No","Yes",18,"No_phone_service","DSL","Yes","Electronic check",553,"Yes"
0,"No","No",8,"No","DSL","Yes","Electronic check",546.45,"Yes"
1,"No","No",1,"Yes","Fiber optic","No","Electronic check",76,"Yes"
0,"No","Yes",8,"No_phone_service","DSL","Yes","Mailed check",343.45,"No"
0,"No","No",71,"Yes","Fiber optic","Yes","Credit card (automatic)",7412.25,"No"
0,"No","Yes",43,"Yes","Fiber optic","Yes","Bank transfer (automatic)",4039,"Yes"
1,"Yes","No",2,"Yes","Fiber optic","Yes","Electronic check",170.85,"Yes"
0,"Yes","No",29,"No","Fiber optic","Yes","Bank transfer (automatic)",2948.6,"Yes"
1,"No","No",15,"No","Fiber optic","Yes","Electronic check",1308.4,"Yes"
0,"No","Yes",65,"Yes","Fiber optic","No","Credit card (automatic)",6078.75,"No"
0,"No","No",35,"Yes","Fiber optic","No","Electronic check",3418.2,"Yes"
0,"No","No",64,"No","Fiber optic","Yes","Credit card (automatic)",6603.8,"No"
0,"No","Yes",58,"No_phone_service","DSL","Yes","Credit card (automatic)",3166.9,"No"
0,"Yes","No",18,"No","DSL","Yes","Credit card (automatic)",865.75,"Yes"
0,"No","Yes",67,"Yes","Fiber optic","Yes","Bank transfer (automatic)",6373.1,"Yes"
0,"No","No",60,"Yes","Fiber optic","Yes","Electronic check",5985.75,"Yes"
1,"Yes","No",9,"Yes","Fiber optic","Yes","Credit card (automatic)",732.5,"Yes"
0,"No","Yes",70,"Yes","Fiber optic","Yes","Credit card (automatic)",7869.05,"No"
1,"No","No",15,"Yes","Fiber optic","Yes","Electronic check",1504.05,"Yes"
0,"No","No",12,"No","DSL","Yes","Electronic check",741.4,"Yes"
0,"Yes","No",71,"Yes","Fiber optic","Yes","Electronic check",6585.2,"No"
0,"Yes","No",44,"No","Fiber optic","No","Electronic check",3122.4,"Yes"
1,"No","No",1,"Yes","DSL","Yes","Electronic check",50.45,"Yes"
0,"No","No",43,"Yes","DSL","Yes","Bank transfer (automatic)",2908.2,"No"
0,"No","No",9,"No","DSL","Yes","Mailed check",593.85,"Yes"
1,"No","No",12,"Yes","Fiber optic","Yes","Mailed check",1132.75,"Yes"
0,"Yes","No",65,"Yes","Fiber optic","Yes","Credit card (automatic)",7227.45,"Yes"
1,"No","No",2,"Yes","Fiber optic","Yes","Electronic check",193.6,"Yes"
0,"No","No",27,"Yes","DSL","No","Mailed check",1291.35,"Yes"
0,"No","No",40,"No","DSL","Yes","Mailed check",2023.55,"No"
1,"Yes","No",5,"No","Fiber optic","Yes","Credit card (automatic)",349.65,"Yes"
0,"Yes","No",58,"Yes","Fiber optic","Yes","Bank transfer (automatic)",5458.8,"No"
0,"No","Yes",52,"No","Fiber optic","No","Electronic check",5244.45,"No"
0,"No","No",3,"No","DSL","Yes","Mailed check",154.55,"Yes"
0,"No","Yes",41,"No","Fiber optic","Yes","Electronic check",4507.15,"No"
0,"No","No",20,"Yes","Fiber optic","Yes","Mailed check",2031.95,"Yes"
0,"No","Yes",1,"Yes","DSL","Yes","Electronic check",50.05,"Yes"
1,"No","Yes",4,"Yes","Fiber optic","No","Credit card (automatic)",332.45,"Yes"
0,"No","No",18,"Yes","DSL","No","Mailed check",1199.4,"Yes"
0,"Yes","No",52,"No_phone_service","DSL","Yes","Credit card (automatic)",2555.05,"Yes"
0,"No","No",31,"No","Fiber optic","Yes","Electronic check",2979.2,"Yes"
0,"No","No",36,"Yes","Fiber optic","Yes","Credit card (automatic)",3834.4,"No"
1,"No","No",16,"Yes","Fiber optic","Yes","Electronic check",1534.75,"Yes"
0,"No","No",42,"Yes","Fiber optic","Yes","Electronic check",4586.15,"No"
0,"No","No",60,"No","Fiber optic","Yes","Electronic check",5941.05,"No"
1,"No","No",5,"Yes","Fiber optic","Yes","Electronic check",424.15,"Yes"
0,"No","No",22,"Yes","Fiber optic","No","Credit card (automatic)",2234.95,"Yes"
1,"No","No",4,"No","Fiber optic","No","Electronic check",281,"Yes"
0,"No","No",9,"No","DSL","No","Mailed check",547.8,"Yes"
0,"No","Yes",1,"No","Fiber optic","No","Credit card (automatic)",74.6,"Yes"
0,"No","Yes",12,"No","DSL","Yes","Electronic check",571.15,"Yes"
0,"No","No",23,"Yes","DSL","Yes","Mailed check",1756.6,"No"
0,"No","No",62,"Yes","Fiber optic","Yes","Bank transfer (automatic)",5731.45,"No"
1,"No","No",37,"Yes","Fiber optic","No","Bank transfer (automatic)",3475.55,"Yes"
0,"No","No",31,"Yes","Fiber optic","No","Credit card (automatic)",2683.2,"Yes"
1,"No","Yes",13,"Yes","Fiber optic","Yes","Credit card (automatic)",896.75,"Yes"
1,"No","No",24,"Yes","Fiber optic","Yes","Electronic check",2407.3,"Yes"
0,"No","Yes",45,"Yes","Fiber optic","Yes","Bank transfer (automatic)",4456.65,"Yes"
0,"Yes","No",69,"Yes","Fiber optic","No","Credit card (automatic)",6998.95,"No"
1,"No","Yes",61,"Yes","Fiber optic","Yes","Electronic check",6547.7,"No"
1,"No","No",41,"Yes","Fiber optic","Yes","Electronic check",4346.4,"Yes"
0,"No","No",44,"No_phone_service","DSL","Yes","Electronic check",2265,"No"
0,"No","No",39,"No_phone_service","DSL","No","Mailed check",1309.15,"No"
0,"No","Yes",72,"No_phone_service","DSL","Yes","Credit card (automatic)",4754.3,"No"
0,"Yes","No",13,"No","Fiber optic","Yes","Electronic check",1235.55,"Yes"
0,"No","Yes",51,"No","DSL","Yes","Credit card (automatic)",3562.5,"No"
0,"Yes","No",71,"No","Fiber optic","Yes","Electronic check",7213.75,"No"
1,"Yes","No",22,"Yes","Fiber optic","Yes","Electronic check",2082.95,"Yes"
1,"No","No",2,"No","DSL","Yes","Credit card (automatic)",102.75,"Yes"
0,"No","No",56,"Yes","Fiber optic","Yes","Electronic check",5914.4,"No"
0,"No","No",1,"No","DSL","No","Mailed check",51.25,"Yes"
0,"No","Yes",23,"No","DSL","Yes","Mailed check",1282.85,"No"
0,"Yes","No",66,"Yes","DSL","Yes","Bank transfer (automatic)",4738.85,"No"
1,"Yes","No",19,"Yes","Fiber optic","Yes","Electronic check",1775.8,"Yes"
0,"No","No",11,"No","Fiber optic","Yes","Bank transfer (automatic)",795.65,"Yes"
0,"No","Yes",52,"Yes","Fiber optic","No","Bank transfer (automatic)",4993.4,"Yes"
0,"No","Yes",51,"No","Fiber optic","Yes","Bank transfer (automatic)",4018.55,"Yes"
1,"Yes","No",15,"Yes","Fiber optic","No","Electronic check",1146.65,"Yes"
0,"Yes","No",64,"Yes","Fiber optic","Yes","Electronic check",6081.4,"Yes"
0,"No","No",37,"No_phone_service","DSL","Yes","Credit card (automatic)",1478.85,"Yes"
0,"No","No",49,"Yes","DSL","Yes","Electronic check",2633.95,"No"
0,"Yes","No",45,"Yes","Fiber optic","Yes","Bank transfer (automatic)",4735.35,"No"
0,"No","No",18,"No","Fiber optic","Yes","Electronic check",1247.75,"Yes"
1,"Yes","No",1,"Yes","Fiber optic","Yes","Electronic check",74.7,"Yes"
0,"No","No",68,"No_phone_service","DSL","Yes","Bank transfer (automatic)",3794.5,"No"
0,"Yes","Yes",23,"No","Fiber optic","Yes","Bank transfer (automatic)",2130.55,"Yes"
1,"No","No",17,"No","Fiber optic","Yes","Electronic check",1313.55,"Yes"
0,"No","No",71,"Yes","DSL","No","Credit card (automatic)",5727.15,"No"
0,"No","Yes",14,"Yes","Fiber optic","Yes","Electronic check",1203.9,"Yes"
1,"Yes","No",1,"No_phone_service","DSL","Yes","Mailed check",25.8,"Yes"
0,"No","No",41,"Yes","DSL","Yes","Electronic check",2877.05,"No"
0,"No","No",17,"Yes","Fiber optic","No","Electronic check",1579.7,"Yes"
0,"No","No",56,"Yes","Fiber optic","Yes","Electronic check",5514.95,"No"
1,"No","No",2,"No_phone_service","DSL","Yes","Electronic check",72.4,"Yes"
0,"No","No",37,"Yes","DSL","No","Electronic check",2443.3,"No"
1,"No","No",29,"No","DSL","Yes","Bank transfer (automatic)",1970.5,"Yes"
0,"No","No",8,"No","DSL","No","Mailed check",335.4,"Yes"
0,"No","No",63,"Yes","Fiber optic","Yes","Credit card (automatic)",7002.95,"Yes"
0,"No","No",3,"No","Fiber optic","No","Electronic check",293.15,"Yes"
0,"No","No",19,"No","DSL","Yes","Electronic check",1093.4,"Yes"
1,"No","Yes",2,"No","Fiber optic","No","Credit card (automatic)",190.05,"Yes"
1,"No","No",14,"No","Fiber optic","No","Electronic check",1025.95,"Yes"
0,"Yes","No",7,"Yes","DSL","No","Electronic check",475,"Yes"
0,"No","Yes",69,"No","DSL","Yes","Bank transfer (automatic)",5388.15,"No"
0,"No","Yes",72,"Yes","DSL","Yes","Electronic check",5730.15,"No"
1,"No","No",8,"Yes","Fiber optic","No","Electronic check",819.55,"Yes"
0,"No","Yes",4,"No","DSL","No","Electronic check",217.1,"Yes"
0,"No","Yes",63,"No","Fiber optic","Yes","Credit card (automatic)",4896.35,"Yes"
1,"No","No",5,"No","Fiber optic","No","Electronic check",330.15,"Yes"
0,"No","No",30,"No","DSL","Yes","Mailed check",1474.9,"Yes"
0,"No","No",63,"Yes","Fiber optic","Yes","Bank transfer (automatic)",6536.5,"No"
1,"No","No",63,"Yes","Fiber optic","Yes","Electronic check",6873.75,"No"
0,"No","Yes",25,"No","Fiber optic","No","Electronic check",2199.05,"Yes"
1,"No","No",1,"No","DSL","Yes","Mailed check",45.85,"Yes"
0,"Yes","No",6,"Yes","Fiber optic","Yes","Electronic check",457.1,"Yes"
0,"No","Yes",31,"Yes","DSL","No","Bank transfer (automatic)",2471.6,"No"
0,"No","Yes",39,"No","Fiber optic","Yes","Bank transfer (automatic)",3107.3,"Yes"
1,"No","No",53,"No","Fiber optic","Yes","Bank transfer (automatic)",5769.75,"No"
1,"No","No",1,"No","Fiber optic","No","Electronic check",91.7,"Yes"
0,"No","No",12,"Yes","DSL","Yes","Electronic check",832.3,"Yes"
1,"No","No",16,"Yes","Fiber optic","Yes","Credit card (automatic)",1555.65,"Yes"
0,"No","Yes",39,"No_phone_service","DSL","No","Bank transfer (automatic)",1790.6,"No"
1,"No","No",1,"Yes","Fiber optic","Yes","Electronic check",74.95,"Yes"
0,"No","Yes",7,"No_phone_service","DSL","No","Mailed check",246.6,"Yes"
0,"Yes","No",4,"No","Fiber optic","No","Electronic check",261.65,"Yes"
1,"Yes","No",10,"Yes","Fiber optic","Yes","Electronic check",898.35,"Yes"
0,"No","No",55,"No","Fiber optic","Yes","Electronic check",4509.5,"Yes"
0,"No","Yes",72,"No","DSL","Yes","Bank transfer (automatic)",5480.25,"No"
0,"No","No",10,"No","DSL","Yes","Credit card (automatic)",653.15,"Yes"
0,"Yes","No",11,"Yes","Fiber optic","Yes","Electronic check",1183.05,"Yes"
0,"No","Yes",15,"No","DSL","No","Electronic check",639.45,"Yes"
1,"Yes","No",3,"No","DSL","No","Electronic check",127.1,"Yes"
0,"No","Yes",47,"No","Fiber optic","Yes","Electronic check",4391.45,"No"
1,"No","No",66,"No","Fiber optic","No","Electronic check",6710.5,"Yes"
0,"Yes","No",68,"No","DSL","Yes","Bank transfer (automatic)",3975.9,"No"
1,"No","Yes",17,"No","Fiber optic","No","Bank transfer (automatic)",1704.95,"No"
1,"No","No",7,"No","DSL","Yes","Mailed check",415.95,"Yes"
1,"Yes","No",12,"No","Fiber optic","Yes","Electronic check",950.2,"Yes"
0,"Yes","No",21,"Yes","DSL","No","Bank transfer (automatic)",1497.05,"No"
0,"No","No",21,"No_phone_service","DSL","Yes","Mailed check",780.15,"Yes"
0,"No","Yes",56,"Yes","DSL","No","Bank transfer (automatic)",3512.15,"No"
0,"No","Yes",6,"Yes","DSL","Yes","Credit card (automatic)",273.25,"Yes"
0,"Yes","No",65,"No_phone_service","DSL","Yes","Bank transfer (automatic)",3517.9,"No"
0,"No","No",42,"Yes","DSL","No","Credit card (automatic)",3375.9,"No"
0,"No","Yes",68,"Yes","Fiber optic","Yes","Bank transfer (automatic)",7508.55,"No"
0,"Yes","No",50,"Yes","Fiber optic","Yes","Electronic check",5347.95,"No"
0,"Yes","No",7,"No","DSL","Yes","Electronic check",493.65,"Yes"
1,"No","Yes",42,"No","Fiber optic","Yes","Credit card (automatic)",3384,"Yes"
1,"Yes","No",2,"No","Fiber optic","Yes","Electronic check",165.4,"Yes"
0,"No","No",2,"No","Fiber optic","Yes","Electronic check",120.25,"Yes"
0,"No","No",48,"Yes","Fiber optic","Yes","Bank transfer (automatic)",4473.45,"No"
0,"No","Yes",70,"No","DSL","Yes","Bank transfer (automatic)",5717.85,"No"
1,"Yes","No",1,"Yes","Fiber optic","Yes","Electronic check",88.8,"Yes"
0,"No","No",46,"Yes","Fiber optic","Yes","Electronic check",4312.5,"No"
1,"No","No",30,"No","Fiber optic","Yes","Electronic check",2755.35,"Yes"
1,"No","No",15,"Yes","DSL","Yes","Bank transfer (automatic)",994.55,"Yes"
0,"No","Yes",69,"Yes","Fiber optic","No","Credit card (automatic)",6511.25,"No"
0,"Yes","Yes",72,"No","Fiber optic","Yes","Credit card (automatic)",7447.7,"No"
1,"Yes","No",13,"No","Fiber optic","Yes","Bank transfer (automatic)",1169.35,"Yes"
0,"No","No",51,"Yes","Fiber optic","Yes","Electronic check",5720.35,"No"
0,"No","Yes",51,"No","DSL","No","Credit card (automatic)",3121.45,"No"
0,"No","No",72,"Yes","DSL","Yes","Bank transfer (automatic)",6468.6,"No"
1,"No","Yes",67,"Yes","Fiber optic","No","Electronic check",5918.8,"No"
0,"No","No",67,"No_phone_service","DSL","Yes","Bank transfer (automatic)",3521.7,"No"
0,"No","No",27,"Yes","DSL","No","Electronic check",1611.65,"Yes"
1,"Yes","No",23,"No","Fiber optic","Yes","Electronic check",2293.6,"Yes"
0,"No","No",69,"Yes","DSL","Yes","Credit card (automatic)",5553.25,"No"
0,"No","Yes",2,"No_phone_service","DSL","No","Bank transfer (automatic)",44.75,"Yes"
1,"No","No",35,"Yes","Fiber optic","Yes","Electronic check",3029.1,"Yes"
0,"No","No",46,"No","DSL","No","Mailed check",3231.05,"No"
0,"No","No",54,"Yes","Fiber optic","Yes","Bank transfer (automatic)",5129.45,"No"
1,"No","No",56,"Yes","Fiber optic","Yes","Electronic check",5508.35,"No"
1,"No","No",9,"No","Fiber optic","Yes","Bank transfer (automatic)",655.9,"Yes"
0,"No","No",20,"Yes","DSL","No","Bank transfer (automatic)",1191.2,"Yes"
0,"No","No",11,"No","Fiber optic","Yes","Mailed check",866.4,"Yes"
0,"Yes","No",30,"Yes","Fiber optic","Yes","Electronic check",2627.2,"Yes"
0,"No","No",68,"No","DSL","No","Bank transfer (automatic)",4741.45,"No"
0,"Yes","No",38,"Yes","Fiber optic","Yes","Electronic check",4009.2,"Yes"
1,"Yes","No",17,"Yes","Fiber optic","Yes","Bank transfer (automatic)",1463.45,"Yes"
1,"No","No",48,"Yes","Fiber optic","Yes","Credit card (automatic)",5082.8,"No"
0,"No","No",1,"No","DSL","No","Electronic check",43.8,"Yes"
0,"No","Yes",63,"No_phone_service","DSL","No","Electronic check",3707.6,"No"
0,"No","No",3,"No","DSL","Yes","Electronic check",220.45,"No"
0,"No","No",66,"No_phone_service","DSL","No","Credit card (automatic)",1983.15,"No"
0,"No","Yes",68,"Yes","Fiber optic","Yes","Credit card (automatic)",5746.75,"No"
1,"Yes","No",17,"No","DSL","Yes","Electronic check",770.6,"Yes"
0,"No","No",72,"Yes","DSL","Yes","Bank transfer (automatic)",6230.1,"No"
0,"No","No",37,"No","Fiber optic","Yes","Electronic check",3419.3,"Yes"
1,"No","No",34,"Yes","Fiber optic","Yes","Mailed check",3587.25,"Yes"
1,"Yes","No",42,"Yes","Fiber optic","Yes","Electronic check",3541.35,"Yes"
0,"No","Yes",59,"Yes","DSL","No","Mailed check",3801.3,"No"
1,"No","Yes",11,"No","Fiber optic","Yes","Bank transfer (automatic)",868.5,"Yes"
0,"Yes","Yes",60,"Yes","Fiber optic","Yes","Electronic check",4859.1,"Yes"
0,"No","No",27,"No","DSL","Yes","Mailed check",1439.35,"Yes"
1,"No","No",1,"Yes","Fiber optic","No","Mailed check",85.8,"Yes"
1,"Yes","No",1,"No","Fiber optic","Yes","Electronic check",79.1,"Yes"
0,"No","No",17,"No_phone_service","DSL","No","Mailed check",592.75,"Yes"
1,"No","Yes",3,"No","DSL","No","Mailed check",134.5,"Yes"
0,"No","No",53,"Yes","Fiber optic","No","Electronic check",4921.2,"Yes"
1,"No","Yes",50,"Yes","Fiber optic","No","Credit card (automatic)",5341.8,"Yes"
0,"No","Yes",68,"Yes","DSL","No","Credit card (automatic)",4859.95,"No"
0,"Yes","No",65,"Yes","Fiber optic","Yes","Bank transfer (automatic)",7082.45,"Yes"
1,"No","No",5,"No","Fiber optic","Yes","Electronic check",324.6,"Yes"
1,"No","No",51,"Yes","Fiber optic","Yes","Electronic check",4812.75,"Yes"
1,"No","No",46,"Yes","Fiber optic","No","Bank transfer (automatic)",4399.5,"Yes"
0,"No","No",9,"Yes","Fiber optic","Yes","Electronic check",663.55,"Yes"
0,"No","No",45,"Yes","Fiber optic","Yes","Electronic check",5125.5,"Yes"
0,"No","No",8,"Yes","Fiber optic","Yes","Credit card (automatic)",548.9,"Yes"
1,"Yes","Yes",1,"No","DSL","Yes","Mailed check",50.15,"Yes"
0,"No","Yes",66,"No","Fiber optic","Yes","Bank transfer (automatic)",7031.3,"No"
0,"No","Yes",72,"Yes","DSL","No","Credit card (automatic)",5016.65,"No"
1,"No","No",41,"Yes","Fiber optic","Yes","Bank transfer (automatic)",4594.95,"Yes"
1,"No","No",29,"No","Fiber optic","Yes","Electronic check",2384.15,"Yes"
0,"No","No",4,"Yes","Fiber optic","Yes","Electronic check",319.85,"Yes"
0,"Yes","No",67,"Yes","Fiber optic","Yes","Credit card (automatic)",7035.6,"No"
0,"Yes","Yes",7,"No","DSL","Yes","Mailed check",344.2,"Yes"
0,"No","No",72,"Yes","DSL","Yes","Electronic check",6083.1,"No"
0,"No","Yes",35,"Yes","DSL","No","Mailed check",1655.35,"Yes"
0,"Yes","No",27,"No","Fiber optic","Yes","Electronic check",1943.9,"Yes"
1,"No","Yes",26,"Yes","DSL","Yes","Electronic check",1616.15,"Yes"
0,"No","Yes",7,"No_phone_service","DSL","No","Mailed check",465.7,"Yes"
0,"No","Yes",70,"Yes","Fiber optic","Yes","Credit card (automatic)",6669.05,"Yes"
0,"No","Yes",39,"No_phone_service","DSL","Yes","Credit card (automatic)",947.75,"No"
0,"No","No",72,"Yes","Fiber optic","No","Credit card (automatic)",8375.05,"No"
1,"No","No",1,"No_phone_service","DSL","Yes","Electronic check",34.7,"Yes"
0,"No","Yes",54,"Yes","DSL","Yes","Electronic check",3770,"No"
1,"No","No",3,"Yes","Fiber optic","Yes","Electronic check",264.8,"Yes"
0,"No","Yes",63,"No","DSL","No","Credit card (automatic)",4707.85,"No"
0,"No","Yes",71,"Yes","Fiber optic","Yes","Electronic check",6152.4,"No"
1,"No","Yes",66,"Yes","Fiber optic","Yes","Credit card (automatic)",6615.15,"No"
1,"No","No",21,"Yes","Fiber optic","Yes","Bank transfer (automatic)",2200.25,"Yes"
0,"No","No",11,"No_phone_service","DSL","Yes","Electronic check",425.1,"Yes"
1,"No","Yes",1,"Yes","Fiber optic","Yes","Electronic check",99.75,"Yes"
0,"Yes","No",55,"Yes","Fiber optic","No","Electronic check",5044.8,"Yes"
0,"No","No",69,"Yes","Fiber optic","Yes","Credit card (automatic)",6743.55,"No"
0,"Yes","No",3,"No","Fiber optic","No","Electronic check",196.4,"Yes"
1,"No","No",4,"No","DSL","Yes","Electronic check",299.7,"Yes"
0,"Yes","No",30,"Yes","DSL","Yes","Credit card (automatic)",2093.9,"No"
0,"No","No",5,"Yes","Fiber optic","Yes","Electronic check",417.75,"Yes"
0,"No","No",29,"Yes","DSL","Yes","Electronic check",1620.2,"No"
0,"No","No",52,"Yes","DSL","No","Bank transfer (automatic)",3169.55,"Yes"
0,"No","No",68,"Yes","DSL","No","Credit card (automatic)",5233.25,"No"
0,"No","No",8,"No","DSL","Yes","Credit card (automatic)",438.05,"Yes"
0,"No","No",3,"No","Fiber optic","Yes","Electronic check",318.6,"Yes"
0,"Yes","No",2,"No","Fiber optic","Yes","Bank transfer (automatic)",163.7,"Yes"
1,"No","No",9,"No","Fiber optic","Yes","Credit card (automatic)",639.65,"Yes"
0,"No","No",51,"No_phone_service","DSL","Yes","Credit card (automatic)",2928.5,"No"
0,"No","No",3,"Yes","Fiber optic","No","Electronic check",273.2,"Yes"
0,"Yes","No",17,"Yes","Fiber optic","Yes","Electronic check",1608.15,"Yes"
0,"No","No",30,"Yes","DSL","No","Electronic check",1441.95,"Yes"
0,"No","No",31,"Yes","DSL","Yes","Electronic check",2168.15,"Yes"
0,"No","No",45,"No","DSL","No","Bank transfer (automatic)",3618.7,"No"
0,"No","No",64,"Yes","Fiber optic","No","Bank transfer (automatic)",5692.65,"No"
1,"No","No",1,"Yes","DSL","Yes","Electronic check",59.85,"Yes"
1,"Yes","No",1,"No","Fiber optic","Yes","Electronic check",69.6,"Yes"
0,"Yes","Yes",61,"Yes","Fiber optic","No","Electronic check",5969.3,"No"
1,"No","No",9,"No_phone_service","DSL","Yes","Electronic check",418.8,"Yes"
0,"No","Yes",72,"Yes","Fiber optic","No","Bank transfer (automatic)",8100.55,"No"
0,"No","No",7,"No","DSL","Yes","Mailed check",313.45,"Yes"
0,"No","No",66,"Yes","Fiber optic","Yes","Bank transfer (automatic)",6130.95,"No"
1,"No","No",1,"No","Fiber optic","Yes","Electronic check",69.9,"Yes"
0,"No","No",16,"Yes","DSL","Yes","Bank transfer (automatic)",1212.1,"Yes"
1,"No","No",2,"No","Fiber optic","Yes","Bank transfer (automatic)",183.75,"Yes"
0,"No","No",41,"No","Fiber optic","Yes","Bank transfer (automatic)",4162.05,"No"
0,"No","No",72,"Yes","Fiber optic","Yes","Bank transfer (automatic)",8013.55,"No"
1,"No","Yes",3,"Yes","Fiber optic","Yes","Bank transfer (automatic)",264.85,"Yes"
0,"Yes","No",52,"Yes","Fiber optic","Yes","Electronic check",5832,"Yes"
0,"No","No",50,"No","Fiber optic","Yes","Bank transfer (automatic)",4304.5,"No"
1,"No","No",14,"Yes","Fiber optic","Yes","Electronic check",1178.4,"Yes"
0,"No","No",27,"No","DSL","No","Credit card (automatic)",1421.75,"No"
0,"Yes","No",72,"Yes","Fiber optic","Yes","Bank transfer (automatic)",6827.5,"No"
0,"No","No",62,"No","DSL","Yes","Credit card (automatic)",4698.05,"No"
0,"No","No",12,"No","DSL","Yes","Electronic check",654.5,"Yes"
0,"Yes","No",44,"No","DSL","No","Bank transfer (automatic)",3268.05,"No"
0,"No","Yes",54,"No","Fiber optic","Yes","Bank transfer (automatic)",4362.05,"No"
0,"No","Yes",50,"Yes","DSL","No","Bank transfer (automatic)",2614.1,"No"
0,"No","Yes",35,"Yes","Fiber optic","Yes","Bank transfer (automatic)",3161.6,"Yes"
0,"No","No",2,"No","DSL","Yes","Electronic check",80.95,"Yes"
0,"No","Yes",63,"Yes","DSL","No","Mailed check",4676.7,"No"
0,"No","No",58,"Yes","Fiber optic","Yes","Credit card (automatic)",6526.65,"No"
0,"No","No",71,"Yes","Fiber optic","Yes","Credit card (automatic)",8078.1,"No"
0,"No","No",63,"No","DSL","No","Credit card (automatic)",3503.5,"No"
0,"No","No",71,"Yes","Fiber optic","Yes","Bank transfer (automatic)",6669.45,"Yes"
1,"Yes","No",41,"Yes","Fiber optic","Yes","Electronic check",4689.5,"Yes"
1,"Yes","No",13,"No","Fiber optic","Yes","Electronic check",1201.15,"Yes"
1,"No","No",2,"No","Fiber optic","No","Electronic check",143.65,"Yes"
0,"No","Yes",1,"No","DSL","Yes","Mailed check",48.75,"Yes"
0,"Yes","No",65,"Yes","Fiber optic","Yes","Electronic check",7108.2,"No"
0,"No","No",28,"Yes","DSL","Yes","Credit card (automatic)",1505.15,"Yes"
0,"No","No",2,"No","Fiber optic","Yes","Electronic check",168.5,"Yes"
0,"Yes","No",60,"Yes","Fiber optic","Yes","Electronic check",6339.45,"No"
0,"Yes","No",26,"Yes","DSL","Yes","Electronic check",1652.4,"Yes"
1,"No","Yes",1,"No","Fiber optic","Yes","Electronic check",71.65,"Yes"
0,"No","Yes",68,"Yes","DSL","Yes","Credit card (automatic)",6392.85,"No"
1,"No","No",38,"No","Fiber optic","Yes","Credit card (automatic)",3264.5,"Yes"
0,"Yes","No",42,"Yes","Fiber optic","Yes","Bank transfer (automatic)",4599.15,"No"
0,"No","No",54,"No_phone_service","DSL","No","Electronic check",1621.35,"Yes"
1,"No","No",12,"No","Fiber optic","No","Bank transfer (automatic)",947.3,"Yes"
0,"No","No",44,"No","DSL","Yes","Mailed check",2722.2,"No"
0,"No","Yes",42,"Yes","DSL","Yes","Bank transfer (automatic)",3058.3,"Yes"
0,"No","Yes",71,"Yes","DSL","No","Mailed check",6293.75,"No"
1,"No","No",19,"Yes","Fiber optic","No","Mailed check",1761.05,"Yes"
0,"No","No",23,"Yes","DSL","Yes","Credit card (automatic)",1642.75,"Yes"
1,"No","No",10,"Yes","Fiber optic","Yes","Electronic check",973.25,"Yes"
0,"No","No",1,"No","DSL","Yes","Bank transfer (automatic)",43.85,"Yes"
0,"No","No",22,"No","Fiber optic","Yes","Mailed check",1490.4,"Yes"
0,"No","Yes",7,"No_phone_service","DSL","No","Mailed check",280,"No"
0,"No","No",36,"No_phone_service","DSL","Yes","Mailed check",1901.25,"No"
0,"No","Yes",72,"Yes","DSL","No","Credit card (automatic)",4720,"No"
1,"No","No",1,"No","Fiber optic","No","Electronic check",76.35,"Yes"
1,"No","No",23,"Yes","Fiber optic","Yes","Electronic check",1676.95,"Yes"
1,"Yes","No",32,"Yes","Fiber optic","Yes","Electronic check",2642.05,"Yes"
0,"No","Yes",71,"Yes","Fiber optic","Yes","Credit card (automatic)",6770.85,"No"
0,"Yes","No",23,"Yes","Fiber optic","Yes","Mailed check",1835.3,"Yes"
0,"No","No",17,"No","Fiber optic","Yes","Bank transfer (automatic)",1588.25,"No"
0,"No","No",1,"No","DSL","Yes","Electronic check",75.5,"Yes"
0,"Yes","No",72,"Yes","Fiber optic","No","Bank transfer (automatic)",6929.4,"No"
0,"No","Yes",60,"Yes","Fiber optic","No","Bank transfer (automatic)",4453.3,"Yes"
0,"No","Yes",61,"No_phone_service","DSL","No","Credit card (automatic)",3244.4,"No"
0,"No","No",6,"No","DSL","No","Mailed check",323.45,"Yes"
1,"Yes","No",32,"Yes","Fiber optic","No","Electronic check",2661.1,"Yes"
1,"No","Yes",31,"Yes","Fiber optic","Yes","Credit card (automatic)",2697.4,"Yes"
1,"No","No",19,"No","Fiber optic","Yes","Credit card (automatic)",1424.5,"Yes"
0,"No","No",32,"Yes","DSL","Yes","Electronic check",1739.6,"Yes"
0,"No","No",65,"Yes","Fiber optic","Yes","Electronic check",5931,"Yes"
0,"No","Yes",45,"No_phone_service","DSL","Yes","Bank transfer (automatic)",2333.85,"Yes"
0,"No","No",8,"Yes","Fiber optic","Yes","Electronic check",572.45,"Yes"
0,"Yes","No",22,"Yes","DSL","Yes","Mailed check",1381.8,"Yes"
1,"Yes","No",57,"No_phone_service","DSL","Yes","Electronic check",2572.95,"Yes"
0,"No","No",1,"No","DSL","No","Electronic check",47.95,"Yes"
1,"Yes","No",1,"No","DSL","No","Electronic check",45.1,"Yes"
0,"No","No",1,"No","DSL","Yes","Electronic check",45,"Yes"
1,"No","No",24,"No","Fiber optic","Yes","Electronic check",2122.45,"Yes"
0,"Yes","No",54,"Yes","Fiber optic","Yes","Electronic check",4931.8,"Yes"
1,"No","Yes",65,"Yes","Fiber optic","No","Bank transfer (automatic)",6937.95,"No"
0,"No","No",45,"No","DSL","Yes","Electronic check",3273.8,"Yes"
0,"No","No",59,"No","DSL","No","Credit card (automatic)",3958.2,"No"
0,"No","No",69,"No_phone_service","DSL","Yes","Bank transfer (automatic)",2492.25,"No"
1,"No","No",10,"No","DSL","Yes","Electronic check",402.6,"Yes"
0,"Yes","No",47,"Yes","DSL","Yes","Credit card (automatic)",3252,"Yes"
1,"No","No",2,"No_phone_service","DSL","Yes","Electronic check",68.75,"Yes"
1,"No","No",1,"No","DSL","No","Credit card (automatic)",46.2,"Yes"
1,"No","No",1,"No","DSL","No","Electronic check",45.15,"Yes"
1,"Yes","No",1,"No_phone_service","DSL","Yes","Electronic check",43.3,"Yes"
1,"Yes","No",38,"No","DSL","Yes","Credit card (automatic)",2250.65,"Yes"
0,"No","No",65,"No","DSL","No","Credit card (automatic)",3857.1,"No"
1,"No","No",19,"No","Fiber optic","Yes","Electronic check",1441.1,"Yes"
1,"No","No",52,"No","Fiber optic","Yes","Electronic check",4338.6,"Yes"
1,"No","No",1,"No","DSL","No","Mailed check",45.95,"Yes"
0,"Yes","No",52,"No_phone_service","DSL","Yes","Electronic check",2566.3,"Yes"
0,"Yes","No",26,"No","DSL","No","Mailed check",1597.4,"No"
0,"Yes","No",48,"Yes","Fiber optic","Yes","Electronic check",4744.35,"No"
0,"No","Yes",64,"Yes","Fiber optic","Yes","Bank transfer (automatic)",6721.6,"No"
1,"No","No",3,"No","Fiber optic","No","Electronic check",247.25,"Yes"
0,"No","No",1,"No","DSL","Yes","Bank transfer (automatic)",44.05,"Yes"
0,"No","No",1,"No","DSL","Yes","Mailed check",45.55,"Yes"
0,"No","Yes",51,"Yes","Fiber optic","Yes","Electronic check",4539.35,"Yes"
0,"No","Yes",72,"No","DSL","Yes","Credit card (automatic)",5011.15,"No"
0,"No","No",43,"Yes","DSL","No","Credit card (automatic)",3574.5,"No"
0,"No","No",72,"Yes","Fiber optic","Yes","Credit card (automatic)",8086.4,"No"
0,"No","No",47,"Yes","Fiber optic","Yes","Credit card (automatic)",4563,"No"
0,"No","No",72,"Yes","DSL","No","Credit card (automatic)",6362.35,"No"
1,"No","No",1,"No","Fiber optic","Yes","Electronic check",70.05,"Yes"
1,"No","No",2,"Yes","Fiber optic","Yes","Electronic check",165.45,"Yes"
0,"No","No",26,"No_phone_service","DSL","Yes","Bank transfer (automatic)",1156.55,"Yes"
0,"No","Yes",29,"No","DSL","Yes","Mailed check",1834.15,"Yes"
1,"Yes","No",35,"Yes","Fiber optic","Yes","Bank transfer (automatic)",3653.35,"Yes"
0,"No","No",27,"No","DSL","No","Bank transfer (automatic)",1477.65,"No"
0,"No","Yes",24,"No","DSL","Yes","Credit card (automatic)",1706.45,"Yes"
0,"No","Yes",67,"No","DSL","Yes","Bank transfer (automatic)",3953.7,"No"
1,"No","No",16,"Yes","Fiber optic","No","Electronic check",1194.3,"Yes"
0,"No","No",23,"No","DSL","No","Bank transfer (automatic)",1327.85,"No"
0,"No","No",14,"No_phone_service","DSL","Yes","Mailed check",419.7,"Yes"
1,"Yes","No",1,"No","DSL","No","Mailed check",45.1,"Yes"
0,"Yes","No",4,"No_phone_service","DSL","Yes","Credit card (automatic)",207.35,"Yes"
0,"No","Yes",16,"Yes","DSL","Yes","Electronic check",1083.7,"Yes"
0,"No","No",46,"No_phone_service","DSL","Yes","Electronic check",2007.85,"Yes"
0,"No","Yes",68,"Yes","DSL","Yes","Bank transfer (automatic)",5882.75,"No"
0,"No","No",38,"Yes","DSL","No","Electronic check",2657.55,"Yes"
1,"Yes","No",30,"No","DSL","Yes","Bank transfer (automatic)",1527.5,"Yes"
1,"Yes","No",5,"No","Fiber optic","No","Electronic check",378.4,"Yes"
0,"No","No",17,"No","Fiber optic","Yes","Credit card (automatic)",1612.2,"Yes"
0,"No","Yes",72,"Yes","DSL","Yes","Credit card (automatic)",6441.85,"No"
0,"No","No",3,"No","Fiber optic","Yes","Electronic check",266.8,"Yes"
1,"No","No",56,"Yes","Fiber optic","Yes","Electronic check",5124.6,"Yes"
0,"No","No",40,"No_phone_service","DSL","No","Credit card (automatic)",1382.9,"No"
0,"No","No",7,"No","DSL","Yes","Electronic check",571.05,"Yes"
0,"No","Yes",5,"No_phone_service","DSL","Yes","Electronic check",167.2,"Yes"
0,"No","Yes",72,"Yes","Fiber optic","No","Credit card (automatic)",7657.4,"No"
0,"No","No",65,"Yes","Fiber optic","Yes","Electronic check",6153.85,"No"
0,"No","No",3,"Yes","DSL","No","Electronic check",174.2,"Yes"
0,"No","No",24,"No","DSL","Yes","Credit card (automatic)",1269.6,"Yes"
1,"No","No",44,"Yes","Fiber optic","Yes","Bank transfer (automatic)",3862.55,"Yes"
0,"Yes","No",72,"Yes","DSL","No","Credit card (automatic)",6352.4,"No"
0,"No","No",24,"No","DSL","No","Electronic check",1348.5,"Yes"
1,"No","No",1,"No","DSL","No","Mailed check",50.9,"Yes"
0,"No","Yes",70,"Yes","DSL","Yes","Credit card (automatic)",5931.75,"No"
0,"No","Yes",25,"Yes","DSL","No","Electronic check",1404.65,"Yes"
0,"Yes","Yes",22,"Yes","Fiber optic","No","Bank transfer (automatic)",1961.6,"Yes"
0,"No","Yes",59,"Yes","DSL","Yes","Bank transfer (automatic)",4194.85,"No"
1,"No","Yes",49,"Yes","Fiber optic","Yes","Electronic check",4872.45,"Yes"
1,"No","Yes",47,"Yes","Fiber optic","Yes","Bank transfer (automatic)",5118.95,"Yes"
0,"No","Yes",1,"No","Fiber optic","Yes","Electronic check",81.05,"Yes"
0,"No","No",53,"Yes","Fiber optic","Yes","Bank transfer (automatic)",5809.75,"No"
1,"No","No",3,"No","Fiber optic","Yes","Electronic check",246.5,"Yes"
0,"No","No",51,"No","DSL","Yes","Bank transfer (automatic)",3145.15,"No"
0,"No","No",63,"Yes","DSL","No","Electronic check",4576.3,"No"
0,"No","No",3,"No","DSL","No","Mailed check",189.1,"Yes"
0,"No","No",1,"Yes","DSL","Yes","Credit card (automatic)",49.8,"Yes"
1,"No","Yes",8,"No_phone_service","DSL","No","Mailed check",215.2,"Yes"
0,"No","Yes",55,"Yes","Fiber optic","Yes","Credit card (automatic)",5099.15,"Yes"
0,"No","No",70,"Yes","Fiber optic","Yes","Bank transfer (automatic)",6385.95,"No"
1,"No","No",2,"No","Fiber optic","No","Electronic check",159.45,"Yes"
0,"No","Yes",67,"Yes","Fiber optic","No","Bank transfer (automatic)",6885.75,"No"
1,"No","No",65,"Yes","Fiber optic","Yes","Bank transfer (automatic)",5940.85,"Yes"
0,"No","No",14,"No","DSL","No","Credit card (automatic)",668.85,"Yes"
0,"No","Yes",20,"Yes","Fiber optic","Yes","Bank transfer (automatic)",1916.2,"Yes"
1,"No","Yes",1,"No","Fiber optic","Yes","Electronic check",75.35,"Yes"
1,"No","No",1,"Yes","Fiber optic","Yes","Electronic check",75.45,"Yes"
0,"No","Yes",49,"Yes","Fiber optic","Yes","Bank transfer (automatic)",4613.95,"Yes"
0,"No","No",72,"Yes","Fiber optic","Yes","Bank transfer (automatic)",7261.25,"No"
0,"No","No",46,"Yes","DSL","No","Electronic check",2459.8,"Yes"
0,"No","No",24,"Yes","Fiber optic","Yes","Bank transfer (automatic)",2048.8,"Yes"
0,"No","Yes",5,"No_phone_service","DSL","No","Electronic check",163.55,"Yes"
0,"No","Yes",33,"Yes","Fiber optic","No","Credit card (automatic)",2888.7,"Yes"
0,"No","No",42,"Yes","DSL","Yes","Bank transfer (automatic)",2421.6,"No"
0,"No","No",23,"No","Fiber optic","Yes","Credit card (automatic)",2292.75,"No"
0,"No","No",8,"No","Fiber optic","No","Bank transfer (automatic)",553.4,"Yes"
0,"No","No",66,"No","DSL","Yes","Mailed check",3465.7,"No"
1,"No","No",24,"No","DSL","Yes","Bank transfer (automatic)",1210.4,"Yes"
0,"Yes","No",24,"Yes","DSL","No","Credit card (automatic)",1291.3,"Yes"
1,"No","No",69,"Yes","DSL","Yes","Credit card (automatic)",5356.45,"No"
0,"No","No",53,"No","Fiber optic","Yes","Mailed check",5200.8,"No"
0,"No","No",60,"No_phone_service","DSL","No","Electronic check",3237.05,"No"
1,"No","No",7,"No","Fiber optic","Yes","Electronic check",576.65,"Yes"
0,"No","Yes",23,"Yes","Fiber optic","No","Electronic check",1868.4,"Yes"
0,"No","Yes",72,"No","DSL","Yes","Electronic check",5728.55,"No"
1,"No","No",11,"Yes","Fiber optic","Yes","Electronic check",825.7,"Yes"
1,"Yes","No",1,"Yes","Fiber optic","Yes","Electronic check",93.55,"Yes"
0,"Yes","No",31,"Yes","Fiber optic","Yes","Electronic check",2845.15,"Yes"
0,"No","No",57,"No","DSL","No","Mailed check",3894.4,"No"
0,"No","No",10,"Yes","Fiber optic","Yes","Electronic check",1021.55,"Yes"
1,"No","No",58,"Yes","Fiber optic","Yes","Credit card (automatic)",5885.4,"Yes"
0,"No","No",27,"Yes","DSL","No","Mailed check",2204.35,"No"
1,"No","Yes",14,"Yes","Fiber optic","Yes","Bank transfer (automatic)",1259,"Yes"
1,"No","Yes",12,"No_phone_service","DSL","No","Mailed check",309.1,"Yes"
0,"No","Yes",69,"Yes","Fiber optic","Yes","Bank transfer (automatic)",6398.05,"No"
1,"No","Yes",25,"No","Fiber optic","Yes","Bank transfer (automatic)",2257.75,"Yes"
1,"Yes","No",58,"Yes","Fiber optic","Yes","Electronic check",6287.25,"No"
0,"No","Yes",35,"No_phone_service","DSL","Yes","Credit card (automatic)",1662.05,"No"
1,"Yes","No",16,"Yes","Fiber optic","Yes","Electronic check",1350.15,"Yes"
0,"No","Yes",45,"Yes","DSL","No","Credit card (automatic)",3600.65,"No"
0,"No","No",17,"No","Fiber optic","Yes","Electronic check",1329.15,"Yes"
1,"No","Yes",1,"No","DSL","Yes","Electronic check",45.7,"Yes"
1,"Yes","No",1,"No","Fiber optic","Yes","Electronic check",69.95,"Yes"
0,"No","Yes",67,"No","DSL","No","Mailed check",4627.65,"No"
0,"No","Yes",67,"Yes","Fiber optic","Yes","Bank transfer (automatic)",6717.9,"No"
1,"No","No",2,"No_phone_service","DSL","No","Electronic check",97.1,"Yes"
1,"No","No",23,"Yes","Fiber optic","Yes","Electronic check",1710.45,"Yes"
0,"Yes","No",9,"No","Fiber optic","No","Credit card (automatic)",637.4,"Yes"
0,"No","No",54,"No_phone_service","DSL","No","Credit card (automatic)",2460.55,"No"
1,"No","No",57,"No","Fiber optic","Yes","Electronic check",5464.65,"No"
1,"No","No",24,"Yes","Fiber optic","Yes","Mailed check",2165.05,"Yes"
1,"No","Yes",49,"Yes","Fiber optic","No","Mailed check",4941.8,"No"
1,"No","No",5,"Yes","DSL","No","Electronic check",223.15,"Yes"
1,"No","No",2,"No","Fiber optic","Yes","Electronic check",181.1,"Yes"
1,"No","Yes",4,"Yes","Fiber optic","Yes","Mailed check",341.45,"Yes"
0,"No","Yes",70,"Yes","DSL","Yes","Bank transfer (automatic)",5731.85,"No"
1,"No","No",5,"Yes","Fiber optic","Yes","Bank transfer (automatic)",357.75,"Yes"
0,"No","Yes",53,"Yes","DSL","No","Electronic check",4616.1,"Yes"
1,"No","No",47,"Yes","Fiber optic","Yes","Electronic check",4533.7,"Yes"
0,"No","Yes",13,"No","DSL","No","Bank transfer (automatic)",750.1,"Yes"
0,"No","Yes",28,"Yes","DSL","No","Mailed check",1410.25,"Yes"
1,"No","No",10,"Yes","Fiber optic","No","Electronic check",830.85,"Yes"
1,"No","No",1,"No","DSL","Yes","Mailed check",45.3,"Yes"
1,"No","No",67,"Yes","Fiber optic","No","Electronic check",7040.85,"No"
0,"No","No",52,"No","DSL","Yes","Mailed check",3865.45,"No"
0,"No","Yes",62,"No","Fiber optic","No","Mailed check",6825.65,"No"
0,"No","No",16,"No","Fiber optic","Yes","Electronic check",1340.1,"Yes"
1,"Yes","No",5,"Yes","Fiber optic","Yes","Electronic check",371.65,"Yes"
0,"No","No",12,"No","Fiber optic","No","Electronic check",1184,"No"
0,"No","Yes",72,"Yes","Fiber optic","Yes","Bank transfer (automatic)",8477.7,"No"
0,"Yes","No",71,"Yes","Fiber optic","No","Bank transfer (automatic)",7382.85,"No"
1,"No","No",67,"No","Fiber optic","Yes","Credit card (automatic)",6056.15,"No"
0,"No","Yes",2,"Yes","DSL","No","Bank transfer (automatic)",134.6,"Yes"
0,"No","Yes",5,"No_phone_service","DSL","No","Mailed check",125.5,"Yes"
1,"No","No",15,"No","Fiber optic","No","Electronic check",1390.6,"Yes"
0,"No","Yes",41,"No","DSL","Yes","Bank transfer (automatic)",2511.3,"No"
0,"No","Yes",43,"No","DSL","Yes","Electronic check",2737.05,"Yes"
0,"Yes","No",1,"Yes","Fiber optic","No","Electronic check",74.3,"Yes"
0,"Yes","No",1,"No","Fiber optic","Yes","Mailed check",70.6,"Yes"
1,"No","Yes",26,"No","Fiber optic","Yes","Electronic check",2361.8,"Yes"
1,"No","No",22,"Yes","Fiber optic","Yes","Electronic check",1730.35,"Yes"
0,"No","No",71,"Yes","DSL","No","Bank transfer (automatic)",6404,"No"
0,"Yes","No",28,"Yes","DSL","No","Bank transfer (automatic)",1867.6,"Yes"
0,"Yes","No",16,"No","Fiber optic","No","Electronic check",1043.3,"Yes"
0,"No","No",69,"Yes","Fiber optic","Yes","Bank transfer (automatic)",7455.45,"No"
0,"No","Yes",1,"No_phone_service","DSL","No","Mailed check",24.7,"Yes"
0,"No","No",3,"No","DSL","Yes","Electronic check",206.15,"Yes"
1,"Yes","No",21,"No","Fiber optic","Yes","Bank transfer (automatic)",2030.3,"Yes"
0,"No","No",69,"Yes","Fiber optic","Yes","Bank transfer (automatic)",5869.4,"Yes"
0,"No","No",71,"No_phone_service","DSL","Yes","Bank transfer (automatic)",3377.8,"No"
0,"No","No",48,"Yes","Fiber optic","Yes","Electronic check",4946.05,"Yes"
1,"No","No",47,"Yes","Fiber optic","Yes","Bank transfer (automatic)",4065,"Yes"
1,"No","No",2,"Yes","DSL","Yes","Electronic check",106.55,"Yes"
0,"No","No",45,"Yes","Fiber optic","Yes","Credit card (automatic)",4964.7,"Yes"
0,"No","No",51,"Yes","Fiber optic","No","Bank transfer (automatic)",4085.75,"Yes"
1,"No","No",22,"Yes","DSL","Yes","Electronic check",1742.75,"Yes"
0,"No","No",72,"Yes","DSL","No","Bank transfer (automatic)",6224.8,"No"
0,"No","Yes",37,"Yes","Fiber optic","Yes","Electronic check",3415.25,"Yes"
0,"No","Yes",71,"Yes","DSL","No","Electronic check",6325.25,"No"
1,"No","Yes",7,"No","DSL","No","Electronic check",340.25,"Yes"
0,"No","Yes",51,"No","DSL","Yes","Bank transfer (automatic)",3966.3,"No"
0,"No","No",34,"Yes","Fiber optic","No","Electronic check",2896.6,"Yes"
0,"Yes","No",65,"Yes","Fiber optic","Yes","Bank transfer (automatic)",6792.45,"No"
0,"No","No",47,"Yes","Fiber optic","No","Mailed check",4669.2,"Yes"
1,"No","No",1,"No","Fiber optic","Yes","Electronic check",95.6,"Yes"
1,"No","No",49,"Yes","DSL","Yes","Credit card (automatic)",2934.3,"Yes"
0,"No","Yes",67,"Yes","Fiber optic","No","Credit card (automatic)",6302.8,"No"
1,"Yes","No",43,"No","Fiber optic","Yes","Credit card (automatic)",4600.7,"Yes"
0,"Yes","No",56,"Yes","Fiber optic","Yes","Electronic check",5594,"Yes"
0,"No","No",14,"No","DSL","No","Credit card (automatic)",772.85,"No"
1,"No","No",1,"No","Fiber optic","No","Electronic check",71.35,"Yes"
0,"No","Yes",16,"No","DSL","Yes","Mailed check",857.8,"No"
0,"No","Yes",70,"Yes","Fiber optic","Yes","Electronic check",7554.05,"Yes"
0,"Yes","No",72,"Yes","DSL","Yes","Credit card (automatic)",5981.65,"No"
0,"No","Yes",23,"No","Fiber optic","Yes","Credit card (automatic)",1702.9,"Yes"
1,"No","Yes",1,"No","Fiber optic","No","Bank transfer (automatic)",69.75,"Yes"
1,"Yes","No",32,"Yes","Fiber optic","Yes","Electronic check",2931,"Yes"
1,"No","Yes",17,"No","Fiber optic","No","Electronic check",1400.85,"Yes"
1,"No","No",4,"No_phone_service","DSL","Yes","Electronic check",137.85,"Yes"
0,"No","No",36,"Yes","DSL","No","Electronic check",1941.5,"No"
0,"No","No",50,"No_phone_service","DSL","No","Credit card (automatic)",1932.75,"No"
0,"No","Yes",48,"No_phone_service","DSL","Yes","Credit card (automatic)",1423.05,"Yes"
0,"No","No",72,"Yes","DSL","No","Credit card (automatic)",5810.9,"No"
1,"No","No",1,"No","Fiber optic","Yes","Electronic check",79.95,"Yes"
0,"No","No",9,"No","Fiber optic","Yes","Electronic check",811.65,"Yes"
0,"No","No",2,"Yes","Fiber optic","No","Mailed check",174.75,"Yes"
0,"No","No",40,"Yes","Fiber optic","Yes","Credit card (automatic)",3126.85,"Yes"
0,"No","No",69,"Yes","Fiber optic","No","Bank transfer (automatic)",6841.45,"No"
1,"No","No",37,"Yes","Fiber optic","Yes","Electronic check",3754.6,"No"
0,"No","Yes",18,"Yes","Fiber optic","Yes","Credit card (automatic)",1406.65,"Yes"
0,"Yes","No",11,"No","Fiber optic","Yes","Electronic check",834.7,"Yes"
1,"No","No",8,"Yes","Fiber optic","Yes","Credit card (automatic)",627.4,"Yes"
1,"No","No",3,"Yes","Fiber optic","No","Electronic check",242,"Yes"
0,"No","Yes",55,"No","DSL","No","Credit card (automatic)",3157,"No"
0,"No","No",33,"Yes","Fiber optic","Yes","Electronic check",3092,"Yes"
0,"No","No",46,"No","DSL","No","Bank transfer (automatic)",2168.9,"Yes"
0,"No","No",33,"Yes","DSL","No","Electronic check",1952.8,"No"
0,"No","Yes",45,"Yes","Fiber optic","Yes","Credit card (automatic)",4368.85,"No"
0,"No","No",40,"No","DSL","Yes","Mailed check",2647.1,"Yes"
0,"No","No",71,"Yes","Fiber optic","Yes","Electronic check",8477.6,"No"
1,"No","No",1,"Yes","DSL","No","Electronic check",54.35,"Yes"
0,"No","Yes",72,"No_phone_service","DSL","No","Bank transfer (automatic)",4528,"No"
0,"No","Yes",22,"No","Fiber optic","Yes","Electronic check",1790.65,"Yes"
0,"No","No",12,"Yes","DSL","Yes","Mailed check",854.45,"No"
0,"No","No",31,"Yes","Fiber optic","Yes","Electronic check",2429.1,"Yes"
1,"No","No",5,"No_phone_service","DSL","Yes","Electronic check",100.4,"Yes"
0,"No","Yes",67,"Yes","DSL","Yes","Electronic check",5229.45,"No"
0,"No","No",1,"No","DSL","No","Mailed check",44.45,"Yes"
1,"No","No",40,"No_phone_service","DSL","Yes","Electronic check",1716.45,"No"
0,"No","Yes",41,"Yes","DSL","Yes","Credit card (automatic)",3023.55,"Yes"
1,"No","No",1,"Yes","Fiber optic","Yes","Electronic check",75.3,"Yes"
1,"No","No",51,"Yes","Fiber optic","Yes","Electronic check",4837.6,"No"
0,"No","Yes",42,"No_phone_service","DSL","No","Credit card (automatic)",2032.3,"No"
1,"Yes","No",1,"No","Fiber optic","Yes","Electronic check",70.55,"Yes"
0,"No","No",56,"Yes","Fiber optic","Yes","Credit card (automatic)",5893.95,"Yes"
0,"No","Yes",15,"Yes","Fiber optic","Yes","Electronic check",1430.05,"Yes"
0,"No","Yes",54,"No","DSL","No","Bank transfer (automatic)",3871.85,"No"
0,"No","No",7,"No","DSL","Yes","Electronic check",458.1,"Yes"
1,"No","Yes",33,"Yes","Fiber optic","No","Credit card (automatic)",2745.7,"Yes"
0,"No","Yes",21,"No","DSL","No","Mailed check",1336.8,"No"
0,"Yes","No",30,"Yes","DSL","No","Electronic check",2181.75,"No"
0,"No","No",3,"No","DSL","Yes","Mailed check",147.75,"Yes"
0,"No","No",11,"No","Fiber optic","No","Electronic check",818.45,"Yes"
0,"No","No",62,"Yes","Fiber optic","Yes","Credit card (automatic)",7133.45,"No"
0,"No","No",46,"Yes","Fiber optic","Yes","Electronic check",4674.4,"No"
0,"No","No",21,"Yes","Fiber optic","Yes","Electronic check",1737.45,"Yes"
0,"No","No",1,"Yes","DSL","Yes","Electronic check",50.1,"Yes"
0,"No","No",25,"No","Fiber optic","Yes","Electronic check",1797.75,"Yes"
1,"No","No",30,"Yes","Fiber optic","Yes","Electronic check",2624.25,"Yes"
1,"No","No",2,"No","Fiber optic","No","Electronic check",184.1,"Yes"
0,"No","No",51,"Yes","Fiber optic","Yes","Bank transfer (automatic)",5498.8,"No"
0,"No","Yes",57,"Yes","DSL","Yes","Electronic check",4845.4,"No"
0,"No","Yes",72,"No","DSL","Yes","Bank transfer (automatic)",6096.9,"No"
1,"No","No",2,"No","Fiber optic","Yes","Electronic check",160.75,"Yes"
0,"No","No",28,"Yes","Fiber optic","No","Credit card (automatic)",2684.35,"Yes"
1,"Yes","No",29,"Yes","Fiber optic","Yes","Electronic check",3004.15,"Yes"
0,"No","Yes",70,"No","Fiber optic","Yes","Credit card (automatic)",6994.8,"No"
0,"Yes","No",59,"Yes","Fiber optic","Yes","Electronic check",5483.9,"No"
1,"Yes","No",13,"Yes","Fiber optic","Yes","Electronic check",1233.65,"Yes"
1,"Yes","No",7,"Yes","Fiber optic","Yes","Mailed check",527.9,"Yes"
0,"No","No",62,"No","DSL","No","Mailed check",4985.9,"No"
0,"No","No",21,"No","DSL","Yes","Electronic check",1258.35,"No"
0,"No","No",2,"No","DSL","No","Electronic check",111.4,"Yes"
0,"No","No",1,"No","DSL","No","Credit card (automatic)",43.95,"Yes"
0,"No","No",4,"No","Fiber optic","No","Electronic check",308.1,"Yes"
1,"No","No",30,"No","Fiber optic","No","Electronic check",2555.9,"Yes"
0,"Yes","No",72,"Yes","Fiber optic","Yes","Credit card (automatic)",7550.3,"No"
0,"Yes","No",71,"No","Fiber optic","Yes","Credit card (automatic)",6707.15,"No"
0,"No","Yes",50,"Yes","DSL","Yes","Credit card (automatic)",4164.4,"No"
0,"No","Yes",56,"Yes","Fiber optic","Yes","Electronic check",5873.75,"No"
0,"No","No",2,"No","DSL","Yes","Credit card (automatic)",109.25,"Yes"
1,"Yes","No",2,"Yes","Fiber optic","Yes","Electronic check",179.25,"Yes"
1,"No","Yes",24,"Yes","DSL","No","Electronic check",1338.15,"Yes"
0,"No","No",71,"Yes","Fiber optic","Yes","Electronic check",8564.75,"No"
0,"No","No",29,"No_phone_service","DSL","Yes","Electronic check",926.2,"Yes"
0,"No","No",71,"Yes","DSL","No","Credit card (automatic)",5956.85,"No"
1,"Yes","No",1,"No","Fiber optic","Yes","Electronic check",91.3,"Yes"
0,"Yes","No",56,"No","DSL","Yes","Bank transfer (automatic)",4824.45,"No"
1,"No","No",1,"No","Fiber optic","Yes","Electronic check",79.5,"Yes"
0,"No","No",66,"Yes","DSL","No","Electronic check",4264.6,"Yes"
0,"No","Yes",17,"Yes","DSL","Yes","Mailed check",1070.7,"No"
0,"No","No",19,"No","DSL","No","Electronic check",1045.25,"No"
0,"No","No",36,"No","DSL","No","Bank transfer (automatic)",3003.55,"No"
1,"Yes","No",7,"No","Fiber optic","Yes","Mailed check",467.55,"Yes"
0,"No","Yes",72,"Yes","Fiber optic","Yes","Credit card (automatic)",7537.5,"No"
1,"No","Yes",67,"Yes","Fiber optic","Yes","Electronic check",7482.1,"No"
0,"Yes","No",34,"No","Fiber optic","Yes","Electronic check",3343.15,"No"
1,"Yes","No",57,"Yes","Fiber optic","Yes","Bank transfer (automatic)",5427.05,"Yes"
1,"No","No",7,"No","Fiber optic","Yes","Electronic check",587.1,"Yes"
1,"Yes","No",1,"Yes","Fiber optic","Yes","Electronic check",100.8,"Yes"
0,"No","No",69,"Yes","Fiber optic","No","Electronic check",7028.5,"No"
0,"No","No",50,"Yes","Fiber optic","Yes","Mailed check",5232.9,"No"
1,"No","No",14,"No","Fiber optic","Yes","Electronic check",1180.95,"Yes"
0,"No","No",70,"No_phone_service","DSL","Yes","Bank transfer (automatic)",3370.2,"No"
0,"Yes","No",64,"Yes","Fiber optic","Yes","Bank transfer (automatic)",7111.3,"Yes"
0,"No","Yes",66,"Yes","DSL","No","Credit card (automatic)",5958.85,"No"
0,"No","Yes",71,"No","DSL","Yes","Credit card (automatic)",5999.85,"No"
0,"Yes","No",20,"No","Fiber optic","No","Electronic check",1648.45,"Yes"
0,"No","No",72,"No","DSL","Yes","Bank transfer (automatic)",5753.25,"No"
0,"No","Yes",71,"No","DSL","No","Credit card (automatic)",4492.9,"No"
0,"No","Yes",38,"Yes","Fiber optic","Yes","Credit card (automatic)",3956.7,"Yes"
1,"No","No",28,"Yes","Fiber optic","Yes","Electronic check",2625.55,"Yes"
1,"Yes","No",17,"No","Fiber optic","Yes","Electronic check",1233.4,"Yes"
0,"No","No",33,"No_phone_service","DSL","Yes","Electronic check",1309,"No"
0,"No","Yes",23,"No_phone_service","DSL","No","Mailed check",813.45,"No"
0,"Yes","No",70,"Yes","Fiber optic","Yes","Bank transfer (automatic)",7349.35,"No"
0,"No","No",4,"No","Fiber optic","No","Electronic check",294.2,"Yes"
1,"No","No",10,"No","Fiber optic","Yes","Electronic check",740,"Yes"
0,"No","No",54,"No","DSL","Yes","Mailed check",3883.3,"Yes"
0,"No","Yes",23,"Yes","DSL","No","Mailed check",1414.2,"No"
0,"No","Yes",41,"Yes","DSL","Yes","Credit card (automatic)",3211.2,"No"
0,"Yes","No",5,"No","Fiber optic","Yes","Mailed check",371.6,"Yes"
0,"No","Yes",27,"No_phone_service","DSL","Yes","Credit card (automatic)",1246.4,"No"
0,"No","No",1,"No","Fiber optic","Yes","Electronic check",95.85,"Yes"
0,"No","Yes",67,"No_phone_service","DSL","No","Credit card (automatic)",2545.7,"No"
0,"Yes","Yes",72,"Yes","DSL","Yes","Credit card (automatic)",6448.85,"No"
0,"Yes","No",66,"Yes","Fiber optic","Yes","Electronic check",6690.75,"Yes"
1,"No","No",34,"Yes","DSL","Yes","Mailed check",2088.75,"No"
0,"No","No",69,"Yes","Fiber optic","No","Bank transfer (automatic)",7240.65,"No"
1,"No","Yes",1,"Yes","Fiber optic","Yes","Electronic check",102.45,"Yes"
0,"No","Yes",30,"Yes","DSL","Yes","Bank transfer (automatic)",1588.7,"Yes"
0,"No","No",11,"No","DSL","No","Mailed check",829.3,"Yes"
0,"No","No",11,"No","DSL","Yes","Electronic check",712.25,"Yes"
0,"Yes","No",72,"No","DSL","No","Bank transfer (automatic)",5360.75,"No"
0,"Yes","No",72,"Yes","Fiber optic","Yes","Bank transfer (automatic)",6735.05,"No"
0,"No","Yes",1,"No","DSL","No","Mailed check",51.2,"Yes"
0,"No","Yes",15,"No","DSL","No","Credit card (automatic)",1010,"No"
0,"No","No",60,"Yes","DSL","No","Credit card (automatic)",4847.05,"No"
0,"No","No",56,"No","DSL","No","Mailed check",3019.7,"No"
1,"No","No",3,"No","Fiber optic","No","Credit card (automatic)",217.55,"Yes"
0,"No","No",49,"Yes","DSL","Yes","Credit card (automatic)",2583.75,"Yes"
1,"No","No",2,"No","Fiber optic","Yes","Electronic check",146.05,"Yes"
1,"No","No",6,"No","Fiber optic","Yes","Bank transfer (automatic)",567.45,"Yes"
0,"No","No",70,"Yes","Fiber optic","Yes","Bank transfer (automatic)",7711.25,"No"
1,"No","No",12,"Yes","Fiber optic","Yes","Mailed check",1384.75,"Yes"
0,"Yes","No",52,"No","Fiber optic","Yes","Bank transfer (automatic)",5481.25,"No"
0,"No","No",72,"Yes","Fiber optic","Yes","Credit card (automatic)",8124.2,"No"
1,"No","No",1,"No","Fiber optic","No","Mailed check",70.9,"Yes"
1,"Yes","No",3,"No","Fiber optic","Yes","Electronic check",220.95,"Yes"
0,"Yes","No",40,"No","Fiber optic","Yes","Electronic check",3673.6,"Yes"
0,"No","Yes",1,"No","DSL","Yes","Electronic check",49.85,"Yes"
1,"No","Yes",23,"No","Fiber optic","Yes","Electronic check",2331.3,"Yes"
1,"No","Yes",1,"Yes","Fiber optic","Yes","Electronic check",74.5,"Yes"
0,"Yes","No",44,"Yes","Fiber optic","No","Electronic check",4495.65,"Yes"
1,"No","No",65,"Yes","Fiber optic","Yes","Electronic check",6941.2,"Yes"
0,"Yes","No",7,"No","DSL","Yes","Electronic check",340.35,"Yes"
0,"Yes","No",8,"Yes","Fiber optic","Yes","Credit card (automatic)",908.55,"Yes"
1,"No","No",16,"Yes","DSL","Yes","Credit card (automatic)",1043.35,"Yes"
1,"Yes","Yes",66,"Yes","Fiber optic","Yes","Credit card (automatic)",6822.15,"Yes"
1,"No","No",1,"No","Fiber optic","Yes","Mailed check",71.55,"Yes"
0,"No","Yes",3,"No","DSL","No","Mailed check",157.55,"Yes"
1,"No","No",53,"Yes","Fiber optic","No","Electronic check",5029.2,"Yes"
0,"Yes","No",8,"No","DSL","Yes","Credit card (automatic)",581.7,"Yes"
1,"Yes","No",69,"Yes","Fiber optic","Yes","Bank transfer (automatic)",7318.2,"No"
0,"No","No",5,"No","Fiber optic","Yes","Mailed check",420.45,"Yes"
0,"No","Yes",72,"Yes","Fiber optic","No","Mailed check",7576.7,"No"
1,"No","No",13,"No_phone_service","DSL","Yes","Bank transfer (automatic)",633.4,"Yes"
1,"No","No",4,"Yes","Fiber optic","Yes","Electronic check",321.65,"Yes"
0,"No","Yes",54,"Yes","DSL","No","Credit card (automatic)",4965,"No"
0,"No","No",72,"Yes","DSL","No","Bank transfer (automatic)",6151.9,"No"
1,"No","No",12,"Yes","Fiber optic","Yes","Electronic check",1253.9,"Yes"
1,"No","No",1,"No_phone_service","DSL","Yes","Electronic check",25.15,"Yes"
0,"Yes","No",1,"No","DSL","No","Electronic check",45.2,"Yes"
1,"No","No",54,"Yes","Fiber optic","No","Electronic check",5893.15,"No"
0,"No","Yes",69,"Yes","Fiber optic","Yes","Credit card (automatic)",5420.65,"No"
0,"No","No",48,"No","DSL","No","Credit card (automatic)",2627.35,"No"
1,"No","Yes",48,"Yes","Fiber optic","Yes","Credit card (automatic)",5037.55,"No"
0,"No","No",8,"Yes","Fiber optic","Yes","Electronic check",743.75,"Yes"
0,"No","Yes",71,"Yes","DSL","Yes","Mailed check",6589.6,"No"
1,"No","No",2,"No","DSL","Yes","Electronic check",92.45,"Yes"
0,"No","No",67,"No","Fiber optic","Yes","Credit card (automatic)",6733.15,"No"
0,"No","Yes",34,"Yes","Fiber optic","Yes","Bank transfer (automatic)",3410,"Yes"
0,"No","No",3,"No","Fiber optic","Yes","Electronic check",199.85,"Yes"
0,"No","Yes",9,"No","DSL","Yes","Mailed check",593.3,"No"
0,"No","Yes",71,"No","Fiber optic","Yes","Bank transfer (automatic)",7288.4,"No"
0,"No","No",57,"Yes","Fiber optic","Yes","Credit card (automatic)",5229.8,"No"
0,"No","No",72,"No_phone_service","DSL","Yes","Bank transfer (automatic)",4464.8,"No"
0,"Yes","Yes",48,"No","Fiber optic","Yes","Electronic check",5068.05,"Yes"
0,"No","Yes",43,"Yes","Fiber optic","Yes","Credit card (automatic)",4451.85,"No"
0,"No","Yes",72,"Yes","DSL","Yes","Bank transfer (automatic)",6688.95,"No"
0,"No","Yes",35,"Yes","DSL","Yes","Bank transfer (automatic)",2661.1,"No"
0,"No","Yes",71,"Yes","Fiber optic","No","Bank transfer (automatic)",7030.65,"No"
0,"No","Yes",11,"No","Fiber optic","No","Electronic check",1020.2,"Yes"
0,"No","Yes",63,"Yes","DSL","Yes","Credit card (automatic)",5597.65,"No"
0,"Yes","No",65,"Yes","Fiber optic","Yes","Bank transfer (automatic)",6223.3,"Yes"
1,"No","No",29,"Yes","Fiber optic","Yes","Credit card (automatic)",2933.2,"Yes"
1,"Yes","No",15,"Yes","Fiber optic","Yes","Electronic check",1258.3,"Yes"
0,"No","No",72,"Yes","Fiber optic","No","Credit card (automatic)",7789.6,"No"
0,"Yes","No",26,"No","Fiber optic","Yes","Credit card (automatic)",2067,"Yes"
0,"Yes","No",35,"Yes","Fiber optic","No","Bank transfer (automatic)",3452.55,"Yes"
0,"No","No",57,"Yes","Fiber optic","No","Electronic check",5468.95,"No"
0,"No","Yes",28,"Yes","DSL","No","Electronic check",1802.15,"Yes"
0,"No","No",47,"No","DSL","Yes","Credit card (automatic)",3021.45,"No"
0,"No","Yes",57,"Yes","DSL","No","Bank transfer (automatic)",3687.85,"Yes"
0,"Yes","No",16,"Yes","Fiber optic","Yes","Credit card (automatic)",1391.15,"Yes"
0,"No","No",5,"No","DSL","Yes","Mailed check",274.35,"Yes"
1,"No","No",17,"No","Fiber optic","Yes","Bank transfer (automatic)",1214.05,"Yes"
1,"Yes","No",56,"Yes","Fiber optic","Yes","Bank transfer (automatic)",5510.65,"No"
1,"Yes","No",21,"Yes","Fiber optic","Yes","Electronic check",1973.75,"Yes"
0,"No","Yes",48,"No_phone_service","DSL","No","Credit card (automatic)",2196.3,"No"
0,"No","No",68,"Yes","Fiber optic","No","Bank transfer (automatic)",7843.55,"No"
0,"No","No",30,"Yes","Fiber optic","No","Bank transfer (automatic)",3211.9,"Yes"
0,"No","No",3,"No","DSL","Yes","Mailed check",130.15,"Yes"
0,"Yes","No",14,"No_phone_service","DSL","No","Mailed check",692.35,"No"
0,"No","Yes",71,"Yes","Fiber optic","Yes","Credit card (automatic)",6849.4,"No"
0,"No","Yes",61,"No_phone_service","DSL","No","Bank transfer (automatic)",2117.2,"Yes"
0,"No","Yes",72,"Yes","Fiber optic","No","Bank transfer (automatic)",6565.85,"No"
0,"No","No",5,"Yes","Fiber optic","Yes","Electronic check",424.75,"Yes"
0,"No","No",49,"No","DSL","No","Bank transfer (automatic)",3306.85,"No"
0,"No","No",3,"No","Fiber optic","Yes","Electronic check",253.8,"Yes"
0,"No","Yes",67,"No","DSL","Yes","Bank transfer (automatic)",3838.2,"No"
0,"No","No",46,"No","DSL","Yes","Credit card (automatic)",2065.15,"Yes"
0,"No","No",67,"Yes","DSL","No","Mailed check",5064.45,"No"
0,"No","No",33,"Yes","DSL","Yes","Bank transfer (automatic)",2447.45,"Yes"
1,"No","Yes",1,"No","DSL","No","Mailed check",45.95,"Yes"
0,"No","Yes",49,"No_phone_service","DSL","Yes","Electronic check",1838.15,"Yes"
0,"No","No",1,"No","DSL","Yes","Electronic check",44.75,"Yes"
0,"No","No",14,"Yes","Fiber optic","Yes","Electronic check",1185,"Yes"
0,"Yes","No",18,"Yes","Fiber optic","No","Bank transfer (automatic)",1743.9,"Yes"
1,"Yes","No",1,"No","Fiber optic","Yes","Electronic check",70.15,"Yes"
1,"No","No",1,"No","Fiber optic","Yes","Credit card (automatic)",85.55,"Yes"
0,"No","No",72,"Yes","Fiber optic","Yes","Credit card (automatic)",8529.5,"No"
0,"No","No",64,"Yes","Fiber optic","No","Credit card (automatic)",6549.45,"No"
0,"No","No",69,"Yes","Fiber optic","Yes","Bank transfer (automatic)",7806.5,"No"
0,"No","Yes",71,"Yes","DSL","No","Credit card (automatic)",6287.3,"No"
0,"No","Yes",66,"No","DSL","Yes","Credit card (automatic)",3251.85,"No"
0,"Yes","No",71,"No","Fiber optic","Yes","Bank transfer (automatic)",7904.25,"No"
0,"No","No",11,"No","DSL","Yes","Electronic check",729.95,"No"
0,"No","Yes",47,"No","DSL","Yes","Electronic check",2654.05,"Yes"
1,"No","No",35,"No","Fiber optic","Yes","Electronic check",2416.55,"Yes"
1,"Yes","No",32,"Yes","Fiber optic","No","Bank transfer (automatic)",3520.75,"Yes"
0,"No","Yes",60,"Yes","Fiber optic","Yes","Bank transfer (automatic)",5969.95,"Yes"
0,"No","No",29,"No_phone_service","DSL","No","Credit card (automatic)",1082.75,"No"
0,"No","Yes",21,"No_phone_service","DSL","Yes","Electronic check",565.75,"Yes"
0,"Yes","No",48,"Yes","Fiber optic","Yes","Credit card (automatic)",4370.75,"Yes"
0,"No","Yes",3,"No_phone_service","DSL","No","Mailed check",90.05,"Yes"
0,"No","Yes",43,"No","DSL","No","Mailed check",2169.4,"Yes"
0,"No","No",5,"Yes","Fiber optic","No","Electronic check",550.6,"Yes"
0,"No","No",1,"No","DSL","Yes","Electronic check",55.45,"Yes"
0,"No","Yes",71,"Yes","DSL","No","Electronic check",6300.85,"No"
0,"No","No",8,"Yes","DSL","Yes","Electronic check",436.6,"Yes"
0,"No","No",20,"Yes","Fiber optic","Yes","Credit card (automatic)",1781.35,"Yes"
1,"No","Yes",33,"Yes","Fiber optic","Yes","Mailed check",3467,"No"
0,"No","No",71,"Yes","Fiber optic","Yes","Credit card (automatic)",5552.5,"No"
0,"Yes","No",31,"Yes","Fiber optic","Yes","Electronic check",2835.5,"No"
0,"Yes","No",38,"Yes","Fiber optic","No","Credit card (automatic)",3591.25,"No"
1,"No","No",1,"No","Fiber optic","Yes","Electronic check",88.35,"Yes"
0,"No","Yes",2,"No_phone_service","DSL","Yes","Mailed check",63.75,"Yes"
0,"No","No",12,"No_phone_service","DSL","Yes","Bank transfer (automatic)",617.15,"Yes"
0,"No","Yes",9,"No","Fiber optic","No","Bank transfer (automatic)",870.25,"Yes"
0,"Yes","Yes",11,"No","DSL","Yes","Electronic check",601.25,"Yes"
0,"No","No",71,"No","DSL","Yes","Bank transfer (automatic)",6046.1,"No"
0,"No","Yes",42,"Yes","Fiber optic","Yes","Credit card (automatic)",3923.8,"No"
1,"No","Yes",8,"No","Fiber optic","Yes","Electronic check",777.3,"Yes"
1,"No","No",5,"No","Fiber optic","Yes","Electronic check",512.45,"Yes"
1,"No","No",2,"No","Fiber optic","Yes","Electronic check",141.45,"Yes"
0,"No","Yes",28,"No_phone_service","DSL","Yes","Credit card (automatic)",1682.05,"No"
0,"No","No",43,"Yes","Fiber optic","No","Electronic check",3398.9,"Yes"
0,"No","Yes",60,"Yes","DSL","Yes","Electronic check",4984.85,"No"
1,"No","No",42,"No_phone_service","DSL","No","Mailed check",1445.3,"No"
0,"No","Yes",7,"No_phone_service","DSL","No","Credit card (automatic)",305.55,"No"
1,"Yes","Yes",40,"Yes","Fiber optic","Yes","Credit card (automatic)",3640.45,"Yes"
0,"No","No",27,"Yes","Fiber optic","Yes","Bank transfer (automatic)",2673.45,"No"
0,"No","No",10,"No_phone_service","DSL","No","Electronic check",389.8,"Yes"
0,"Yes","No",27,"Yes","Fiber optic","Yes","Bank transfer (automatic)",2401.05,"Yes"
0,"No","No",11,"No","DSL","No","Bank transfer (automatic)",651.55,"No"
0,"No","Yes",4,"No_phone_service","DSL","No","Credit card (automatic)",156.1,"Yes"
0,"No","No",68,"No_phone_service","DSL","Yes","Bank transfer (automatic)",2796.35,"Yes"
0,"Yes","No",1,"No","Fiber optic","Yes","Electronic check",70.05,"Yes"
1,"No","No",57,"Yes","Fiber optic","Yes","Bank transfer (automatic)",6465,"No"
0,"No","No",17,"No_phone_service","DSL","Yes","Credit card (automatic)",646.05,"Yes"
1,"No","No",1,"No_phone_service","DSL","No","Electronic check",35.9,"Yes"
1,"No","Yes",38,"Yes","Fiber optic","Yes","Bank transfer (automatic)",3777.15,"Yes"
0,"Yes","No",59,"No","Fiber optic","Yes","Credit card (automatic)",4903.15,"No"
0,"No","No",30,"No","DSL","Yes","Mailed check",1653.85,"No"
1,"Yes","No",2,"No_phone_service","DSL","Yes","Mailed check",47.5,"Yes"
0,"No","No",9,"No_phone_service","DSL","No","Mailed check",463.6,"No"
0,"No","Yes",14,"No","DSL","Yes","Credit card (automatic)",824.85,"Yes"
0,"Yes","No",31,"No","Fiber optic","Yes","Credit card (automatic)",2094.65,"Yes"
0,"No","No",7,"No","DSL","No","Electronic check",438.9,"Yes"
1,"No","No",8,"Yes","Fiber optic","Yes","Bank transfer (automatic)",847.3,"Yes"
0,"Yes","No",2,"No","Fiber optic","No","Mailed check",162.55,"Yes"
1,"Yes","No",7,"Yes","Fiber optic","Yes","Electronic check",546.95,"Yes"
0,"No","Yes",72,"Yes","Fiber optic","No","Credit card (automatic)",7887.25,"No"
1,"Yes","No",31,"Yes","Fiber optic","Yes","Electronic check",3186.65,"Yes"
0,"No","Yes",27,"No","Fiber optic","No","Mailed check",1972.35,"Yes"
1,"No","No",18,"Yes","Fiber optic","Yes","Credit card (automatic)",1527.35,"Yes"
0,"No","No",7,"No","Fiber optic","Yes","Electronic check",490.55,"Yes"
1,"Yes","No",14,"Yes","Fiber optic","Yes","Electronic check",1531.4,"Yes"
0,"No","Yes",11,"No","DSL","Yes","Bank transfer (automatic)",683.25,"Yes"
0,"No","Yes",72,"Yes","Fiber optic","Yes","Bank transfer (automatic)",8058.85,"No"
1,"No","Yes",28,"Yes","Fiber optic","No","Electronic check",2847.4,"No"
1,"Yes","No",15,"Yes","Fiber optic","Yes","Credit card (automatic)",1133.9,"Yes"
0,"Yes","No",4,"Yes","Fiber optic","Yes","Electronic check",294.45,"Yes"
1,"No","No",5,"No","Fiber optic","Yes","Electronic check",461.7,"Yes"
0,"Yes","No",57,"No","Fiber optic","Yes","Electronic check",5199.8,"No"
0,"Yes","No",50,"Yes","Fiber optic","Yes","Credit card (automatic)",5163.3,"No"
0,"No","Yes",1,"No","DSL","Yes","Bank transfer (automatic)",70.45,"Yes"
0,"No","No",8,"Yes","Fiber optic","Yes","Bank transfer (automatic)",659.45,"Yes"
1,"No","No",1,"Yes","Fiber optic","Yes","Electronic check",77.15,"Yes"
1,"No","No",1,"No_phone_service","DSL","Yes","Bank transfer (automatic)",35.25,"Yes"
0,"No","Yes",49,"Yes","Fiber optic","Yes","Electronic check",4917.9,"No"
1,"No","No",4,"No_phone_service","DSL","Yes","Electronic check",201,"Yes"
1,"No","No",53,"Yes","Fiber optic","Yes","Credit card (automatic)",5149.5,"Yes"
0,"No","No",67,"Yes","DSL","No","Credit card (automatic)",4677.1,"No"
0,"No","No",47,"Yes","Fiber optic","Yes","Electronic check",4849.1,"Yes"
0,"No","No",53,"No","Fiber optic","No","Mailed check",5424.25,"No"
0,"No","No",69,"No","DSL","Yes","Mailed check",5878.9,"No"
0,"No","No",3,"No","Fiber optic","Yes","Mailed check",244.85,"Yes"
0,"No","No",4,"No","DSL","No","Mailed check",220.75,"Yes"
0,"No","Yes",56,"Yes","DSL","Yes","Credit card (automatic)",4261.2,"No"
1,"Yes","No",59,"Yes","Fiber optic","Yes","Bank transfer (automatic)",5574.75,"Yes"
0,"No","No",2,"No","DSL","Yes","Electronic check",89.75,"Yes"
1,"Yes","Yes",46,"Yes","Fiber optic","Yes","Electronic check",4541.2,"Yes"
1,"No","No",14,"Yes","Fiber optic","Yes","Electronic check",1072,"Yes"
0,"No","Yes",28,"Yes","Fiber optic","Yes","Electronic check",2509.25,"No"
0,"No","No",24,"No","DSL","No","Bank transfer (automatic)",1440.75,"Yes"
1,"No","No",31,"No","DSL","Yes","Electronic check",1715.65,"Yes"
0,"No","Yes",68,"Yes","DSL","Yes","Electronic check",5333.35,"No"
0,"No","Yes",39,"Yes","Fiber optic","No","Mailed check",3895.35,"No"
1,"No","No",13,"No_phone_service","DSL","Yes","Electronic check",706.85,"Yes"
0,"No","No",6,"Yes","Fiber optic","Yes","Electronic check",512.25,"Yes"
1,"No","No",35,"Yes","Fiber optic","No","Credit card (automatic)",2636.05,"Yes"
0,"No","No",27,"No","DSL","Yes","Electronic check",1389.85,"Yes"
0,"No","Yes",41,"No","DSL","No","Mailed check",2894.55,"No"
0,"No","Yes",50,"No","DSL","No","Electronic check",4025.6,"No"
1,"No","No",2,"No","Fiber optic","Yes","Electronic check",189.2,"Yes"
0,"No","No",64,"Yes","Fiber optic","Yes","Credit card (automatic)",7069.25,"No"
1,"No","No",1,"Yes","Fiber optic","Yes","Mailed check",74.25,"Yes"
0,"Yes","No",29,"No","Fiber optic","No","Bank transfer (automatic)",2656.7,"No"
0,"No","No",23,"No","DSL","Yes","Bank transfer (automatic)",1689.45,"No"
1,"Yes","No",25,"Yes","Fiber optic","Yes","Electronic check",2187.55,"Yes"
0,"No","No",64,"Yes","Fiber optic","Yes","Bank transfer (automatic)",7334.05,"No"
1,"Yes","No",16,"Yes","Fiber optic","Yes","Electronic check",1581.2,"Yes"
1,"Yes","No",1,"No","Fiber optic","Yes","Bank transfer (automatic)",69.5,"Yes"
0,"No","No",24,"Yes","Fiber optic","Yes","Bank transfer (automatic)",2404.85,"Yes"
0,"No","No",2,"Yes","Fiber optic","Yes","Electronic check",171.45,"Yes"
0,"No","Yes",34,"No","DSL","No","Mailed check",2839.45,"No"
1,"Yes","No",36,"Yes","Fiber optic","Yes","Credit card (automatic)",3132.75,"Yes"
0,"No","Yes",53,"Yes","DSL","Yes","Mailed check",3942.45,"No"
0,"No","Yes",72,"Yes","Fiber optic","Yes","Credit card (automatic)",6991.6,"No"
1,"No","No",9,"Yes","Fiber optic","Yes","Electronic check",803.3,"Yes"
1,"No","No",8,"No","Fiber optic","Yes","Bank transfer (automatic)",679.3,"Yes"
1,"Yes","No",45,"No","DSL","No","Credit card (automatic)",2791.5,"No"
0,"No","No",7,"No","Fiber optic","Yes","Electronic check",715,"Yes"
0,"Yes","No",41,"No","Fiber optic","Yes","Bank transfer (automatic)",4016.2,"No"
0,"No","Yes",67,"No_phone_service","DSL","No","Credit card (automatic)",3281.65,"No"
0,"No","No",69,"Yes","Fiber optic","Yes","Credit card (automatic)",7317.1,"No"
0,"Yes","No",70,"Yes","DSL","Yes","Bank transfer (automatic)",6474.45,"No"
0,"No","No",72,"Yes","Fiber optic","No","Bank transfer (automatic)",8164.1,"No"
0,"No","Yes",34,"No_phone_service","DSL","Yes","Electronic check",1325.85,"No"
0,"No","No",70,"Yes","Fiber optic","Yes","Credit card (automatic)",7795.95,"No"
0,"No","Yes",72,"No_phone_service","DSL","Yes","Credit card (automatic)",3952.45,"No"
0,"No","Yes",35,"No","DSL","Yes","Mailed check",2495.15,"No"
1,"No","No",13,"Yes","Fiber optic","No","Mailed check",1230.25,"Yes"
0,"No","No",12,"Yes","DSL","No","Electronic check",876.75,"No"
0,"No","Yes",62,"No","DSL","Yes","Bank transfer (automatic)",4263.45,"No"
0,"No","No",25,"No","DSL","Yes","Credit card (automatic)",1992.95,"Yes"
0,"No","No",52,"No_phone_service","DSL","No","Mailed check",1982.1,"No"
0,"Yes","No",8,"No","Fiber optic","Yes","Credit card (automatic)",562.7,"Yes"
0,"No","No",18,"No","DSL","Yes","Mailed check",892.7,"Yes"
0,"No","No",8,"No","DSL","Yes","Electronic check",487.75,"Yes"
0,"No","No",45,"Yes","Fiber optic","Yes","Mailed check",3713.95,"Yes"
0,"No","No",3,"No","DSL","No","Mailed check",141.7,"Yes"
0,"No","No",72,"Yes","Fiber optic","Yes","Electronic check",8425.3,"No"
1,"No","No",46,"Yes","Fiber optic","Yes","Electronic check",4154.8,"Yes"
0,"No","Yes",71,"Yes","Fiber optic","Yes","Credit card (automatic)",7061.65,"No"
0,"No","Yes",66,"No_phone_service","DSL","No","Bank transfer (automatic)",3364.55,"No"
1,"Yes","No",25,"Yes","Fiber optic","No","Mailed check",2655.25,"Yes"
1,"No","No",18,"Yes","DSL","Yes","Credit card (automatic)",1425.45,"No"
0,"No","Yes",65,"Yes","DSL","No","Bank transfer (automatic)",5963.95,"No"
1,"No","No",60,"Yes","Fiber optic","Yes","Electronic check",5742.9,"Yes"
1,"No","No",30,"Yes","Fiber optic","Yes","Credit card (automatic)",2866.45,"Yes"
0,"No","Yes",42,"No","Fiber optic","Yes","Electronic check",4303.65,"No"
1,"No","No",1,"No","DSL","Yes","Mailed check",54.75,"Yes"
1,"Yes","No",39,"Yes","Fiber optic","Yes","Bank transfer (automatic)",3759.05,"Yes"
0,"No","Yes",53,"No","Fiber optic","Yes","Bank transfer (automatic)",5935.1,"Yes"
1,"No","No",1,"Yes","Fiber optic","Yes","Electronic check",94.6,"Yes"
1,"Yes","Yes",31,"No","Fiber optic","Yes","Electronic check",2911.3,"Yes"
0,"Yes","Yes",30,"Yes","Fiber optic","Yes","Electronic check",2974.5,"Yes"
0,"No","Yes",12,"Yes","Fiber optic","Yes","Electronic check",1275.65,"Yes"
0,"Yes","No",57,"No","DSL","No","Bank transfer (automatic)",4003,"No"
0,"No","No",58,"No","DSL","Yes","Credit card (automatic)",3791.6,"Yes"
0,"No","No",8,"No","DSL","No","Electronic check",408.25,"Yes"
1,"Yes","No",3,"Yes","Fiber optic","Yes","Electronic check",231.8,"Yes"
0,"Yes","No",25,"No","Fiber optic","No","Bank transfer (automatic)",2191.15,"Yes"
0,"No","Yes",57,"Yes","Fiber optic","Yes","Electronic check",5611.7,"Yes"
0,"No","No",65,"Yes","Fiber optic","Yes","Bank transfer (automatic)",7082.85,"No"
0,"No","No",71,"Yes","DSL","Yes","Bank transfer (automatic)",5662.25,"No"
0,"No","Yes",21,"No","DSL","Yes","Credit card (automatic)",1215.45,"No"
0,"No","No",71,"Yes","Fiber optic","Yes","Electronic check",7854.15,"No"
0,"No","No",7,"No","Fiber optic","Yes","Electronic check",525,"Yes"
0,"No","No",72,"No","DSL","Yes","Credit card (automatic)",5265.2,"No"
0,"No","No",1,"No","Fiber optic","No","Electronic check",70.1,"Yes"
0,"No","Yes",72,"Yes","Fiber optic","Yes","Bank transfer (automatic)",7129.45,"No"
0,"No","Yes",64,"Yes","Fiber optic","Yes","Electronic check",7266.95,"No"
0,"No","No",72,"Yes","Fiber optic","Yes","Electronic check",8496.7,"No"
0,"No","No",29,"Yes","Fiber optic","No","Bank transfer (automatic)",2878.75,"Yes"
0,"No","No",31,"Yes","Fiber optic","No","Electronic check",3205.6,"Yes"
1,"Yes","No",1,"No","Fiber optic","Yes","Electronic check",69.75,"Yes"
1,"No","Yes",7,"No_phone_service","DSL","Yes","Electronic check",279.25,"Yes"
1,"No","No",61,"Yes","Fiber optic","Yes","Electronic check",6281.45,"Yes"
1,"No","Yes",39,"No_phone_service","DSL","No","Credit card (automatic)",1131.3,"Yes"
1,"No","No",10,"No","Fiber optic","Yes","Electronic check",738.2,"Yes"
0,"No","Yes",14,"Yes","DSL","No","Credit card (automatic)",1137.05,"Yes"
1,"No","No",1,"Yes","Fiber optic","Yes","Mailed check",80.2,"Yes"
1,"No","Yes",67,"Yes","Fiber optic","Yes","Credit card (automatic)",6341.45,"No"
0,"No","No",72,"Yes","DSL","Yes","Bank transfer (automatic)",6697.2,"No"
1,"No","Yes",6,"No","DSL","Yes","Bank transfer (automatic)",260.8,"Yes"
1,"Yes","No",33,"Yes","Fiber optic","Yes","Electronic check",3655.45,"Yes"
0,"No","No",18,"No","DSL","Yes","Electronic check",1299.8,"Yes"
0,"No","No",71,"No","DSL","Yes","Credit card (automatic)",5564.85,"No"
0,"Yes","Yes",28,"Yes","DSL","Yes","Electronic check",1381.8,"No"
0,"No","Yes",2,"Yes","Fiber optic","No","Credit card (automatic)",188.1,"Yes"
0,"No","Yes",17,"Yes","DSL","Yes","Mailed check",1077.05,"Yes"
0,"No","No",56,"Yes","Fiber optic","Yes","Electronic check",4922.4,"Yes"
0,"No","No",60,"No_phone_service","DSL","No","Electronic check",2911.5,"No"
0,"No","No",1,"No","Fiber optic","Yes","Mailed check",83.4,"Yes"
1,"No","No",2,"No","Fiber optic","No","Credit card (automatic)",140.7,"Yes"
0,"No","No",63,"Yes","Fiber optic","Yes","Credit card (automatic)",5377.8,"No"
1,"Yes","No",7,"Yes","Fiber optic","Yes","Electronic check",665.45,"Yes"
0,"No","No",55,"No","DSL","Yes","Mailed check",3617.1,"No"
0,"No","No",65,"Yes","Fiber optic","Yes","Bank transfer (automatic)",6643.5,"No"
1,"No","No",1,"No","Fiber optic","Yes","Electronic check",84.8,"Yes"
0,"Yes","No",70,"Yes","Fiber optic","Yes","Credit card (automatic)",7987.6,"No"
0,"No","Yes",36,"No_phone_service","DSL","No","Credit card (automatic)",1547.35,"No"
1,"No","No",52,"No","Fiber optic","Yes","Bank transfer (automatic)",5426.85,"No"
1,"No","No",22,"Yes","DSL","Yes","Electronic check",1127.35,"Yes"
0,"No","No",22,"No","Fiber optic","Yes","Bank transfer (automatic)",2142.8,"Yes"
0,"Yes","No",5,"No","DSL","No","Credit card (automatic)",287.85,"Yes"
1,"No","No",47,"No","Fiber optic","Yes","Electronic check",4045.65,"Yes"
1,"No","No",33,"Yes","Fiber optic","Yes","Electronic check",2757.85,"Yes"
1,"No","No",18,"No_phone_service","DSL","Yes","Credit card (automatic)",600,"Yes"
0,"No","No",56,"No","DSL","Yes","Credit card (automatic)",4534.45,"No"
0,"No","No",35,"Yes","DSL","Yes","Electronic check",2094.9,"Yes"
0,"No","No",15,"Yes","Fiber optic","Yes","Credit card (automatic)",1302.65,"Yes"
1,"No","No",24,"No","Fiber optic","Yes","Electronic check",2238.5,"Yes"
0,"No","No",1,"No","DSL","No","Mailed check",55.55,"Yes"
0,"No","Yes",70,"No","DSL","No","Credit card (automatic)",5437.75,"No"
1,"No","No",1,"No","Fiber optic","Yes","Electronic check",90.75,"Yes"
1,"No","Yes",4,"Yes","Fiber optic","No","Mailed check",365.65,"Yes"
0,"No","No",39,"No","DSL","No","Electronic check",2209.15,"No"
0,"No","No",29,"Yes","DSL","Yes","Electronic check",1912.15,"Yes"
0,"No","No",61,"Yes","DSL","No","Credit card (automatic)",5175.3,"No"
0,"No","Yes",13,"No","DSL","Yes","Credit card (automatic)",670.65,"Yes"
0,"No","No",66,"No_phone_service","DSL","Yes","Mailed check",3177.25,"No"
1,"No","No",2,"No_phone_service","DSL","Yes","Electronic check",90.35,"Yes"
0,"No","No",59,"Yes","Fiber optic","Yes","Credit card (automatic)",6557.75,"No"
0,"No","Yes",62,"Yes","Fiber optic","Yes","Credit card (automatic)",5791.85,"No"
0,"Yes","No",33,"No","Fiber optic","Yes","Electronic check",3055.5,"No"
0,"No","Yes",66,"No","DSL","Yes","Credit card (automatic)",5196.1,"No"
0,"No","No",72,"Yes","Fiber optic","No","Credit card (automatic)",8405,"No"
1,"No","No",19,"Yes","Fiber optic","Yes","Electronic check",1789.25,"Yes"
0,"No","Yes",51,"Yes","Fiber optic","Yes","Mailed check",5000.05,"No"
0,"No","No",63,"Yes","Fiber optic","No","Electronic check",6713.2,"Yes"
1,"No","No",22,"Yes","Fiber optic","Yes","Bank transfer (automatic)",2317.1,"Yes"
1,"No","No",4,"No","Fiber optic","Yes","Credit card (automatic)",266.9,"Yes"
1,"No","No",4,"Yes","Fiber optic","Yes","Electronic check",301.4,"Yes"
0,"No","Yes",71,"No","DSL","No","Bank transfer (automatic)",6029.9,"No"
0,"No","No",46,"No_phone_service","DSL","No","Credit card (automatic)",1842.7,"No"
1,"No","No",4,"Yes","DSL","No","Mailed check",206.6,"Yes"
1,"No","No",7,"Yes","Fiber optic","Yes","Mailed check",604.7,"Yes"
0,"No","No",69,"Yes","Fiber optic","Yes","Bank transfer (automatic)",7386.05,"No"
0,"No","No",72,"Yes","Fiber optic","No","Bank transfer (automatic)",7334.05,"No"
1,"Yes","No",19,"Yes","Fiber optic","Yes","Electronic check",1471.75,"Yes"
0,"No","No",28,"No","Fiber optic","No","Electronic check",2626.15,"Yes"
1,"No","No",5,"Yes","Fiber optic","Yes","Electronic check",412.1,"Yes"
0,"Yes","No",72,"Yes","Fiber optic","Yes","Credit card (automatic)",8277.05,"No"
1,"Yes","Yes",8,"No","Fiber optic","Yes","Credit card (automatic)",583.45,"Yes"
0,"No","No",7,"No","DSL","Yes","Electronic check",369.25,"No"
0,"No","No",22,"No","DSL","Yes","Electronic check",1049.05,"Yes"
0,"No","No",52,"Yes","DSL","Yes","Credit card (automatic)",4354.45,"No"
0,"No","No",68,"No_phone_service","DSL","No","Mailed check",2719.2,"No"
0,"No","No",71,"Yes","DSL","No","Bank transfer (automatic)",6365.35,"No"
0,"Yes","No",34,"Yes","Fiber optic","Yes","Electronic check",3190.25,"Yes"
0,"No","No",35,"No_phone_service","DSL","No","Electronic check",812.5,"Yes"
0,"No","No",1,"No","DSL","No","Electronic check",44,"Yes"
1,"No","No",1,"Yes","DSL","Yes","Mailed check",50.1,"Yes"
0,"No","Yes",53,"No","DSL","No","Credit card (automatic)",3297,"No"
1,"No","No",2,"No","Fiber optic","No","Electronic check",151.8,"Yes"
1,"No","No",3,"No","Fiber optic","Yes","Electronic check",293.65,"Yes"
1,"Yes","No",13,"Yes","Fiber optic","Yes","Electronic check",1308.1,"Yes"
0,"Yes","No",41,"No_phone_service","DSL","Yes","Electronic check",2215.4,"Yes"
1,"No","Yes",28,"No","Fiber optic","Yes","Bank transfer (automatic)",2598.95,"No"
0,"No","No",8,"No_phone_service","DSL","No","Mailed check",216.45,"Yes"
0,"No","No",54,"Yes","Fiber optic","Yes","Bank transfer (automatic)",5064.85,"No"
0,"No","No",19,"No","DSL","No","Mailed check",839.65,"Yes"
0,"No","Yes",72,"Yes","DSL","No","Bank transfer (automatic)",6733,"No"
0,"No","No",62,"No_phone_service","DSL","Yes","Bank transfer (automatic)",2618.3,"No"
0,"Yes","Yes",56,"No","DSL","Yes","Credit card (automatic)",4084.35,"No"
1,"No","No",15,"Yes","DSL","No","Electronic check",765.5,"Yes"
1,"Yes","No",10,"No","Fiber optic","Yes","Electronic check",793.55,"Yes"
0,"No","No",2,"No_phone_service","DSL","No","Electronic check",46.4,"Yes"
1,"No","No",5,"Yes","Fiber optic","Yes","Bank transfer (automatic)",462.8,"Yes"
0,"No","No",25,"No_phone_service","DSL","No","Electronic check",1540.2,"No"
1,"No","No",2,"Yes","Fiber optic","Yes","Electronic check",169.8,"Yes"
0,"No","No",49,"Yes","Fiber optic","Yes","Bank transfer (automatic)",5168.1,"No"
0,"No","No",63,"Yes","Fiber optic","No","Credit card (automatic)",6780.1,"Yes"
0,"No","No",1,"No","DSL","Yes","Mailed check",55.3,"Yes"
0,"Yes","No",52,"Yes","Fiber optic","Yes","Bank transfer (automatic)",3829.75,"Yes"
0,"Yes","No",60,"Yes","Fiber optic","No","Electronic check",5294.6,"Yes"
0,"No","No",64,"Yes","Fiber optic","Yes","Credit card (automatic)",6889.8,"No"
0,"No","Yes",43,"No","DSL","No","Bank transfer (automatic)",3254.35,"No"
0,"No","No",61,"Yes","Fiber optic","No","Bank transfer (automatic)",6383.9,"No"
1,"No","No",1,"No","DSL","No","Mailed check",44.4,"Yes"
1,"Yes","No",5,"No","Fiber optic","Yes","Electronic check",477.7,"Yes"
0,"No","No",66,"Yes","DSL","No","Bank transfer (automatic)",4447.55,"No"
0,"No","No",67,"No","Fiber optic","Yes","Electronic check",7321.05,"No"
0,"No","No",42,"No","Fiber optic","Yes","Credit card (automatic)",4135,"No"
1,"Yes","No",1,"Yes","Fiber optic","Yes","Electronic check",86.05,"Yes"
1,"No","No",4,"No_phone_service","DSL","Yes","Electronic check",174.3,"Yes"
0,"No","Yes",34,"Yes","DSL","No","Bank transfer (automatic)",2753.8,"No"
0,"No","Yes",19,"No_phone_service","DSL","Yes","Mailed check",434.8,"Yes"
1,"No","Yes",31,"No_phone_service","DSL","No","Bank transfer (automatic)",1077.5,"Yes"
1,"No","No",1,"Yes","Fiber optic","No","Mailed check",95.65,"Yes"
0,"No","No",3,"No_phone_service","DSL","No","Mailed check",107.25,"Yes"
0,"No","Yes",69,"Yes","Fiber optic","No","Bank transfer (automatic)",5848.6,"No"
1,"Yes","No",10,"No_phone_service","DSL","Yes","Electronic check",329.8,"Yes"
0,"No","No",25,"No","Fiber optic","No","Bank transfer (automatic)",2513.5,"No"
0,"No","Yes",64,"No","Fiber optic","No","Electronic check",5135.35,"Yes"
0,"No","Yes",30,"Yes","DSL","No","Electronic check",2000.2,"Yes"
0,"No","No",13,"No","Fiber optic","Yes","Electronic check",931.75,"Yes"
0,"No","No",64,"Yes","Fiber optic","Yes","Electronic check",7396.15,"No"
0,"No","Yes",46,"Yes","Fiber optic","Yes","Bank transfer (automatic)",3958.85,"Yes"
1,"No","Yes",17,"Yes","Fiber optic","Yes","Electronic check",1515.1,"Yes"
0,"No","Yes",13,"No","DSL","Yes","Mailed check",816.8,"Yes"
0,"No","Yes",67,"Yes","DSL","No","Credit card (automatic)",4868.4,"No"
0,"No","No",24,"No_phone_service","DSL","No","Electronic check",688,"Yes"
0,"No","No",6,"No","DSL","No","Mailed check",288.35,"Yes"
1,"Yes","No",53,"Yes","DSL","Yes","Electronic check",3229.65,"No"
1,"Yes","No",16,"No","Fiber optic","Yes","Credit card (automatic)",1178.25,"Yes"
0,"No","No",13,"No","Fiber optic","Yes","Mailed check",966.25,"No"
1,"No","No",9,"Yes","Fiber optic","Yes","Electronic check",758.6,"Yes"
1,"No","No",25,"No","DSL","No","Mailed check",1863.8,"No"
0,"Yes","No",7,"No_phone_service","DSL","Yes","Electronic check",265.8,"Yes"
0,"No","Yes",38,"Yes","DSL","Yes","Bank transfer (automatic)",3297,"No"
0,"No","No",43,"Yes","Fiber optic","Yes","Electronic check",4107.3,"Yes"
1,"No","Yes",4,"No","Fiber optic","Yes","Bank transfer (automatic)",396.3,"Yes"
0,"No","No",25,"Yes","Fiber optic","No","Electronic check",2809.05,"No"
0,"No","Yes",27,"No","DSL","No","Mailed check",1567.55,"No"
0,"No","Yes",71,"Yes","Fiber optic","Yes","Credit card (automatic)",6028.95,"No"
0,"No","No",24,"Yes","Fiber optic","Yes","Credit card (automatic)",2072.75,"Yes"
1,"No","No",50,"Yes","Fiber optic","Yes","Electronic check",5551.15,"No"
0,"No","No",57,"No","DSL","Yes","Bank transfer (automatic)",4317.35,"No"
0,"No","No",15,"No","DSL","No","Electronic check",736.8,"Yes"
0,"No","No",4,"Yes","Fiber optic","Yes","Electronic check",336.15,"Yes"
0,"No","No",28,"No","DSL","No","Electronic check",1522.65,"Yes"
1,"Yes","No",9,"Yes","Fiber optic","Yes","Electronic check",622.9,"Yes"
0,"No","No",55,"Yes","Fiber optic","Yes","Bank transfer (automatic)",4959.6,"Yes"
1,"No","No",3,"Yes","Fiber optic","Yes","Electronic check",329.95,"Yes"
1,"No","No",10,"No","Fiber optic","Yes","Electronic check",1048.85,"Yes"
0,"No","Yes",62,"Yes","Fiber optic","Yes","Credit card (automatic)",6703.5,"No"
1,"Yes","No",32,"Yes","Fiber optic","Yes","Electronic check",3351.55,"Yes"
1,"No","No",9,"No_phone_service","DSL","No","Bank transfer (automatic)",259.8,"No"
0,"No","No",60,"No","DSL","No","Bank transfer (automatic)",3483.45,"No"
0,"No","No",58,"Yes","DSL","Yes","Electronic check",4890.5,"No"
0,"No","Yes",2,"No","Fiber optic","No","Electronic check",184.15,"Yes"
0,"Yes","No",37,"No_phone_service","DSL","No","Electronic check",1315,"Yes"
0,"Yes","Yes",65,"Yes","Fiber optic","Yes","Bank transfer (automatic)",6767.1,"No"
1,"No","No",66,"Yes","Fiber optic","Yes","Electronic check",6890,"No"
0,"No","Yes",62,"No_phone_service","DSL","No","Bank transfer (automatic)",3008.55,"No"
1,"No","No",3,"No","Fiber optic","Yes","Mailed check",262.05,"Yes"
0,"No","No",72,"Yes","Fiber optic","Yes","Electronic check",8165.1,"No"
1,"No","Yes",29,"No","Fiber optic","No","Credit card (automatic)",2649.15,"Yes"
0,"No","No",4,"No","DSL","No","Electronic check",220.65,"Yes"
1,"Yes","No",1,"Yes","Fiber optic","Yes","Electronic check",74.4,"Yes"
1,"No","Yes",41,"Yes","DSL","No","Credit card (automatic)",3326.2,"Yes"
0,"No","No",13,"No","DSL","No","Electronic check",592.65,"No"
0,"No","No",1,"No","DSL","Yes","Mailed check",50.15,"Yes"
1,"Yes","No",8,"No","Fiber optic","Yes","Electronic check",560.85,"Yes"
0,"No","No",60,"No","DSL","No","Electronic check",3638.25,"No"
1,"Yes","No",12,"Yes","Fiber optic","Yes","Electronic check",1060.2,"Yes"
0,"No","No",40,"Yes","DSL","No","Credit card (automatic)",2921.75,"No"
0,"No","No",66,"No","DSL","Yes","Bank transfer (automatic)",4017.45,"No"
0,"Yes","No",66,"Yes","DSL","Yes","Credit card (automatic)",4174.35,"No"
0,"No","No",49,"Yes","Fiber optic","No","Electronic check",4920.55,"Yes"
0,"No","Yes",23,"No","Fiber optic","No","Mailed check",1936.85,"Yes"
0,"No","No",3,"No_phone_service","DSL","No","Electronic check",79.8,"Yes"
0,"No","No",4,"No_phone_service","DSL","No","Mailed check",202.25,"Yes"
1,"Yes","No",4,"Yes","Fiber optic","Yes","Electronic check",347.65,"Yes"
0,"No","No",11,"No","Fiber optic","Yes","Electronic check",999.9,"Yes"
0,"No","No",2,"No","DSL","Yes","Mailed check",113.1,"Yes"
0,"No","No",26,"Yes","Fiber optic","No","Bank transfer (automatic)",2015.8,"Yes"
0,"No","Yes",24,"No","DSL","Yes","Credit card (automatic)",1454.25,"No"
0,"Yes","No",60,"Yes","Fiber optic","Yes","Electronic check",6017.9,"Yes"
0,"No","Yes",64,"Yes","DSL","Yes","Mailed check",5817.45,"No"
0,"No","No",66,"No","DSL","Yes","Bank transfer (automatic)",5595.3,"No"
0,"No","No",60,"Yes","Fiber optic","Yes","Bank transfer (automatic)",4765,"No"
0,"No","Yes",17,"Yes","DSL","Yes","Bank transfer (automatic)",1201.65,"No"
0,"No","No",1,"Yes","DSL","Yes","Electronic check",50.15,"Yes"
0,"No","Yes",47,"No","DSL","No","Bank transfer (automatic)",3007.25,"No"
0,"Yes","No",70,"Yes","DSL","Yes","Credit card (automatic)",6306.5,"No"
0,"Yes","No",67,"Yes","Fiber optic","Yes","Credit card (automatic)",6841.05,"Yes"
1,"No","No",1,"No","Fiber optic","Yes","Electronic check",81.95,"Yes"
1,"No","No",7,"No","Fiber optic","Yes","Electronic check",451.1,"Yes"
0,"No","No",1,"No","DSL","No","Mailed check",44.6,"Yes"
0,"No","No",4,"No","DSL","Yes","Bank transfer (automatic)",226.2,"Yes"
0,"No","Yes",66,"Yes","Fiber optic","No","Bank transfer (automatic)",7082.5,"No"
0,"No","No",12,"No","Fiber optic","Yes","Electronic check",1017.35,"Yes"
0,"No","No",26,"No","Fiber optic","Yes","Electronic check",2146.5,"Yes"
1,"No","No",6,"No","Fiber optic","Yes","Electronic check",455.3,"Yes"
0,"No","No",57,"Yes","Fiber optic","No","Electronic check",5969.85,"No"
1,"No","No",14,"Yes","Fiber optic","Yes","Electronic check",1235.55,"Yes"
1,"No","No",25,"Yes","Fiber optic","Yes","Bank transfer (automatic)",2362.1,"Yes"
1,"No","No",22,"Yes","Fiber optic","Yes","Electronic check",1873.7,"Yes"
1,"No","Yes",61,"Yes","Fiber optic","Yes","Electronic check",6010.05,"Yes"
0,"No","No",22,"No","Fiber optic","Yes","Bank transfer (automatic)",1850.65,"Yes"
1,"Yes","No",70,"Yes","Fiber optic","Yes","Electronic check",7101.5,"Yes"
0,"No","No",12,"No","Fiber optic","Yes","Bank transfer (automatic)",1043.4,"Yes"
0,"No","No",31,"No","DSL","Yes","Electronic check",1910.75,"No"
0,"No","No",11,"No","DSL","Yes","Electronic check",716.1,"Yes"
0,"Yes","Yes",72,"Yes","DSL","Yes","Bank transfer (automatic)",6716.45,"No"
0,"Yes","No",67,"Yes","Fiber optic","Yes","Credit card (automatic)",7839.85,"No"
0,"No","No",60,"No","Fiber optic","Yes","Bank transfer (automatic)",6236.75,"Yes"
1,"No","No",1,"No","DSL","Yes","Mailed check",45.05,"Yes"
1,"Yes","Yes",1,"No","Fiber optic","Yes","Electronic check",71,"Yes"
0,"No","Yes",58,"No_phone_service","DSL","No","Mailed check",2919.85,"No"
1,"Yes","Yes",47,"No","Fiber optic","No","Bank transfer (automatic)",3309.25,"Yes"
1,"No","No",1,"No","Fiber optic","Yes","Electronic check",79.7,"Yes"
1,"No","No",22,"Yes","DSL","No","Electronic check",1254.7,"Yes"
1,"No","No",48,"No","DSL","Yes","Credit card (automatic)",2896.4,"No"
0,"No","No",6,"No_phone_service","DSL","Yes","Mailed check",348.8,"No"
0,"No","No",71,"No_phone_service","DSL","No","Bank transfer (automatic)",3888.65,"No"
1,"Yes","Yes",1,"No","Fiber optic","Yes","Electronic check",69.25,"Yes"
0,"No","Yes",72,"Yes","Fiber optic","Yes","Electronic check",6843.15,"No"
0,"Yes","No",6,"No","Fiber optic","Yes","Electronic check",450.9,"Yes"
0,"No","Yes",12,"No_phone_service","DSL","No","Mailed check",432.25,"Yes"
1,"No","No",25,"No","Fiber optic","No","Mailed check",1767.35,"Yes"
0,"No","No",21,"No","Fiber optic","No","Electronic check",1742.45,"No"
0,"No","Yes",6,"No","DSL","Yes","Mailed check",297.35,"Yes"
1,"No","No",20,"No","Fiber optic","Yes","Mailed check",1820.45,"Yes"
1,"No","No",18,"Yes","Fiber optic","Yes","Electronic check",1742.95,"Yes"
0,"No","No",43,"No","DSL","No","Electronic check",2444.25,"No"
1,"No","No",1,"No","Fiber optic","No","Bank transfer (automatic)",73.5,"Yes"
0,"Yes","No",32,"Yes","Fiber optic","Yes","Electronic check",2970.8,"Yes"
0,"No","No",52,"No_phone_service","DSL","No","Credit card (automatic)",3334.95,"No"
0,"No","No",32,"No","DSL","Yes","Bank transfer (automatic)",2010.95,"No"
0,"No","Yes",72,"No_phone_service","DSL","Yes","Bank transfer (automatic)",4684.3,"No"
0,"No","No",51,"No_phone_service","DSL","Yes","Credit card (automatic)",2181.55,"Yes"
0,"Yes","No",8,"No_phone_service","DSL","Yes","Mailed check",371.4,"Yes"
0,"No","No",49,"No_phone_service","DSL","No","Credit card (automatic)",2409.9,"No"
0,"No","No",72,"No","DSL","No","Mailed check",6155.4,"No"
1,"No","No",9,"Yes","Fiber optic","Yes","Electronic check",829.1,"Yes"
1,"No","No",28,"No","Fiber optic","Yes","Mailed check",2602.9,"Yes"
0,"No","No",54,"No","Fiber optic","No","Mailed check",4667,"Yes"
1,"No","No",11,"No","Fiber optic","Yes","Electronic check",824.75,"Yes"
0,"No","Yes",50,"No","Fiber optic","No","Mailed check",5153.5,"No"
0,"No","No",69,"Yes","Fiber optic","Yes","Electronic check",8182.85,"No"
0,"No","No",1,"No","Fiber optic","Yes","Electronic check",69.9,"Yes"
0,"No","Yes",68,"No","Fiber optic","No","Bank transfer (automatic)",6683.4,"No"
0,"No","Yes",40,"No_phone_service","DSL","No","Mailed check",1564.05,"No"
0,"Yes","Yes",33,"Yes","Fiber optic","Yes","Bank transfer (automatic)",3465.05,"Yes"
0,"Yes","No",55,"Yes","Fiber optic","Yes","Electronic check",6292.7,"No"
0,"No","No",71,"No","DSL","Yes","Bank transfer (automatic)",6045.9,"No"
0,"No","No",40,"Yes","Fiber optic","Yes","Mailed check",4108.15,"Yes"
0,"No","Yes",64,"Yes","Fiber optic","Yes","Electronic check",5980.75,"No"
0,"No","No",53,"Yes","Fiber optic","No","Bank transfer (automatic)",5043.2,"No"
1,"Yes","No",12,"No","Fiber optic","Yes","Mailed check",1029.75,"Yes"
1,"Yes","No",53,"No_phone_service","DSL","Yes","Electronic check",2854.55,"Yes"
0,"No","No",72,"Yes","Fiber optic","Yes","Credit card (automatic)",7114.25,"No"
0,"No","No",12,"No_phone_service","DSL","Yes","Bank transfer (automatic)",605.75,"Yes"
0,"No","No",9,"No","Fiber optic","No","Electronic check",661.55,"Yes"
0,"No","Yes",51,"Yes","Fiber optic","Yes","Electronic check",4116.9,"Yes"
0,"No","Yes",49,"No","Fiber optic","Yes","Credit card (automatic)",4494.65,"Yes"
1,"Yes","No",41,"Yes","Fiber optic","Yes","Electronic check",4259.3,"Yes"
0,"No","No",56,"No","DSL","Yes","Credit card (automatic)",3282.75,"No"
0,"No","No",20,"No","DSL","Yes","Mailed check",1274.45,"No"
1,"No","Yes",20,"Yes","Fiber optic","Yes","Bank transfer (automatic)",2239.65,"Yes"
1,"No","No",7,"Yes","Fiber optic","No","Mailed check",480.75,"Yes"
1,"No","No",7,"Yes","Fiber optic","Yes","Electronic check",635.6,"Yes"
0,"No","No",51,"No","Fiber optic","Yes","Electronic check",5038.15,"Yes"
0,"No","No",4,"Yes","Fiber optic","Yes","Mailed check",324.2,"Yes"
0,"No","Yes",27,"Yes","Fiber optic","No","Electronic check",2793.55,"Yes"
1,"No","No",22,"Yes","Fiber optic","Yes","Electronic check",2095,"Yes"
0,"No","No",12,"No","DSL","Yes","Mailed check",648.65,"Yes"
1,"No","Yes",3,"No_phone_service","DSL","Yes","Mailed check",95.05,"Yes"
0,"No","No",24,"Yes","DSL","Yes","Electronic check",1346.9,"No"
1,"No","No",51,"Yes","Fiber optic","No","Credit card (automatic)",4242.35,"Yes"
0,"Yes","No",14,"No_phone_service","DSL","Yes","Electronic check",672.7,"Yes"
0,"No","No",59,"Yes","Fiber optic","No","Electronic check",6561.25,"No"
0,"No","No",3,"No","Fiber optic","No","Electronic check",268.45,"Yes"
0,"No","Yes",65,"Yes","Fiber optic","No","Electronic check",7337.55,"No"
1,"Yes","No",5,"No","Fiber optic","Yes","Mailed check",331.9,"Yes"
0,"No","Yes",59,"Yes","DSL","No","Credit card (automatic)",5194.05,"No"
0,"No","Yes",72,"No_phone_service","DSL","Yes","Credit card (automatic)",4478.85,"No"
1,"No","Yes",62,"No","Fiber optic","Yes","Electronic check",6283.3,"Yes"
1,"No","No",28,"Yes","Fiber optic","Yes","Credit card (automatic)",2659.4,"Yes"
0,"No","No",3,"No","DSL","No","Mailed check",196.9,"Yes"
0,"No","No",24,"No","Fiber optic","Yes","Electronic check",2107.15,"Yes"
0,"Yes","No",57,"No","DSL","Yes","Electronic check",3035.8,"No"
0,"No","Yes",71,"Yes","DSL","No","Credit card (automatic)",6457.15,"No"
0,"No","No",35,"Yes","Fiber optic","Yes","Mailed check",3914.05,"No"
0,"No","Yes",55,"No","Fiber optic","Yes","Credit card (automatic)",3842.6,"No"
0,"No","No",72,"Yes","Fiber optic","Yes","Electronic check",7880.25,"No"
1,"No","No",10,"No_phone_service","DSL","Yes","Mailed check",298.45,"Yes"
0,"Yes","No",37,"No","Fiber optic","No","Electronic check",3371.75,"Yes"
0,"No","No",12,"No_phone_service","DSL","No","Mailed check",442.45,"Yes"
0,"No","No",62,"No_phone_service","DSL","Yes","Credit card (automatic)",2345.55,"No"
0,"No","No",1,"No_phone_service","DSL","No","Bank transfer (automatic)",25.25,"Yes"
0,"No","No",18,"Yes","DSL","Yes","Mailed check",1156.35,"Yes"
1,"Yes","No",69,"Yes","Fiber optic","Yes","Electronic check",6143.15,"Yes"
0,"No","No",2,"No","Fiber optic","Yes","Electronic check",144.8,"Yes"
1,"No","No",12,"Yes","Fiber optic","Yes","Electronic check",1059.55,"Yes"
0,"No","No",27,"No","DSL","No","Electronic check",2212.55,"No"
1,"No","Yes",27,"Yes","Fiber optic","Yes","Electronic check",2180.55,"Yes"
1,"No","Yes",1,"No","Fiber optic","No","Mailed check",89.15,"Yes"
1,"Yes","No",14,"Yes","Fiber optic","Yes","Electronic check",1036.75,"Yes"
1,"Yes","No",32,"No","Fiber optic","Yes","Electronic check",2276.95,"Yes"
0,"Yes","Yes",38,"Yes","Fiber optic","Yes","Mailed check",3162.65,"Yes"
0,"No","Yes",54,"Yes","DSL","Yes","Credit card (automatic)",3566.7,"No"
0,"No","No",29,"Yes","DSL","Yes","Credit card (automatic)",2080.1,"No"
0,"Yes","No",44,"Yes","Fiber optic","Yes","Electronic check",4040.2,"Yes"
0,"No","Yes",59,"No","DSL","Yes","Electronic check",5186,"No"
1,"No","No",3,"No","DSL","Yes","Electronic check",196.15,"Yes"
0,"No","Yes",18,"No","DSL","Yes","Mailed check",1087.45,"No"
1,"No","Yes",22,"No","DSL","No","Electronic check",1206.05,"Yes"
0,"No","Yes",33,"No_phone_service","DSL","No","Credit card (automatic)",1113.95,"No"
0,"No","Yes",72,"Yes","DSL","No","Credit card (automatic)",6339.3,"No"
1,"No","No",16,"Yes","Fiber optic","Yes","Electronic check",1378.25,"Yes"
1,"No","No",5,"No_phone_service","DSL","Yes","Mailed check",219,"Yes"
1,"No","Yes",23,"Yes","DSL","Yes","Credit card (automatic)",1067.15,"No"
1,"No","No",1,"No","Fiber optic","Yes","Electronic check",79.55,"Yes"
1,"Yes","No",50,"No","Fiber optic","Yes","Electronic check",3444.85,"Yes"
0,"No","No",68,"Yes","Fiber optic","Yes","Bank transfer (automatic)",7553.6,"No"
1,"No","No",1,"Yes","Fiber optic","No","Electronic check",84.5,"Yes"
0,"Yes","No",25,"No","Fiber optic","Yes","Electronic check",1813.1,"Yes"
0,"No","No",67,"No_phone_service","DSL","Yes","Bank transfer (automatic)",3321.35,"No"
0,"Yes","No",67,"Yes","Fiber optic","Yes","Electronic check",7112.15,"No"
0,"Yes","No",72,"No_phone_service","DSL","Yes","Credit card (automatic)",4641.1,"No"
1,"No","No",71,"Yes","Fiber optic","Yes","Credit card (automatic)",7690.9,"No"
0,"No","Yes",1,"No","DSL","Yes","Electronic check",49.9,"Yes"
1,"No","No",46,"No_phone_service","DSL","No","Bank transfer (automatic)",1380.1,"Yes"
1,"Yes","No",2,"No_phone_service","DSL","Yes","Electronic check",78.65,"Yes"
1,"No","No",1,"No","DSL","Yes","Mailed check",45.4,"Yes"
0,"No","No",48,"No","DSL","Yes","Electronic check",3094.65,"No"
0,"No","No",61,"Yes","Fiber optic","Yes","Bank transfer (automatic)",6518.35,"No"
1,"No","No",32,"No","Fiber optic","No","Bank transfer (automatic)",2585.95,"Yes"
0,"No","No",2,"No","DSL","No","Electronic check",82.7,"Yes"
1,"No","No",5,"No","Fiber optic","Yes","Credit card (automatic)",425.9,"Yes"
0,"No","Yes",71,"Yes","DSL","No","Bank transfer (automatic)",6342.7,"No"
0,"No","No",37,"Yes","DSL","Yes","Mailed check",2030.75,"Yes"
0,"No","Yes",65,"Yes","Fiber optic","Yes","Bank transfer (automatic)",6700.05,"No"
0,"No","Yes",67,"Yes","Fiber optic","Yes","Bank transfer (automatic)",7244.7,"No"
1,"No","Yes",49,"Yes","Fiber optic","No","Credit card (automatic)",3678.3,"Yes"
0,"No","Yes",50,"Yes","DSL","Yes","Credit card (automatic)",3486.65,"No"
1,"No","Yes",17,"Yes","DSL","Yes","Mailed check",937.5,"No"
0,"No","No",25,"No_phone_service","DSL","Yes","Credit card (automatic)",970.4,"No"
1,"Yes","No",23,"Yes","Fiber optic","Yes","Electronic check",2483.5,"Yes"
0,"Yes","No",24,"No_phone_service","DSL","No","Mailed check",828.2,"Yes"
0,"No","No",37,"Yes","Fiber optic","Yes","Electronic check",3810.55,"Yes"
0,"No","No",21,"No","Fiber optic","Yes","Electronic check",1493.2,"Yes"
0,"No","No",1,"No","DSL","Yes","Mailed check",45.8,"Yes"
0,"No","No",10,"Yes","Fiber optic","Yes","Mailed check",777.3,"Yes"
1,"No","No",6,"No","Fiber optic","Yes","Electronic check",556.35,"Yes"
0,"No","No",51,"Yes","Fiber optic","Yes","Credit card (automatic)",4911.05,"No"
0,"No","No",6,"No_phone_service","DSL","No","Credit card (automatic)",307.6,"Yes"
0,"No","Yes",47,"Yes","DSL","Yes","Mailed check",4318.35,"No"
0,"No","Yes",61,"Yes","DSL","Yes","Electronic check",4820.55,"No"
0,"No","No",52,"No_phone_service","DSL","Yes","Bank transfer (automatic)",3038.55,"No"
0,"No","Yes",35,"Yes","DSL","Yes","Credit card (automatic)",2136.9,"Yes"
0,"No","No",71,"Yes","Fiber optic","Yes","Bank transfer (automatic)",7472.15,"No"
1,"No","No",6,"No","DSL","No","Electronic check",389.1,"Yes"
0,"No","No",45,"No","DSL","No","Credit card (automatic)",2296.25,"No"
1,"Yes","No",2,"Yes","Fiber optic","Yes","Electronic check",187.45,"Yes"
1,"No","No",4,"No","DSL","Yes","Bank transfer (automatic)",261.25,"Yes"
0,"No","No",2,"No_phone_service","DSL","No","Mailed check",38.45,"Yes"
1,"No","No",4,"No","Fiber optic","No","Electronic check",299.2,"Yes"
0,"No","No",51,"Yes","DSL","No","Credit card (automatic)",3043.6,"No"
1,"No","No",3,"Yes","Fiber optic","Yes","Bank transfer (automatic)",323.25,"Yes"
0,"No","No",17,"Yes","Fiber optic","Yes","Bank transfer (automatic)",1640,"Yes"
1,"No","No",8,"Yes","Fiber optic","Yes","Electronic check",762.1,"Yes"
0,"No","Yes",46,"No","DSL","No","Mailed check",3846.35,"No"
0,"No","No",68,"No","DSL","Yes","Credit card (automatic)",5646.6,"No"
1,"No","No",1,"No","DSL","Yes","Mailed check",53.5,"Yes"
1,"No","No",1,"No_phone_service","DSL","Yes","Mailed check",25.1,"Yes"
0,"No","Yes",28,"No","DSL","Yes","Credit card (automatic)",1516.6,"No"
0,"No","No",39,"No","DSL","Yes","Credit card (automatic)",2224.5,"No"
0,"No","No",11,"No","Fiber optic","No","Electronic check",888.75,"Yes"
0,"No","No",71,"No_phone_service","DSL","Yes","Credit card (automatic)",4310.35,"No"
1,"Yes","No",30,"No","Fiber optic","Yes","Mailed check",2365.15,"Yes"
0,"No","No",55,"Yes","Fiber optic","Yes","Credit card (automatic)",5073.1,"Yes"
0,"No","No",58,"Yes","Fiber optic","Yes","Bank transfer (automatic)",4526.85,"Yes"
1,"No","No",5,"No","DSL","No","Electronic check",308.25,"Yes"
0,"Yes","No",9,"Yes","Fiber optic","Yes","Electronic check",678.45,"Yes"
0,"No","No",26,"No","DSL","No","Bank transfer (automatic)",1237.3,"Yes"
0,"No","No",72,"Yes","Fiber optic","Yes","Bank transfer (automatic)",8182.75,"No"
0,"No","Yes",43,"No","Fiber optic","Yes","Credit card (automatic)",4532.3,"No"
1,"No","Yes",72,"Yes","Fiber optic","Yes","Electronic check",7372.65,"No"
0,"No","No",72,"Yes","Fiber optic","Yes","Bank transfer (automatic)",7325.1,"No"
0,"No","No",36,"Yes","Fiber optic","Yes","Electronic check",3474.2,"Yes"
0,"No","No",5,"No","DSL","No","Bank transfer (automatic)",392.65,"Yes"
1,"No","No",13,"Yes","Fiber optic","Yes","Electronic check",1058.6,"Yes"
0,"Yes","No",44,"No","Fiber optic","No","Credit card (automatic)",3990.75,"No"
0,"Yes","Yes",70,"Yes","Fiber optic","Yes","Electronic check",7475.85,"No"
1,"Yes","No",32,"Yes","Fiber optic","Yes","Credit card (automatic)",2628.6,"Yes"
1,"Yes","No",16,"No","DSL","No","Electronic check",1023.9,"Yes"
0,"No","No",16,"No","Fiber optic","Yes","Credit card (automatic)",1205.5,"Yes"
0,"No","Yes",68,"No","DSL","No","Bank transfer (automatic)",5776.45,"No"
0,"No","Yes",26,"No_phone_service","DSL","No","Credit card (automatic)",1025.15,"Yes"
1,"No","No",29,"No_phone_service","DSL","Yes","Electronic check",856.35,"Yes"
0,"No","No",70,"Yes","Fiber optic","Yes","Bank transfer (automatic)",6602.9,"No"
0,"No","No",24,"No","DSL","No","Bank transfer (automatic)",1712.9,"No"
0,"Yes","No",72,"Yes","DSL","No","Bank transfer (automatic)",5682.25,"No"
0,"No","No",1,"No","Fiber optic","Yes","Mailed check",74.3,"Yes"
0,"No","No",70,"No_phone_service","DSL","Yes","Bank transfer (automatic)",3635.15,"No"
1,"Yes","No",38,"Yes","Fiber optic","Yes","Electronic check",3734.25,"Yes"
1,"No","No",17,"No","Fiber optic","Yes","Electronic check",1144.5,"Yes"
0,"No","Yes",41,"Yes","Fiber optic","Yes","Bank transfer (automatic)",4454.25,"No"
1,"No","No",1,"No","DSL","Yes","Electronic check",45.3,"Yes"
1,"No","No",2,"No_phone_service","DSL","No","Bank transfer (automatic)",75.6,"Yes"
0,"No","No",14,"No","Fiber optic","No","Electronic check",1117.55,"Yes"
1,"Yes","No",2,"No","Fiber optic","Yes","Credit card (automatic)",180.25,"Yes"
0,"No","Yes",13,"Yes","DSL","Yes","Electronic check",930.05,"Yes"
1,"No","No",4,"No","Fiber optic","Yes","Bank transfer (automatic)",333.6,"Yes"
1,"No","Yes",5,"No","Fiber optic","Yes","Mailed check",465.05,"Yes"
0,"No","No",15,"No","Fiber optic","No","Electronic check",1669.4,"Yes"
0,"No","No",47,"No","Fiber optic","No","Credit card (automatic)",3545.1,"Yes"
0,"No","No",8,"No","DSL","No","Mailed check",504.05,"Yes"
0,"No","No",17,"No_phone_service","DSL","Yes","Mailed check",440.2,"Yes"
0,"No","Yes",15,"No","Fiber optic","No","Mailed check",1151.55,"Yes"
0,"No","No",26,"No","Fiber optic","Yes","Bank transfer (automatic)",2475.35,"No"
0,"No","No",23,"Yes","DSL","No","Electronic check",1249.25,"Yes"
0,"Yes","No",4,"No","Fiber optic","No","Electronic check",317.75,"Yes"
1,"No","No",9,"No","DSL","No","Mailed check",431,"Yes"
1,"No","No",18,"No","DSL","Yes","Mailed check",878.35,"Yes"
0,"Yes","No",3,"Yes","Fiber optic","Yes","Electronic check",335.75,"Yes"
0,"No","Yes",69,"No_phone_service","DSL","No","Bank transfer (automatic)",3121.4,"No"
0,"No","No",19,"Yes","DSL","No","Mailed check",1394.55,"Yes"
0,"Yes","No",39,"Yes","Fiber optic","No","Electronic check",3413.25,"Yes"
0,"No","No",31,"No","Fiber optic","Yes","Electronic check",3143.65,"Yes"
0,"No","No",14,"No","DSL","No","Bank transfer (automatic)",664.4,"Yes"
0,"No","No",64,"No","DSL","Yes","Mailed check",4759.55,"No"
0,"No","Yes",52,"No","DSL","Yes","Electronic check",3482.85,"No"
0,"No","No",28,"Yes","Fiber optic","No","Electronic check",2688.45,"No"
1,"No","Yes",25,"No","Fiber optic","Yes","Electronic check",2448.75,"Yes"
0,"No","No",58,"No_phone_service","DSL","Yes","Credit card (automatic)",2689.35,"No"
1,"Yes","No",17,"No","Fiber optic","No","Bank transfer (automatic)",1329.2,"Yes"
0,"No","Yes",72,"No_phone_service","DSL","No","Mailed check",3527,"No"
1,"No","No",52,"No","Fiber optic","No","Electronic check",4348.65,"Yes"
0,"No","No",64,"Yes","DSL","Yes","Mailed check",5129.3,"No"
0,"No","No",45,"No","Fiber optic","Yes","Credit card (automatic)",4285.8,"No"
1,"Yes","No",3,"No_phone_service","DSL","Yes","Mailed check",93.7,"Yes"
0,"No","No",71,"Yes","DSL","Yes","Credit card (automatic)",5894.5,"No"
1,"Yes","No",1,"No_phone_service","DSL","No","Mailed check",25.05,"Yes"
0,"No","Yes",34,"No","Fiber optic","Yes","Electronic check",3091.75,"Yes"
1,"No","No",8,"No","DSL","Yes","Electronic check",365.55,"Yes"
0,"No","Yes",66,"No_phone_service","DSL","No","Bank transfer (automatic)",3632,"No"
0,"Yes","No",12,"No_phone_service","DSL","Yes","Credit card (automatic)",381.2,"Yes"
1,"Yes","No",43,"No_phone_service","DSL","No","Credit card (automatic)",2342.2,"Yes"
0,"No","No",9,"No","Fiber optic","No","Electronic check",653.9,"Yes"
1,"No","Yes",22,"No","DSL","Yes","Bank transfer (automatic)",1498.2,"No"
0,"No","No",40,"Yes","Fiber optic","Yes","Bank transfer (automatic)",4178.65,"No"
1,"No","No",54,"Yes","Fiber optic","Yes","Electronic check",5278.15,"Yes"
0,"No","No",50,"Yes","DSL","Yes","Mailed check",4024.2,"No"
0,"No","No",1,"No","DSL","Yes","Electronic check",55.25,"Yes"
0,"No","No",72,"Yes","DSL","No","Bank transfer (automatic)",6520.8,"No"
0,"No","Yes",72,"Yes","Fiber optic","Yes","Bank transfer (automatic)",8308.9,"No"
0,"No","No",48,"Yes","DSL","Yes","Credit card (automatic)",3420.5,"No"
1,"No","No",1,"Yes","Fiber optic","Yes","Electronic check",93.85,"Yes"
0,"No","Yes",64,"No","DSL","No","Mailed check",4068,"No"
0,"No","No",40,"No","Fiber optic","Yes","Electronic check",3168.75,"Yes"
0,"No","Yes",41,"No_phone_service","DSL","No","Credit card (automatic)",1412.4,"No"
0,"Yes","No",51,"Yes","Fiber optic","Yes","Bank transfer (automatic)",3974.7,"No"
0,"No","No",41,"Yes","Fiber optic","Yes","Electronic check",3439,"Yes"
1,"No","Yes",1,"No","DSL","No","Mailed check",50.45,"Yes"
0,"No","No",68,"No","Fiber optic","No","Credit card (automatic)",5461.45,"No"
0,"No","No",70,"Yes","DSL","No","Credit card (automatic)",5498.2,"No"
0,"No","No",3,"No_phone_service","DSL","Yes","Electronic check",96.85,"Yes"
0,"No","No",2,"No","DSL","No","Bank transfer (automatic)",111.05,"Yes"
0,"No","No",3,"No_phone_service","DSL","No","Credit card (automatic)",94.4,"Yes"
1,"No","No",7,"Yes","DSL","Yes","Electronic check",521.1,"Yes"
0,"No","No",13,"No","DSL","Yes","Electronic check",923.85,"Yes"
0,"No","Yes",12,"No","DSL","Yes","Mailed check",628.65,"Yes"
0,"No","Yes",53,"Yes","Fiber optic","Yes","Electronic check",5576.3,"No"
1,"No","No",12,"Yes","Fiber optic","Yes","Electronic check",1046.1,"Yes"
0,"No","No",15,"No","DSL","No","Mailed check",1287.85,"Yes"
0,"No","Yes",36,"No","DSL","No","Mailed check",1939.35,"No"
0,"Yes","No",4,"No_phone_service","DSL","Yes","Electronic check",118.25,"Yes"
0,"No","No",61,"No_phone_service","DSL","No","Credit card (automatic)",2696.55,"No"
0,"No","No",16,"Yes","DSL","No","Electronic check",875.35,"Yes"
0,"No","No",16,"No","DSL","Yes","Mailed check",799,"Yes"
1,"No","No",54,"Yes","Fiber optic","No","Bank transfer (automatic)",5763.3,"No"
0,"No","No",19,"No_phone_service","DSL","Yes","Electronic check",710.05,"Yes"
0,"No","No",10,"Yes","DSL","Yes","Credit card (automatic)",568.2,"Yes"
1,"No","Yes",23,"No","Fiber optic","No","Electronic check",1900.25,"Yes"
1,"No","No",3,"No","DSL","No","Mailed check",159.15,"Yes"
0,"No","No",72,"Yes","Fiber optic","Yes","Bank transfer (automatic)",8012.75,"No"
1,"Yes","No",10,"Yes","Fiber optic","Yes","Electronic check",856.65,"Yes"
0,"No","Yes",10,"No","DSL","Yes","Mailed check",551.3,"Yes"
1,"Yes","No",37,"Yes","Fiber optic","Yes","Bank transfer (automatic)",4056.75,"Yes"
0,"No","Yes",17,"Yes","DSL","Yes","Mailed check",1096.65,"No"
0,"No","Yes",36,"Yes","Fiber optic","Yes","Credit card (automatic)",3684.95,"Yes"
0,"Yes","No",17,"No","Fiber optic","Yes","Electronic check",1752.45,"Yes"
0,"Yes","Yes",66,"Yes","Fiber optic","Yes","Credit card (automatic)",7210.85,"No"
0,"No","Yes",61,"No","DSL","No","Bank transfer (automatic)",5264.5,"No"
0,"No","No",22,"No","Fiber optic","Yes","Mailed check",2157.3,"Yes"
0,"No","No",1,"No_phone_service","DSL","Yes","Electronic check",24.4,"Yes"
0,"No","No",6,"No","Fiber optic","No","Credit card (automatic)",433.95,"Yes"
1,"No","No",31,"No","Fiber optic","Yes","Electronic check",2435.15,"Yes"
0,"No","Yes",68,"No","DSL","Yes","Credit card (automatic)",5607.75,"No"
1,"No","Yes",34,"Yes","Fiber optic","No","Electronic check",2874.15,"Yes"
0,"No","Yes",52,"No","Fiber optic","No","Bank transfer (automatic)",4433.3,"Yes"
0,"No","Yes",10,"No","Fiber optic","Yes","Electronic check",964.35,"Yes"
1,"No","Yes",29,"No","Fiber optic","Yes","Electronic check",1974.8,"Yes"
0,"No","Yes",24,"Yes","DSL","No","Mailed check",1821.2,"No"
0,"No","No",4,"Yes","Fiber optic","Yes","Mailed check",399.25,"Yes"
1,"Yes","No",12,"Yes","Fiber optic","Yes","Electronic check",1218.55,"Yes"
1,"No","No",1,"Yes","Fiber optic","Yes","Electronic check",81.7,"Yes"
1,"No","No",33,"No","Fiber optic","No","Electronic check",2171.15,"Yes"
0,"No","No",34,"No","Fiber optic","Yes","Electronic check",3634.8,"Yes"
1,"No","No",4,"No","Fiber optic","Yes","Electronic check",317.25,"Yes"
0,"No","Yes",65,"Yes","DSL","Yes","Bank transfer (automatic)",5071.9,"No"
0,"No","Yes",23,"No","DSL","No","Credit card (automatic)",1423.35,"No"
0,"No","No",55,"No","DSL","No","Electronic check",3068.6,"No"
0,"No","No",49,"No","Fiber optic","Yes","Electronic check",4690.65,"No"
0,"No","No",60,"Yes","Fiber optic","No","Bank transfer (automatic)",6157.6,"No"
0,"No","No",40,"Yes","Fiber optic","Yes","Electronic check",3369.05,"Yes"
0,"No","No",67,"No","DSL","Yes","Credit card (automatic)",4671.65,"No"
1,"Yes","No",35,"Yes","Fiber optic","Yes","Electronic check",3474.05,"Yes"
1,"No","Yes",19,"Yes","Fiber optic","Yes","Electronic check",1875.55,"No"
0,"No","Yes",41,"Yes","Fiber optic","Yes","Bank transfer (automatic)",3645.05,"Yes"
0,"No","No",4,"No_phone_service","DSL","No","Mailed check",135.75,"Yes"
0,"No","Yes",24,"No","DSL","No","Electronic check",1319.85,"Yes"
0,"No","No",5,"No_phone_service","DSL","Yes","Credit card (automatic)",229.4,"Yes"
0,"No","No",5,"Yes","DSL","Yes","Electronic check",370.25,"Yes"
1,"No","Yes",1,"No","Fiber optic","Yes","Mailed check",69.1,"Yes"
0,"No","Yes",72,"Yes","DSL","No","Bank transfer (automatic)",5714.2,"No"
0,"No","No",24,"No","DSL","Yes","Credit card (automatic)",1233.25,"Yes"
0,"No","No",42,"Yes","DSL","No","Credit card (automatic)",3571.6,"No"
0,"No","No",68,"Yes","Fiber optic","Yes","Credit card (automatic)",8035.95,"No"
1,"Yes","No",1,"No","Fiber optic","Yes","Electronic check",69.6,"Yes"
1,"No","No",31,"Yes","Fiber optic","Yes","Electronic check",3066.45,"No"
1,"No","No",4,"Yes","Fiber optic","No","Bank transfer (automatic)",305.55,"Yes"
0,"Yes","No",69,"Yes","Fiber optic","Yes","Electronic check",7634.25,"No"
0,"Yes","No",38,"Yes","Fiber optic","No","Electronic check",3653,"Yes"
0,"No","Yes",3,"No","Fiber optic","Yes","Electronic check",241.3,"Yes"
0,"No","Yes",48,"Yes","DSL","No","Electronic check",3870.3,"No"
1,"Yes","No",1,"No","Fiber optic","No","Electronic check",78.45,"Yes"
0,"No","No",48,"No_phone_service","DSL","Yes","Electronic check",2104.55,"Yes"
0,"No","No",37,"No","Fiber optic","No","Electronic check",3019.1,"No"
0,"Yes","No",66,"Yes","Fiber optic","Yes","Bank transfer (automatic)",7051.95,"No"
0,"No","No",26,"No_phone_service","DSL","No","Bank transfer (automatic)",1190.5,"No"
0,"No","No",63,"No","DSL","No","Credit card (automatic)",4448.8,"No"
1,"No","No",10,"No_phone_service","DSL","No","Mailed check",255.25,"Yes"
1,"No","No",2,"No","DSL","Yes","Electronic check",146.9,"Yes"
0,"Yes","No",18,"No","DSL","Yes","Credit card (automatic)",1011.05,"Yes"
1,"Yes","No",9,"Yes","Fiber optic","Yes","Electronic check",762.5,"Yes"
0,"No","No",1,"No","Fiber optic","No","Electronic check",75.55,"Yes"
1,"No","No",4,"Yes","Fiber optic","Yes","Electronic check",338.9,"Yes"
1,"Yes","No",38,"No","DSL","Yes","Credit card (automatic)",2497.35,"No"
0,"No","No",66,"Yes","Fiber optic","No","Electronic check",6273.4,"No"
0,"No","No",1,"No","Fiber optic","Yes","Electronic check",70.25,"Yes"
0,"No","No",18,"No","DSL","Yes","Mailed check",908.75,"Yes"
1,"Yes","No",51,"Yes","Fiber optic","Yes","Electronic check",4913.3,"Yes"
1,"No","No",1,"No","DSL","No","Mailed check",46.3,"Yes"
1,"No","No",41,"Yes","Fiber optic","Yes","Electronic check",4443.45,"Yes"
0,"No","No",7,"Yes","Fiber optic","Yes","Electronic check",564.65,"Yes"
1,"No","No",12,"No","Fiber optic","Yes","Electronic check",1095.65,"Yes"
0,"No","Yes",68,"Yes","DSL","No","Credit card (automatic)",6161.9,"No"
1,"Yes","No",5,"Yes","Fiber optic","Yes","Credit card (automatic)",446.05,"Yes"
0,"Yes","No",49,"No","DSL","No","Mailed check",2106.05,"Yes"
0,"No","No",40,"No_phone_service","DSL","No","Credit card (automatic)",2511.55,"No"
1,"No","No",10,"Yes","Fiber optic","Yes","Mailed check",811.8,"Yes"
0,"No","No",72,"Yes","Fiber optic","Yes","Electronic check",7323.15,"No"
0,"Yes","No",2,"Yes","Fiber optic","Yes","Electronic check",186.05,"Yes"
0,"Yes","No",71,"Yes","Fiber optic","Yes","Electronic check",7521.95,"No"
1,"No","No",11,"Yes","Fiber optic","Yes","Electronic check",1056.95,"Yes"
1,"No","No",1,"No","DSL","Yes","Mailed check",44.15,"Yes"
1,"No","No",16,"No","DSL","Yes","Mailed check",834.15,"Yes"
1,"No","No",1,"Yes","Fiber optic","Yes","Mailed check",85.45,"Yes"
0,"No","No",12,"No","Fiber optic","Yes","Credit card (automatic)",999.8,"Yes"
0,"No","No",54,"No_phone_service","DSL","No","Bank transfer (automatic)",2369.7,"No"
0,"No","No",68,"Yes","Fiber optic","No","Credit card (automatic)",6297.65,"No"
1,"No","Yes",4,"Yes","DSL","No","Mailed check",239.55,"Yes"
1,"No","Yes",1,"No","DSL","No","Electronic check",59.2,"Yes"
0,"No","No",27,"No","DSL","No","Mailed check",1461.45,"Yes"
1,"No","No",13,"No","Fiber optic","Yes","Electronic check",1060.6,"Yes"
0,"Yes","No",64,"Yes","DSL","No","Credit card (automatic)",4869.35,"Yes"
1,"No","No",1,"No","DSL","Yes","Electronic check",54.9,"Yes"
0,"No","No",57,"No_phone_service","DSL","Yes","Bank transfer (automatic)",3265.95,"No"
1,"No","No",21,"Yes","Fiber optic","Yes","Electronic check",2254.2,"Yes"
0,"No","No",31,"No","Fiber optic","Yes","Electronic check",2939.8,"No"
0,"No","No",52,"Yes","DSL","Yes","Mailed check",4652.4,"No"
0,"No","No",46,"Yes","Fiber optic","Yes","Electronic check",4408.45,"No"
0,"Yes","No",11,"Yes","DSL","Yes","Electronic check",580.8,"Yes"
0,"No","Yes",53,"No_phone_service","DSL","Yes","Bank transfer (automatic)",2495.2,"Yes"
0,"Yes","No",57,"Yes","Fiber optic","Yes","Bank transfer (automatic)",5913.95,"Yes"
1,"Yes","No",2,"Yes","Fiber optic","Yes","Mailed check",158.4,"Yes"
1,"Yes","No",2,"No","DSL","No","Mailed check",104.2,"Yes"
0,"No","No",72,"No","DSL","No","Mailed check",6033.1,"No"
1,"Yes","No",1,"Yes","Fiber optic","Yes","Electronic check",95.1,"Yes"
0,"No","No",41,"No","DSL","Yes","Bank transfer (automatic)",3320.75,"No"
1,"No","No",6,"Yes","Fiber optic","Yes","Electronic check",438,"Yes"
1,"No","Yes",4,"No","Fiber optic","Yes","Electronic check",325.45,"Yes"
1,"No","No",12,"Yes","Fiber optic","Yes","Electronic check",1148.1,"Yes"
0,"No","No",58,"Yes","DSL","Yes","Electronic check",3972.25,"No"
0,"No","No",65,"No","DSL","Yes","Mailed check",3673.15,"Yes"
0,"No","No",1,"No","Fiber optic","Yes","Mailed check",70.6,"Yes"
0,"No","Yes",58,"No","DSL","Yes","Mailed check",2413.05,"No"
0,"No","No",62,"Yes","Fiber optic","Yes","Bank transfer (automatic)",6912.7,"No"
0,"No","No",26,"Yes","DSL","No","Electronic check",1581.95,"No"
0,"No","No",62,"Yes","Fiber optic","No","Bank transfer (automatic)",5586.45,"Yes"
0,"No","Yes",58,"No","Fiber optic","No","Credit card (automatic)",5846.65,"No"
0,"No","No",68,"Yes","DSL","Yes","Electronic check",6424.7,"No"
0,"No","Yes",61,"Yes","Fiber optic","Yes","Credit card (automatic)",6018.65,"No"
0,"No","No",42,"Yes","DSL","Yes","Credit card (automatic)",3373.4,"No"
0,"No","No",18,"Yes","Fiber optic","No","Bank transfer (automatic)",1537.9,"Yes"
1,"No","No",4,"Yes","Fiber optic","Yes","Electronic check",355.2,"Yes"
0,"No","Yes",35,"No","DSL","No","Credit card (automatic)",2016.45,"No"
0,"No","Yes",64,"Yes","Fiber optic","Yes","Bank transfer (automatic)",5327.25,"Yes"
1,"No","No",4,"No","DSL","No","Credit card (automatic)",151.3,"Yes"
0,"Yes","No",70,"Yes","Fiber optic","Yes","Electronic check",7714.65,"No"
1,"No","No",3,"No","DSL","No","Credit card (automatic)",188.7,"Yes"
1,"Yes","No",53,"Yes","Fiber optic","Yes","Electronic check",5549.4,"Yes"
0,"No","Yes",2,"No","DSL","No","Mailed check",130.5,"No"
0,"No","Yes",29,"No","Fiber optic","Yes","Credit card (automatic)",2621.75,"Yes"
0,"No","No",47,"No_phone_service","DSL","No","Mailed check",1875.25,"No"
1,"No","Yes",68,"Yes","Fiber optic","Yes","Electronic check",5685.8,"No"
0,"No","Yes",12,"No","DSL","Yes","Mailed check",837.5,"Yes"
0,"No","Yes",8,"No","DSL","No","Bank transfer (automatic)",401.5,"Yes"
0,"No","No",54,"Yes","Fiber optic","No","Electronic check",6118.95,"Yes"
0,"No","Yes",69,"No","Fiber optic","Yes","Mailed check",6480.9,"No"
0,"No","No",26,"Yes","DSL","Yes","Bank transfer (automatic)",1800.05,"Yes"
0,"No","No",72,"Yes","Fiber optic","Yes","Bank transfer (automatic)",7104.2,"No"
0,"No","No",70,"No_phone_service","DSL","Yes","Bank transfer (automatic)",4214.25,"No"
1,"No","Yes",1,"No","DSL","No","Mailed check",50.6,"Yes"
1,"No","No",10,"No","Fiber optic","Yes","Electronic check",863.1,"Yes"
0,"No","Yes",28,"No","Fiber optic","Yes","Bank transfer (automatic)",1992.2,"No"
1,"No","No",1,"No","Fiber optic","Yes","Electronic check",69.8,"Yes"
0,"No","No",21,"Yes","Fiber optic","Yes","Electronic check",1948.35,"Yes"
1,"Yes","No",51,"Yes","Fiber optic","Yes","Bank transfer (automatic)",4750.95,"Yes"
0,"No","Yes",53,"No","Fiber optic","No","Electronic check",5036.9,"No"
1,"No","No",24,"Yes","Fiber optic","Yes","Electronic check",2391.8,"Yes"
0,"No","No",70,"Yes","DSL","Yes","Credit card (automatic)",6859.05,"No"
0,"No","No",61,"Yes","Fiber optic","Yes","Electronic check",6521.9,"No"
0,"No","No",11,"No","DSL","Yes","Mailed check",617.85,"No"
0,"No","No",2,"No","Fiber optic","Yes","Credit card (automatic)",157.75,"Yes"
0,"No","No",41,"Yes","DSL","Yes","Credit card (automatic)",2364,"No"
1,"No","No",18,"Yes","Fiber optic","Yes","Electronic check",1687.95,"Yes"
1,"Yes","No",72,"Yes","Fiber optic","Yes","Bank transfer (automatic)",7689.95,"No"
0,"No","Yes",71,"Yes","DSL","Yes","Credit card (automatic)",6239.05,"No"
0,"No","Yes",34,"No","DSL","Yes","Mailed check",2042.05,"No"
0,"No","No",29,"No","Fiber optic","Yes","Credit card (automatic)",2807.1,"Yes"
0,"Yes","No",40,"No","Fiber optic","Yes","Credit card (automatic)",4116.8,"No"
0,"No","No",36,"No_phone_service","DSL","No","Mailed check",1317.95,"No"
0,"No","No",46,"Yes","Fiber optic","Yes","Electronic check",4594.65,"No"
0,"No","No",58,"Yes","Fiber optic","Yes","Electronic check",6332.75,"No"
0,"No","No",39,"Yes","Fiber optic","No","Credit card (automatic)",3213.75,"No"
1,"No","Yes",4,"No","DSL","No","Credit card (automatic)",229.55,"Yes"
0,"No","Yes",52,"Yes","Fiber optic","Yes","Credit card (automatic)",4976.15,"No"
0,"Yes","No",70,"Yes","Fiber optic","Yes","Electronic check",7308.95,"No"
0,"Yes","No",65,"No","Fiber optic","Yes","Bank transfer (automatic)",4555.2,"No"
0,"No","No",1,"No","DSL","Yes","Mailed check",44.95,"Yes"
0,"No","No",70,"Yes","Fiber optic","Yes","Electronic check",6982.5,"No"
0,"Yes","Yes",29,"No_phone_service","DSL","Yes","Mailed check",1025.15,"Yes"
1,"No","No",1,"No","Fiber optic","Yes","Electronic check",90.55,"Yes"
0,"No","No",67,"Yes","DSL","Yes","Mailed check",5714.2,"No"
1,"No","No",26,"No","Fiber optic","Yes","Bank transfer (automatic)",2274.35,"Yes"
0,"No","No",48,"No","Fiber optic","Yes","Credit card (automatic)",4834,"Yes"
0,"No","Yes",55,"No","DSL","No","Electronic check",3131.8,"Yes"
1,"No","No",7,"Yes","Fiber optic","Yes","Mailed check",602.55,"Yes"
0,"No","No",37,"Yes","Fiber optic","Yes","Electronic check",3369.25,"Yes"
0,"No","No",31,"No","Fiber optic","Yes","Bank transfer (automatic)",2674.15,"Yes"
0,"No","No",4,"No","DSL","Yes","Electronic check",199.75,"Yes"
1,"Yes","No",5,"No","Fiber optic","Yes","Electronic check",449.75,"Yes"
0,"Yes","No",15,"No","Fiber optic","Yes","Electronic check",1400.3,"Yes"
0,"No","Yes",8,"No","DSL","Yes","Credit card (automatic)",411.6,"Yes"
0,"Yes","No",56,"Yes","Fiber optic","No","Electronic check",5841.35,"Yes"
1,"No","No",42,"Yes","Fiber optic","Yes","Bank transfer (automatic)",4512.7,"Yes"
0,"Yes","Yes",65,"Yes","Fiber optic","Yes","Electronic check",5688.45,"Yes"
0,"Yes","No",65,"Yes","Fiber optic","Yes","Electronic check",6674.65,"No"
0,"No","No",18,"Yes","Fiber optic","Yes","Electronic check",1345.75,"Yes"
0,"No","No",23,"Yes","DSL","Yes","Electronic check",1843.05,"No"
1,"No","No",4,"No","DSL","Yes","Mailed check",196.95,"Yes"
0,"No","No",4,"Yes","DSL","No","Electronic check",214.55,"Yes"
0,"No","No",19,"No","DSL","Yes","Bank transfer (automatic)",865.85,"Yes"
0,"No","No",18,"No","Fiber optic","No","Electronic check",1358.6,"Yes"
0,"Yes","No",38,"No","Fiber optic","Yes","Electronic check",3147.15,"Yes"
1,"No","No",2,"Yes","Fiber optic","Yes","Credit card (automatic)",131.05,"Yes"
0,"No","No",47,"Yes","Fiber optic","No","Bank transfer (automatic)",4535.85,"No"
0,"No","No",9,"Yes","DSL","No","Mailed check",542.4,"Yes"
0,"No","No",26,"Yes","DSL","Yes","Credit card (automatic)",2312.55,"No"
1,"No","Yes",8,"No","DSL","Yes","Electronic check",415.05,"Yes"
0,"No","No",44,"No","DSL","Yes","Electronic check",3250.45,"No"
0,"No","No",3,"No_phone_service","DSL","No","Mailed check",98.5,"Yes"
0,"No","No",2,"No","DSL","Yes","Bank transfer (automatic)",87.9,"Yes"
1,"No","Yes",9,"Yes","Fiber optic","Yes","Bank transfer (automatic)",754.65,"Yes"
1,"Yes","No",1,"Yes","Fiber optic","Yes","Electronic check",75.35,"Yes"
0,"No","No",25,"No","Fiber optic","No","Bank transfer (automatic)",1952.25,"Yes"
0,"Yes","No",2,"No","Fiber optic","Yes","Electronic check",153.8,"Yes"
1,"No","No",43,"No","Fiber optic","Yes","Electronic check",3198.6,"Yes"
0,"No","No",58,"Yes","Fiber optic","Yes","Electronic check",5610.15,"No"
0,"No","Yes",59,"Yes","DSL","Yes","Mailed check",4519.5,"No"
0,"No","No",44,"No_phone_service","DSL","Yes","Electronic check",2440.25,"No"
0,"No","No",66,"Yes","Fiber optic","Yes","Electronic check",6860.6,"No"
0,"No","No",9,"No_phone_service","DSL","Yes","Electronic check",190.25,"Yes"
0,"No","No",19,"Yes","Fiber optic","Yes","Electronic check",1651.95,"Yes"
0,"No","No",70,"Yes","Fiber optic","Yes","Bank transfer (automatic)",7939.25,"No"
0,"No","No",1,"No","DSL","Yes","Mailed check",44.9,"Yes"
0,"No","No",8,"Yes","Fiber optic","Yes","Electronic check",576.7,"Yes"
0,"No","Yes",60,"Yes","Fiber optic","Yes","Electronic check",6586.85,"No"
0,"No","No",17,"No","DSL","Yes","Credit card (automatic)",934.15,"Yes"
1,"No","No",3,"No","DSL","Yes","Electronic check",123.65,"Yes"
1,"No","No",70,"No","Fiber optic","Yes","Bank transfer (automatic)",7534.65,"No"
0,"Yes","No",43,"Yes","Fiber optic","Yes","Electronic check",3645.6,"Yes"
0,"No","Yes",57,"No","DSL","No","Electronic check",3053,"No"
0,"No","No",72,"Yes","Fiber optic","No","Credit card (automatic)",7965.95,"No"
1,"Yes","No",11,"Yes","Fiber optic","Yes","Credit card (automatic)",906.85,"Yes"
1,"Yes","No",50,"Yes","Fiber optic","Yes","Electronic check",4888.7,"Yes"
1,"Yes","No",5,"No","DSL","No","Electronic check",237.25,"Yes"
1,"No","No",1,"Yes","Fiber optic","Yes","Bank transfer (automatic)",74.6,"Yes"
0,"Yes","No",2,"No","Fiber optic","Yes","Electronic check",140.1,"Yes"
0,"No","No",17,"Yes","DSL","Yes","Mailed check",1108,"Yes"
1,"No","No",15,"No","DSL","Yes","Electronic check",892.65,"Yes"
1,"No","Yes",46,"No","Fiber optic","Yes","Bank transfer (automatic)",4822.85,"No"
0,"No","Yes",64,"Yes","Fiber optic","Yes","Credit card (automatic)",6741.15,"No"
0,"No","No",1,"Yes","Fiber optic","Yes","Mailed check",79.15,"Yes"
0,"No","Yes",25,"No","DSL","No","Mailed check",1355.45,"No"
0,"No","Yes",71,"No","Fiber optic","No","Credit card (automatic)",7209,"No"
1,"No","No",8,"No","DSL","Yes","Mailed check",438.4,"Yes"
0,"No","Yes",72,"No","Fiber optic","Yes","Bank transfer (automatic)",7726.35,"No"
0,"No","No",49,"No_phone_service","DSL","No","Bank transfer (automatic)",2070.75,"Yes"
0,"No","Yes",29,"No_phone_service","DSL","Yes","Credit card (automatic)",1636.95,"No"
0,"No","No",72,"Yes","Fiber optic","No","Bank transfer (automatic)",7581.5,"No"
1,"No","No",31,"Yes","Fiber optic","No","Electronic check",3019.5,"Yes"
0,"No","No",50,"Yes","Fiber optic","Yes","Electronic check",4729.75,"Yes"
0,"No","No",71,"Yes","DSL","No","Electronic check",6126.1,"No"
0,"Yes","No",70,"Yes","DSL","No","Credit card (automatic)",6333.4,"No"
0,"No","No",71,"Yes","Fiber optic","No","Credit card (automatic)",6687.85,"No"
0,"No","Yes",61,"No","DSL","Yes","Bank transfer (automatic)",4158.25,"No"
1,"No","No",32,"No","Fiber optic","Yes","Electronic check",3183.4,"Yes"
1,"No","Yes",1,"No","Fiber optic","Yes","Electronic check",79.6,"Yes"
0,"No","No",68,"Yes","Fiber optic","Yes","Bank transfer (automatic)",7149.35,"No"
0,"No","Yes",7,"No","Fiber optic","Yes","Electronic check",472.65,"Yes"
1,"No","No",20,"Yes","Fiber optic","Yes","Electronic check",1734.5,"Yes"
0,"Yes","No",33,"No_phone_service","DSL","Yes","Bank transfer (automatic)",1884.65,"Yes"
0,"No","Yes",28,"Yes","Fiber optic","No","Bank transfer (automatic)",2568.15,"No"
0,"No","No",7,"No","DSL","No","Mailed check",278.4,"Yes"
1,"No","No",26,"Yes","Fiber optic","Yes","Electronic check",2088.8,"Yes"
1,"Yes","No",5,"Yes","Fiber optic","Yes","Electronic check",502.6,"Yes"
0,"Yes","No",30,"Yes","Fiber optic","Yes","Credit card (automatic)",2595.85,"Yes"
0,"No","No",63,"Yes","Fiber optic","No","Credit card (automatic)",5825.5,"No"
1,"No","No",1,"No","DSL","Yes","Electronic check",50.75,"Yes"
0,"No","Yes",53,"Yes","DSL","Yes","Electronic check",4449.75,"No"
1,"No","Yes",14,"No","Fiber optic","Yes","Credit card (automatic)",1208.35,"Yes"
0,"No","No",21,"No","Fiber optic","Yes","Bank transfer (automatic)",1956.4,"Yes"
0,"No","No",35,"No","DSL","Yes","Electronic check",2096.1,"Yes"
0,"Yes","No",32,"No","Fiber optic","Yes","Electronic check",2665,"Yes"
0,"No","No",59,"No_phone_service","DSL","Yes","Electronic check",3005.8,"Yes"
1,"No","No",36,"No","DSL","Yes","Mailed check",2498.4,"No"
0,"No","No",40,"No","DSL","No","Mailed check",2586,"Yes"
0,"No","Yes",40,"Yes","Fiber optic","Yes","Electronic check",3292.3,"Yes"
1,"No","Yes",9,"No","DSL","Yes","Mailed check",651.4,"Yes"
0,"No","Yes",63,"No","DSL","No","Credit card (automatic)",4674.55,"No"
0,"No","No",3,"No","Fiber optic","Yes","Electronic check",232.35,"Yes"
0,"No","Yes",40,"No_phone_service","DSL","No","Mailed check",2448.5,"No"
0,"No","No",8,"No","Fiber optic","Yes","Mailed check",658.1,"Yes"
0,"Yes","No",34,"No","Fiber optic","No","Mailed check",3128.8,"No"
1,"No","No",5,"No_phone_service","DSL","No","Mailed check",223.45,"Yes"
1,"Yes","No",9,"Yes","Fiber optic","Yes","Credit card (automatic)",919.4,"Yes"
0,"No","No",9,"Yes","DSL","Yes","Credit card (automatic)",653.95,"Yes"
0,"No","Yes",31,"Yes","DSL","No","Bank transfer (automatic)",1825.5,"Yes"
1,"No","No",2,"No","Fiber optic","Yes","Electronic check",181.65,"Yes"
1,"No","No",1,"No","DSL","Yes","Electronic check",45.65,"Yes"
1,"No","No",8,"No","Fiber optic","Yes","Mailed check",551.35,"Yes"
0,"No","No",9,"No_phone_service","DSL","No","Electronic check",359.4,"Yes"
1,"Yes","No",2,"No","Fiber optic","Yes","Bank transfer (automatic)",115.95,"Yes"
1,"No","No",3,"No","DSL","No","Electronic check",165.2,"Yes"
0,"No","No",25,"No","Fiber optic","Yes","Credit card (automatic)",2338.35,"Yes"
0,"Yes","No",1,"No","DSL","No","Electronic check",46.3,"Yes"
0,"No","Yes",45,"Yes","DSL","No","Mailed check",3541.1,"Yes"
1,"Yes","Yes",51,"Yes","Fiber optic","Yes","Electronic check",4146.05,"Yes"
0,"No","No",38,"Yes","DSL","Yes","Bank transfer (automatic)",2522.4,"Yes"
1,"No","No",2,"No","DSL","No","Mailed check",81,"Yes"
0,"No","No",34,"No","DSL","Yes","Electronic check",1734.2,"Yes"
0,"No","No",70,"Yes","Fiber optic","Yes","Electronic check",7069.3,"No"
0,"No","No",13,"No","DSL","No","Mailed check",742.9,"No"
1,"No","No",39,"Yes","Fiber optic","No","Electronic check",3017.65,"Yes"
0,"No","No",61,"Yes","Fiber optic","Yes","Electronic check",6423,"No"
1,"No","No",12,"Yes","Fiber optic","Yes","Bank transfer (automatic)",1164.3,"Yes"
0,"No","No",41,"No","Fiber optic","Yes","Credit card (automatic)",4220.35,"No"
0,"No","No",21,"Yes","Fiber optic","Yes","Electronic check",1558.7,"Yes"
0,"Yes","No",55,"No_phone_service","DSL","Yes","Bank transfer (automatic)",2743.45,"No"
0,"No","No",69,"No_phone_service","DSL","No","Bank transfer (automatic)",4055.5,"No"
1,"Yes","Yes",26,"Yes","Fiber optic","No","Electronic check",2710.25,"Yes"
0,"Yes","No",69,"No","Fiber optic","No","Credit card (automatic)",6055.55,"No"
1,"Yes","No",18,"No_phone_service","DSL","Yes","Electronic check",810.7,"Yes"
0,"No","Yes",47,"Yes","DSL","No","Electronic check",2538.2,"Yes"
0,"No","Yes",72,"No","DSL","No","Bank transfer (automatic)",6129.2,"No"
0,"Yes","No",33,"No_phone_service","DSL","Yes","Electronic check",1750.85,"Yes"
1,"No","Yes",2,"No_phone_service","DSL","Yes","Mailed check",36.55,"Yes"
0,"No","Yes",72,"Yes","DSL","No","Credit card (automatic)",6652.45,"No"
0,"Yes","No",37,"No","Fiber optic","Yes","Bank transfer (automatic)",2575.45,"Yes"
0,"Yes","Yes",62,"Yes","Fiber optic","Yes","Credit card (automatic)",6019.35,"Yes"
0,"No","Yes",23,"No","DSL","Yes","Bank transfer (automatic)",1284.2,"Yes"
0,"No","No",9,"No","DSL","Yes","Mailed check",653.25,"Yes"
1,"Yes","No",1,"No","DSL","Yes","Electronic check",49.55,"Yes"
0,"No","No",24,"Yes","Fiber optic","Yes","Mailed check",1928.7,"Yes"
0,"Yes","No",1,"No","Fiber optic","Yes","Electronic check",71.25,"Yes"
0,"Yes","No",72,"Yes","Fiber optic","No","Bank transfer (automatic)",7845.8,"No"
1,"Yes","No",2,"No","DSL","No","Credit card (automatic)",115.1,"Yes"
0,"Yes","No",60,"Yes","Fiber optic","Yes","Credit card (automatic)",6029,"No"
1,"Yes","No",29,"Yes","Fiber optic","Yes","Electronic check",2745.2,"Yes"
0,"No","No",49,"No","DSL","Yes","Bank transfer (automatic)",3721.9,"No"
0,"Yes","No",30,"Yes","Fiber optic","Yes","Electronic check",3121.1,"Yes"
0,"No","No",39,"No","Fiber optic","No","Electronic check",3219.75,"No"
0,"Yes","No",8,"No","Fiber optic","Yes","Electronic check",572.85,"Yes"
0,"No","Yes",51,"Yes","Fiber optic","Yes","Electronic check",4554.85,"No"
1,"Yes","No",1,"No_phone_service","DSL","No","Electronic check",25.25,"Yes"
0,"No","No",38,"No_phone_service","DSL","Yes","Bank transfer (automatic)",2193.2,"No"
0,"No","No",28,"No","Fiber optic","No","Credit card (automatic)",2433.5,"Yes"
0,"Yes","No",49,"No","DSL","No","Mailed check",2398.4,"No"
0,"No","No",10,"No","DSL","No","Electronic check",583,"Yes"
0,"No","No",67,"Yes","Fiber optic","No","Credit card (automatic)",7332.4,"No"
0,"No","No",7,"No_phone_service","DSL","Yes","Credit card (automatic)",249.55,"No"
0,"No","No",51,"No","Fiber optic","No","Credit card (automatic)",4475.9,"No"
1,"No","No",9,"No","DSL","No","Electronic check",416.45,"Yes"
0,"No","No",9,"No","Fiber optic","Yes","Mailed check",788.6,"Yes"
0,"No","No",4,"No","DSL","Yes","Mailed check",202.3,"Yes"
0,"No","No",71,"Yes","Fiber optic","Yes","Electronic check",6994.6,"No"
1,"No","Yes",50,"Yes","Fiber optic","Yes","Bank transfer (automatic)",4116.15,"Yes"
0,"Yes","Yes",24,"No","Fiber optic","Yes","Electronic check",2263.45,"No"
0,"No","No",22,"No","DSL","Yes","Bank transfer (automatic)",1374.35,"No"
0,"No","No",44,"Yes","Fiber optic","Yes","Electronic check",4915.15,"Yes"
1,"No","No",1,"Yes","Fiber optic","Yes","Electronic check",75.1,"Yes"
1,"No","No",54,"Yes","DSL","Yes","Credit card (automatic)",3715.65,"No"
1,"No","No",42,"Yes","Fiber optic","Yes","Electronic check",4273.45,"Yes"
1,"No","No",1,"No","DSL","No","Electronic check",45.8,"Yes"
0,"No","No",30,"No","DSL","No","Electronic check",2044.75,"No"
0,"No","No",1,"No_phone_service","DSL","No","Mailed check",30.55,"Yes"
0,"No","Yes",16,"Yes","DSL","No","Electronic check",1398.25,"Yes"
1,"No","No",9,"No_phone_service","DSL","No","Mailed check",328.95,"Yes"
1,"Yes","No",46,"Yes","Fiber optic","Yes","Electronic check",4680.05,"Yes"
1,"No","No",1,"No","Fiber optic","Yes","Electronic check",69.1,"Yes"
0,"No","No",71,"No","DSL","No","Bank transfer (automatic)",3778.2,"No"
0,"No","No",43,"Yes","Fiber optic","Yes","Credit card (automatic)",3161.4,"Yes"
0,"No","No",50,"No_phone_service","DSL","Yes","Bank transfer (automatic)",2188.45,"No"
1,"No","No",13,"Yes","Fiber optic","Yes","Mailed check",999.45,"Yes"
1,"No","Yes",19,"No","Fiber optic","No","Bank transfer (automatic)",1888.65,"No"
0,"No","No",41,"Yes","Fiber optic","No","Bank transfer (automatic)",3990.6,"Yes"
1,"Yes","No",1,"No","Fiber optic","Yes","Electronic check",71.15,"Yes"
1,"No","No",24,"No_phone_service","DSL","Yes","Credit card (automatic)",1240.25,"Yes"
0,"No","No",40,"Yes","DSL","No","Bank transfer (automatic)",2635,"No"
0,"No","Yes",3,"Yes","DSL","Yes","Bank transfer (automatic)",235,"Yes"
0,"No","No",37,"Yes","DSL","No","Bank transfer (automatic)",2347.85,"No"
1,"No","Yes",67,"Yes","Fiber optic","Yes","Credit card (automatic)",7156.2,"No"
0,"No","Yes",32,"Yes","Fiber optic","Yes","Electronic check",3089.6,"Yes"
1,"No","No",6,"No","DSL","Yes","Electronic check",270.8,"Yes"
0,"No","Yes",32,"Yes","Fiber optic","No","Electronic check",2901.8,"Yes"
0,"No","No",59,"Yes","Fiber optic","Yes","Electronic check",4949.1,"Yes"
0,"No","No",30,"No","DSL","No","Bank transfer (automatic)",2198.9,"No"
1,"Yes","No",20,"Yes","Fiber optic","Yes","Electronic check",1520.9,"Yes"
0,"No","Yes",68,"Yes","DSL","Yes","Credit card (automatic)",5163,"No"
0,"No","Yes",69,"Yes","DSL","No","Credit card (automatic)",4059.85,"No"
0,"No","No",26,"Yes","Fiber optic","Yes","Mailed check",2281.6,"Yes"
0,"No","No",1,"Yes","DSL","No","Mailed check",50.75,"Yes"
0,"No","Yes",55,"Yes","DSL","Yes","Bank transfer (automatic)",4264.25,"No"
0,"No","No",44,"No","DSL","No","Electronic check",2774.55,"No"
1,"Yes","No",46,"No","Fiber optic","Yes","Electronic check",3605.2,"Yes"
0,"No","Yes",69,"No","DSL","Yes","Bank transfer (automatic)",4069.9,"No"
0,"Yes","No",11,"No","Fiber optic","Yes","Electronic check",874.2,"Yes"
1,"No","No",11,"Yes","Fiber optic","Yes","Electronic check",1145.35,"Yes"
0,"No","No",29,"No","DSL","No","Bank transfer (automatic)",1323.7,"Yes"
0,"No","No",57,"Yes","Fiber optic","Yes","Electronic check",5497.05,"Yes"
0,"No","No",42,"No","DSL","No","Credit card (automatic)",2455.05,"Yes"
0,"No","Yes",23,"No_phone_service","DSL","No","Bank transfer (automatic)",947.4,"No"
1,"No","No",1,"No","Fiber optic","Yes","Mailed check",70.8,"Yes"
1,"No","No",16,"Yes","Fiber optic","Yes","Credit card (automatic)",1448.6,"Yes"
1,"No","No",3,"Yes","Fiber optic","Yes","Electronic check",291.9,"Yes"
0,"No","No",67,"Yes","DSL","Yes","Bank transfer (automatic)",5903.15,"No"
1,"No","No",57,"Yes","Fiber optic","Yes","Credit card (automatic)",5921.35,"Yes"
0,"No","No",2,"No","Fiber optic","Yes","Electronic check",146.65,"Yes"
0,"No","Yes",23,"Yes","DSL","Yes","Bank transfer (automatic)",1759.4,"No"
0,"No","Yes",25,"No_phone_service","DSL","No","Bank transfer (automatic)",844.45,"No"
0,"Yes","No",72,"Yes","Fiber optic","Yes","Bank transfer (automatic)",7774.05,"No"
0,"No","No",2,"Yes","Fiber optic","Yes","Electronic check",134.05,"Yes"
1,"No","No",5,"Yes","DSL","Yes","Mailed check",249.95,"Yes"
0,"No","No",35,"No_phone_service","DSL","No","Electronic check",1701.65,"Yes"
0,"No","Yes",2,"No","Fiber optic","Yes","Electronic check",135.75,"Yes"
0,"No","Yes",72,"Yes","Fiber optic","Yes","Credit card (automatic)",7732.65,"No"
0,"No","No",41,"Yes","Fiber optic","Yes","Electronic check",4282.4,"Yes"
1,"No","Yes",4,"No","DSL","No","Electronic check",219.65,"Yes"
0,"No","No",26,"No","Fiber optic","No","Bank transfer (automatic)",2018.1,"No"
1,"No","No",7,"No","Fiber optic","Yes","Electronic check",669,"Yes"
1,"No","No",1,"No","Fiber optic","Yes","Electronic check",68.95,"Yes"
0,"No","Yes",4,"Yes","DSL","Yes","Mailed check",224.85,"Yes"
0,"No","No",48,"No","DSL","No","Credit card (automatic)",3771.5,"No"
1,"Yes","No",2,"Yes","Fiber optic","Yes","Electronic check",196.75,"Yes"
0,"Yes","No",12,"No","DSL","Yes","Electronic check",943.85,"No"
0,"No","No",60,"Yes","Fiber optic","Yes","Bank transfer (automatic)",6572.85,"Yes"
0,"No","No",55,"No","DSL","Yes","Electronic check",3175.85,"No"
0,"No","No",1,"No_phone_service","DSL","No","Mailed check",29.15,"Yes"
1,"No","No",4,"Yes","Fiber optic","Yes","Electronic check",318.9,"Yes"
1,"No","No",1,"No_phone_service","DSL","Yes","Mailed check",24.45,"Yes"
0,"No","No",42,"No","DSL","No","Credit card (automatic)",2762.75,"No"
0,"No","No",1,"No","DSL","No","Bank transfer (automatic)",49.55,"Yes"
1,"No","No",7,"Yes","Fiber optic","Yes","Credit card (automatic)",631.85,"Yes"
0,"No","No",3,"No","Fiber optic","Yes","Credit card (automatic)",232.5,"Yes"
0,"No","No",72,"Yes","DSL","Yes","Credit card (automatic)",5919.35,"No"
0,"No","No",15,"Yes","DSL","Yes","Electronic check",749.25,"Yes"
1,"No","No",4,"No","Fiber optic","Yes","Electronic check",307.4,"Yes"
1,"Yes","No",1,"No","DSL","Yes","Electronic check",55.8,"Yes"
0,"No","No",72,"Yes","Fiber optic","Yes","Credit card (automatic)",8240.85,"No"
0,"No","No",55,"Yes","Fiber optic","Yes","Credit card (automatic)",4266.4,"Yes"
1,"No","No",1,"No","Fiber optic","Yes","Electronic check",79.05,"Yes"
1,"No","No",1,"No","Fiber optic","Yes","Electronic check",95,"Yes"
1,"No","No",1,"No_phone_service","DSL","No","Mailed check",25.2,"Yes"
0,"Yes","Yes",52,"Yes","DSL","Yes","Electronic check",4079.55,"No"
1,"Yes","No",41,"Yes","Fiber optic","Yes","Electronic check",4187.75,"Yes"
0,"No","No",43,"No","DSL","Yes","Mailed check",2391.15,"No"
0,"No","No",3,"Yes","DSL","No","Bank transfer (automatic)",137.25,"Yes"
1,"Yes","Yes",66,"Yes","DSL","No","Credit card (automatic)",5154.6,"No"
0,"No","Yes",55,"No","DSL","Yes","Credit card (automatic)",3119.9,"No"
0,"No","Yes",12,"Yes","Fiber optic","Yes","Electronic check",966.55,"Yes"
0,"No","No",66,"Yes","Fiber optic","Yes","Electronic check",6936.85,"Yes"
1,"Yes","No",35,"Yes","Fiber optic","Yes","Electronic check",3496.3,"Yes"
1,"Yes","No",10,"Yes","Fiber optic","Yes","Electronic check",914.3,"Yes"
0,"No","Yes",27,"Yes","Fiber optic","Yes","Bank transfer (automatic)",1929,"Yes"
0,"No","No",58,"No","Fiber optic","Yes","Electronic check",5817.7,"Yes"
1,"No","No",54,"No","Fiber optic","No","Bank transfer (automatic)",6110.2,"No"
0,"No","No",6,"No","Fiber optic","Yes","Electronic check",435,"Yes"
1,"Yes","No",26,"No","Fiber optic","Yes","Electronic check",2351.8,"Yes"
0,"No","No",8,"No","DSL","Yes","Mailed check",445.85,"Yes"
0,"No","No",12,"No","Fiber optic","Yes","Electronic check",912,"Yes"
1,"No","No",15,"Yes","DSL","Yes","Electronic check",679.55,"Yes"
0,"No","No",43,"Yes","DSL","Yes","Electronic check",3581.6,"No"
0,"No","No",42,"Yes","Fiber optic","Yes","Electronic check",4222.95,"Yes"
1,"No","No",31,"Yes","DSL","No","Credit card (automatic)",1994.3,"Yes"
0,"No","Yes",66,"Yes","Fiber optic","Yes","Credit card (automatic)",5930.05,"No"
1,"Yes","No",18,"Yes","Fiber optic","Yes","Electronic check",1505.85,"Yes"
1,"No","No",61,"Yes","Fiber optic","Yes","Electronic check",5638.3,"No"
0,"No","No",10,"Yes","Fiber optic","No","Electronic check",797.25,"Yes"
1,"Yes","No",1,"No","Fiber optic","Yes","Electronic check",71.65,"Yes"
0,"Yes","No",18,"No","Fiber optic","Yes","Electronic check",1359.45,"Yes"
1,"No","No",24,"Yes","Fiber optic","Yes","Electronic check",2542.45,"Yes"
0,"No","Yes",1,"No","DSL","No","Electronic check",44.55,"Yes"
0,"No","No",2,"No","DSL","Yes","Mailed check",87.3,"Yes"
0,"No","Yes",69,"Yes","Fiber optic","Yes","Electronic check",7297.75,"No"
0,"No","No",72,"Yes","DSL","Yes","Credit card (automatic)",6301.7,"No"
1,"No","No",3,"Yes","Fiber optic","Yes","Electronic check",210.3,"Yes"
0,"Yes","Yes",50,"Yes","DSL","Yes","Bank transfer (automatic)",3822.45,"No"
0,"No","No",58,"Yes","Fiber optic","Yes","Credit card (automatic)",6393.65,"No"
0,"No","No",46,"No_phone_service","DSL","Yes","Bank transfer (automatic)",1489.3,"No"
0,"Yes","No",72,"Yes","Fiber optic","Yes","Credit card (automatic)",8061.5,"Yes"
1,"Yes","No",1,"Yes","Fiber optic","Yes","Electronic check",74.2,"Yes"
0,"No","Yes",6,"Yes","Fiber optic","Yes","Mailed check",518.75,"Yes"
0,"No","No",72,"Yes","DSL","No","Bank transfer (automatic)",5763.15,"No"
0,"No","No",4,"No","DSL","Yes","Mailed check",238.5,"Yes"
1,"Yes","No",43,"Yes","Fiber optic","Yes","Electronic check",4388.4,"Yes"
1,"No","No",4,"Yes","Fiber optic","Yes","Electronic check",420.2,"Yes"
1,"Yes","No",25,"Yes","Fiber optic","Yes","Electronic check",2177.45,"No"
0,"No","No",51,"Yes","DSL","Yes","Credit card (automatic)",3950.85,"No"
0,"No","No",12,"Yes","DSL","No","Bank transfer (automatic)",827.05,"Yes"
1,"No","Yes",57,"No","DSL","Yes","Bank transfer (automatic)",3913.3,"No"
0,"No","No",64,"Yes","DSL","No","Bank transfer (automatic)",3756.45,"No"
1,"No","No",4,"No","Fiber optic","Yes","Electronic check",443.9,"No"
0,"No","No",26,"Yes","Fiber optic","Yes","Bank transfer (automatic)",2599.95,"Yes"
1,"Yes","No",36,"Yes","Fiber optic","Yes","Electronic check",3436.1,"Yes"
0,"No","No",27,"Yes","Fiber optic","No","Credit card (automatic)",2462.55,"Yes"
1,"Yes","No",1,"No","Fiber optic","No","Mailed check",70.85,"Yes"
1,"No","No",35,"Yes","DSL","Yes","Credit card (automatic)",3110.1,"No"
1,"No","No",4,"No","Fiber optic","Yes","Electronic check",280.85,"Yes"
0,"No","Yes",8,"No","DSL","Yes","Electronic check",411.75,"Yes"
0,"No","No",2,"No","DSL","No","Mailed check",103.7,"Yes"
1,"No","No",58,"Yes","Fiber optic","Yes","Bank transfer (automatic)",6144.55,"No"
0,"No","No",51,"No","DSL","Yes","Credit card (automatic)",4089.45,"No"
0,"No","No",46,"Yes","Fiber optic","No","Bank transfer (automatic)",3249.4,"Yes"
0,"No","No",50,"Yes","Fiber optic","Yes","Bank transfer (automatic)",5405.8,"Yes"
0,"No","Yes",53,"No","DSL","No","Credit card (automatic)",3363.8,"Yes"
0,"No","No",61,"Yes","Fiber optic","Yes","Electronic check",7132.15,"Yes"
0,"No","No",47,"No","DSL","Yes","Bank transfer (automatic)",4138.9,"No"
0,"No","No",54,"Yes","Fiber optic","Yes","Bank transfer (automatic)",5121.75,"No"
0,"No","Yes",19,"No_phone_service","DSL","Yes","Credit card (automatic)",566.1,"Yes"
0,"No","Yes",26,"No","Fiber optic","Yes","Electronic check",2715.3,"No"
0,"No","No",17,"Yes","Fiber optic","Yes","Electronic check",1742.5,"Yes"
1,"No","No",30,"Yes","Fiber optic","Yes","Electronic check",2983.8,"Yes"
0,"No","No",26,"No","DSL","Yes","Credit card (automatic)",1905.7,"No"
1,"No","Yes",21,"No","Fiber optic","Yes","Bank transfer (automatic)",1565.7,"Yes"
0,"No","No",50,"Yes","Fiber optic","Yes","Electronic check",4858.7,"No"
0,"No","No",68,"No_phone_service","DSL","Yes","Electronic check",3723.65,"No"
1,"No","No",3,"Yes","Fiber optic","Yes","Bank transfer (automatic)",298.35,"Yes"
0,"No","Yes",9,"No","Fiber optic","No","Electronic check",970.45,"Yes"
0,"No","Yes",51,"No_phone_service","DSL","No","Bank transfer (automatic)",1782,"No"
0,"No","No",9,"No","DSL","Yes","Electronic check",405.7,"Yes"
1,"Yes","Yes",41,"Yes","Fiber optic","Yes","Electronic check",4534.9,"No"
0,"No","No",22,"Yes","Fiber optic","Yes","Electronic check",2415.95,"Yes"
1,"No","Yes",21,"No_phone_service","DSL","Yes","Electronic check",1157.05,"No"
0,"No","Yes",71,"Yes","Fiber optic","Yes","Bank transfer (automatic)",8297.5,"No"
1,"No","No",1,"No","DSL","No","Electronic check",45.75,"Yes"
0,"No","Yes",26,"Yes","DSL","Yes","Credit card (automatic)",2083.1,"No"
0,"No","No",71,"Yes","DSL","No","Bank transfer (automatic)",4681.75,"No"
0,"No","No",4,"No","DSL","Yes","Credit card (automatic)",176.2,"Yes"
0,"No","No",12,"Yes","Fiber optic","Yes","Electronic check",1001.2,"Yes"
0,"No","No",18,"Yes","Fiber optic","Yes","Electronic check",1594.75,"Yes"
0,"No","No",3,"Yes","Fiber optic","Yes","Electronic check",212.4,"Yes"
0,"Yes","No",72,"Yes","Fiber optic","Yes","Bank transfer (automatic)",7677.4,"No"
1,"No","No",11,"No","Fiber optic","No","Electronic check",815.5,"Yes"
1,"No","No",1,"No","Fiber optic","No","Credit card (automatic)",80.15,"Yes"
1,"No","No",72,"Yes","Fiber optic","Yes","Electronic check",8109.8,"No"
0,"No","No",42,"Yes","DSL","No","Credit card (automatic)",2386.85,"No"
0,"Yes","No",7,"No","DSL","Yes","Mailed check",419.35,"Yes"
0,"No","No",68,"Yes","Fiber optic","No","Mailed check",7990.05,"No"
0,"No","Yes",72,"Yes","Fiber optic","Yes","Electronic check",8425.15,"No"
0,"Yes","No",52,"Yes","Fiber optic","Yes","Electronic check",5647.95,"Yes"
0,"No","No",67,"Yes","Fiber optic","Yes","Bank transfer (automatic)",7567.2,"No"
0,"No","No",1,"No_phone_service","DSL","No","Mailed check",29.9,"Yes"
0,"No","No",53,"No","Fiber optic","Yes","Mailed check",4348.1,"Yes"
1,"No","No",3,"No_phone_service","DSL","No","Credit card (automatic)",108.95,"Yes"
1,"No","No",1,"No","Fiber optic","No","Electronic check",78.8,"Yes"
0,"No","No",19,"No","Fiber optic","No","Mailed check",1682.4,"Yes"
0,"Yes","No",60,"Yes","Fiber optic","Yes","Bank transfer (automatic)",6925.9,"No"
1,"No","No",47,"Yes","Fiber optic","Yes","Electronic check",5127.95,"Yes"
1,"No","No",18,"No","DSL","No","Electronic check",874.8,"Yes"
0,"No","Yes",60,"Yes","Fiber optic","No","Credit card (automatic)",6758.45,"No"
0,"No","No",59,"No","Fiber optic","Yes","Credit card (automatic)",4639.45,"No"
0,"No","Yes",2,"No","Fiber optic","No","Mailed check",143.9,"Yes"
1,"Yes","No",1,"No","Fiber optic","No","Electronic check",69.1,"Yes"
1,"No","Yes",20,"No","Fiber optic","Yes","Electronic check",1776.55,"Yes"
1,"No","No",6,"Yes","Fiber optic","Yes","Bank transfer (automatic)",536.4,"Yes"
0,"No","No",71,"Yes","Fiber optic","Yes","Credit card (automatic)",6172,"No"
0,"No","No",24,"Yes","DSL","No","Mailed check",1559.45,"Yes"
0,"Yes","No",67,"Yes","Fiber optic","Yes","Credit card (automatic)",6079,"Yes"
1,"No","No",1,"No","Fiber optic","Yes","Mailed check",80.85,"Yes"
1,"No","Yes",48,"Yes","Fiber optic","Yes","Mailed check",4029.95,"No"
0,"No","No",37,"Yes","DSL","No","Mailed check",2658.4,"No"
0,"No","No",11,"No_phone_service","DSL","No","Mailed check",383.55,"Yes"
0,"No","No",18,"No","Fiber optic","Yes","Credit card (automatic)",1745.5,"Yes"
0,"No","Yes",50,"No","DSL","Yes","Bank transfer (automatic)",2230.85,"No"
0,"No","Yes",67,"Yes","Fiber optic","Yes","Electronic check",7281.6,"No"
0,"No","No",25,"No","DSL","Yes","Mailed check",1837.7,"Yes"
1,"Yes","No",2,"Yes","Fiber optic","Yes","Electronic check",149.55,"Yes"
0,"No","Yes",10,"No_phone_service","DSL","No","Mailed check",411.45,"No"
0,"No","No",9,"No","DSL","Yes","Bank transfer (automatic)",576.95,"Yes"
0,"No","No",2,"No","DSL","No","Mailed check",123.05,"Yes"
1,"No","Yes",1,"No","Fiber optic","No","Electronic check",78.65,"Yes"
0,"No","No",19,"No_phone_service","DSL","Yes","Bank transfer (automatic)",468.35,"Yes"
1,"No","No",1,"No","DSL","Yes","Electronic check",42.9,"Yes"
0,"Yes","No",1,"No","DSL","No","Electronic check",44,"Yes"
1,"No","No",3,"No_phone_service","DSL","No","Mailed check",139.35,"Yes"
1,"No","No",9,"No_phone_service","DSL","No","Mailed check",539.85,"Yes"
0,"No","No",5,"No","DSL","No","Credit card (automatic)",300.4,"Yes"
0,"No","Yes",56,"No","Fiber optic","No","Bank transfer (automatic)",4968,"No"
0,"No","Yes",18,"Yes","DSL","No","Mailed check",992.7,"Yes"
1,"Yes","No",49,"Yes","Fiber optic","Yes","Electronic check",4718.25,"Yes"
0,"No","No",70,"Yes","DSL","No","Mailed check",5536.5,"No"
0,"No","No",72,"Yes","Fiber optic","Yes","Credit card (automatic)",7806.6,"No"
1,"Yes","No",6,"No","Fiber optic","No","Electronic check",434.1,"Yes"
0,"Yes","No",17,"Yes","Fiber optic","Yes","Electronic check",1563.9,"Yes"
0,"No","No",29,"No_phone_service","DSL","Yes","Electronic check",1332.4,"Yes"
1,"No","No",6,"Yes","Fiber optic","Yes","Electronic check",545.2,"Yes"
0,"No","No",63,"Yes","Fiber optic","No","Electronic check",6296.75,"No"
1,"No","No",16,"Yes","Fiber optic","Yes","Bank transfer (automatic)",1284.2,"Yes"
0,"No","No",59,"No","DSL","Yes","Bank transfer (automatic)",3645.5,"No"
0,"No","No",3,"No","DSL","No","Electronic check",161.45,"Yes"
0,"No","No",8,"No_phone_service","DSL","Yes","Mailed check",226.95,"Yes"
1,"Yes","No",7,"Yes","Fiber optic","Yes","Electronic check",646.85,"Yes"
0,"No","Yes",68,"Yes","Fiber optic","No","Credit card (automatic)",7511.3,"No"
0,"Yes","No",52,"Yes","Fiber optic","Yes","Electronic check",5621.85,"No"
0,"No","Yes",72,"Yes","Fiber optic","Yes","Credit card (automatic)",7919.8,"No"
0,"No","Yes",1,"No","Fiber optic","Yes","Credit card (automatic)",69.95,"Yes"
0,"No","Yes",42,"No","DSL","No","Credit card (automatic)",2763.35,"No"
0,"No","No",45,"No","DSL","Yes","Bank transfer (automatic)",2298.55,"Yes"
0,"No","Yes",43,"No_phone_service","DSL","Yes","Credit card (automatic)",2640.55,"No"
0,"No","No",37,"Yes","DSL","No","Mailed check",2911.8,"No"
1,"Yes","No",20,"Yes","Fiber optic","Yes","Credit card (automatic)",1727.5,"Yes"
1,"No","No",4,"No_phone_service","DSL","Yes","Electronic check",86.6,"Yes"
0,"No","No",63,"No","Fiber optic","Yes","Credit card (automatic)",6705.7,"No"
0,"No","No",3,"No","Fiber optic","No","Mailed check",237.65,"Yes"
1,"No","No",28,"Yes","Fiber optic","Yes","Electronic check",2979.5,"Yes"
0,"Yes","No",8,"Yes","Fiber optic","No","Electronic check",695.75,"Yes"
1,"No","No",1,"No_phone_service","DSL","Yes","Electronic check",24.25,"Yes"
0,"Yes","No",16,"No","DSL","Yes","Bank transfer (automatic)",825.1,"Yes"
0,"No","No",66,"Yes","Fiber optic","No","Mailed check",6424.25,"No"
1,"No","No",11,"Yes","Fiber optic","Yes","Electronic check",837.95,"Yes"
0,"No","No",51,"Yes","DSL","Yes","Credit card (automatic)",4126.2,"No"
0,"No","Yes",8,"No_phone_service","DSL","Yes","Electronic check",330.8,"Yes"
0,"No","No",14,"No","Fiber optic","Yes","Electronic check",1337.45,"Yes"
1,"No","No",4,"Yes","Fiber optic","Yes","Electronic check",362.2,"Yes"
0,"No","No",70,"Yes","DSL","No","Mailed check",5991.05,"No"
0,"No","Yes",70,"Yes","DSL","No","Electronic check",4891.5,"No"
1,"Yes","No",54,"Yes","Fiber optic","Yes","Credit card (automatic)",5373.1,"No"
1,"No","Yes",28,"No","Fiber optic","Yes","Bank transfer (automatic)",2068.55,"Yes"
0,"No","No",69,"No","DSL","Yes","Credit card (automatic)",4131.2,"No"
0,"No","Yes",42,"No","DSL","No","Mailed check",2301.15,"Yes"
1,"Yes","No",2,"No","Fiber optic","Yes","Electronic check",131.65,"Yes"
0,"Yes","No",39,"Yes","Fiber optic","Yes","Electronic check",4036,"Yes"
0,"No","Yes",45,"Yes","Fiber optic","Yes","Bank transfer (automatic)",4900.65,"No"
0,"No","Yes",72,"Yes","DSL","Yes","Bank transfer (automatic)",5727.45,"No"
0,"No","No",72,"Yes","DSL","Yes","Bank transfer (automatic)",4804.65,"No"
0,"No","Yes",51,"No_phone_service","DSL","Yes","Electronic check",2898.95,"No"
0,"No","No",63,"No","DSL","Yes","Bank transfer (automatic)",5309.5,"No"
1,"No","No",1,"No","DSL","No","Electronic check",50.55,"Yes"
0,"No","No",2,"Yes","DSL","Yes","Mailed check",117.05,"Yes"
0,"Yes","No",52,"Yes","Fiber optic","No","Credit card (automatic)",5839.3,"Yes"
0,"No","No",36,"Yes","DSL","No","Mailed check",1893.5,"No"
0,"No","No",1,"No","DSL","No","Mailed check",45.35,"Yes"
0,"No","No",28,"Yes","DSL","No","Mailed check",1654.45,"No"
0,"No","Yes",7,"No","DSL","No","Electronic check",477.05,"No"
1,"No","No",14,"Yes","Fiber optic","Yes","Electronic check",1415.55,"Yes"
0,"Yes","No",72,"No_phone_service","DSL","Yes","Credit card (automatic)",4546,"No"
0,"No","No",7,"No_phone_service","DSL","No","Bank transfer (automatic)",189.95,"Yes"
1,"No","No",4,"No","Fiber optic","Yes","Bank transfer (automatic)",321.9,"Yes"
0,"No","Yes",72,"Yes","Fiber optic","Yes","Credit card (automatic)",8058.55,"No"
1,"No","No",20,"No_phone_service","DSL","Yes","Electronic check",482.8,"Yes"
0,"No","No",63,"No","Fiber optic","No","Credit card (automatic)",7049.75,"No"
0,"No","No",56,"No_phone_service","DSL","No","Bank transfer (automatic)",2560.1,"No"
0,"No","Yes",5,"No","DSL","Yes","Mailed check",286.8,"Yes"
0,"No","No",72,"Yes","Fiber optic","Yes","Bank transfer (automatic)",7982.5,"No"
0,"Yes","Yes",68,"Yes","Fiber optic","Yes","Electronic check",5683.6,"Yes"
0,"No","Yes",67,"No","DSL","No","Mailed check",3994.05,"No"
0,"No","Yes",8,"No","DSL","No","Bank transfer (automatic)",369.15,"Yes"
0,"No","Yes",52,"Yes","Fiber optic","Yes","Bank transfer (automatic)",4631.7,"Yes"
0,"No","No",7,"Yes","Fiber optic","Yes","Electronic check",701.3,"Yes"
0,"No","Yes",59,"No_phone_service","DSL","No","Mailed check",1980.3,"No"
0,"No","No",46,"No_phone_service","DSL","Yes","Bank transfer (automatic)",2893.4,"No"
0,"No","No",5,"No","DSL","Yes","Electronic check",262.3,"Yes"
0,"Yes","No",59,"No_phone_service","DSL","Yes","Credit card (automatic)",3886.85,"No"
0,"No","No",70,"Yes","DSL","Yes","Bank transfer (automatic)",5917.55,"No"
1,"No","No",14,"No","Fiber optic","Yes","Credit card (automatic)",914,"Yes"
0,"No","No",44,"Yes","DSL","Yes","Mailed check",2139.1,"Yes"
0,"No","No",64,"Yes","Fiber optic","Yes","Credit card (automatic)",5948.7,"No"
0,"No","Yes",58,"No_phone_service","DSL","No","Mailed check",3624.35,"No"
0,"Yes","No",46,"Yes","Fiber optic","No","Electronic check",4753.85,"No"
0,"Yes","No",58,"Yes","Fiber optic","Yes","Electronic check",5780.7,"Yes"
0,"No","No",72,"Yes","Fiber optic","Yes","Credit card (automatic)",6869.7,"No"
1,"Yes","No",30,"No_phone_service","DSL","Yes","Electronic check",1172.95,"Yes"
0,"Yes","No",11,"Yes","DSL","No","Bank transfer (automatic)",662.95,"Yes"
0,"Yes","No",34,"No_phone_service","DSL","Yes","Electronic check",1765.95,"Yes"
0,"No","No",54,"No_phone_service","DSL","No","Bank transfer (automatic)",2431.95,"No"
1,"No","No",3,"No_phone_service","DSL","Yes","Electronic check",155.35,"Yes"
1,"No","Yes",40,"Yes","Fiber optic","Yes","Electronic check",3303.05,"Yes"
1,"No","Yes",2,"No","DSL","No","Mailed check",134.35,"Yes"
0,"No","Yes",54,"Yes","DSL","No","Credit card (automatic)",3409.1,"No"
0,"No","No",14,"No","DSL","No","Bank transfer (automatic)",709.5,"Yes"
1,"No","No",1,"No","Fiber optic","No","Electronic check",70.5,"Yes"
1,"No","No",10,"Yes","Fiber optic","Yes","Electronic check",953.45,"Yes"
0,"No","No",1,"No","DSL","No","Electronic check",50.15,"Yes"
0,"No","No",56,"Yes","DSL","Yes","Bank transfer (automatic)",3665.55,"No"
0,"No","No",68,"No","DSL","Yes","Bank transfer (automatic)",5515.8,"No"
0,"No","Yes",68,"No","Fiber optic","Yes","Electronic check",6668,"No"
0,"Yes","No",55,"Yes","Fiber optic","Yes","Electronic check",4052.4,"Yes"
0,"No","No",16,"No_phone_service","DSL","Yes","Electronic check",664.4,"Yes"
0,"Yes","No",9,"No","Fiber optic","Yes","Electronic check",718.55,"Yes"
1,"No","Yes",14,"No","DSL","Yes","Electronic check",937.6,"Yes"
1,"Yes","No",58,"Yes","Fiber optic","Yes","Electronic check",5812.6,"Yes"
0,"No","No",53,"No_phone_service","DSL","Yes","Bank transfer (automatic)",2546.85,"Yes"
0,"No","No",70,"Yes","Fiber optic","Yes","Credit card (automatic)",6944.5,"No"
0,"Yes","Yes",14,"Yes","Fiber optic","Yes","Electronic check",1346.3,"Yes"
1,"No","Yes",22,"No","DSL","Yes","Bank transfer (automatic)",1544.05,"No"
0,"No","No",10,"Yes","Fiber optic","Yes","Credit card (automatic)",765.15,"Yes"
1,"No","No",1,"No","Fiber optic","Yes","Electronic check",69.6,"Yes"
1,"No","No",49,"Yes","DSL","No","Electronic check",4059.35,"No"
1,"Yes","No",68,"Yes","Fiber optic","Yes","Electronic check",6851.65,"Yes"
1,"No","No",1,"No","Fiber optic","No","Electronic check",78.05,"Yes"
0,"No","No",30,"No_phone_service","DSL","Yes","Credit card (automatic)",1187.05,"No"
0,"No","No",72,"Yes","DSL","No","Credit card (automatic)",5401.9,"No"
1,"No","No",7,"Yes","Fiber optic","No","Electronic check",520,"Yes"
1,"No","No",9,"Yes","Fiber optic","Yes","Electronic check",706.6,"Yes"
0,"No","Yes",1,"No","DSL","No","Mailed check",49.9,"Yes"
0,"No","No",20,"Yes","DSL","Yes","Credit card (automatic)",1370.35,"Yes"
0,"No","No",29,"Yes","Fiber optic","Yes","Credit card (automatic)",2215.25,"Yes"
0,"No","No",1,"No","Fiber optic","No","Electronic check",74,"Yes"
0,"No","No",3,"No","Fiber optic","Yes","Mailed check",214.4,"Yes"
0,"No","No",20,"No","Fiber optic","Yes","Bank transfer (automatic)",1871.15,"Yes"
0,"No","Yes",64,"No","Fiber optic","Yes","Credit card (automatic)",6171.2,"Yes"
0,"No","No",6,"No_phone_service","DSL","No","Bank transfer (automatic)",161.45,"Yes"
0,"No","No",6,"No","DSL","Yes","Bank transfer (automatic)",336.7,"Yes"
0,"No","Yes",7,"No","DSL","No","Electronic check",333.65,"Yes"
0,"No","Yes",72,"Yes","Fiber optic","Yes","Credit card (automatic)",6511.8,"No"
0,"No","No",8,"No","DSL","Yes","Bank transfer (automatic)",393.45,"Yes"
0,"No","Yes",67,"Yes","Fiber optic","No","Credit card (automatic)",7009.5,"No"
1,"Yes","No",24,"Yes","Fiber optic","Yes","Electronic check",2264.05,"Yes"
0,"No","No",72,"Yes","Fiber optic","Yes","Credit card (automatic)",6921.7,"No"
1,"No","No",2,"No_phone_service","DSL","Yes","Electronic check",56.35,"Yes"
0,"No","No",70,"No","DSL","No","Mailed check",4664.15,"No"
0,"No","No",22,"No","DSL","No","Bank transfer (automatic)",1441.8,"No"
0,"No","No",59,"Yes","Fiber optic","Yes","Bank transfer (automatic)",5623.7,"Yes"
0,"No","No",53,"Yes","DSL","No","Bank transfer (automatic)",4155.95,"No"
0,"No","No",63,"No","Fiber optic","No","Credit card (automatic)",6330.4,"No"
0,"No","No",40,"No","Fiber optic","No","Credit card (automatic)",2971.7,"Yes"
0,"No","Yes",26,"No","Fiber optic","No","Bank transfer (automatic)",2034.25,"No"
1,"Yes","No",27,"Yes","Fiber optic","Yes","Electronic check",2510.2,"Yes"
0,"No","Yes",53,"No","DSL","No","Credit card (automatic)",3419.5,"No"
0,"Yes","No",34,"No","Fiber optic","No","Credit card (automatic)",2427.35,"Yes"
0,"Yes","No",19,"Yes","Fiber optic","Yes","Electronic check",1760.25,"Yes"
0,"No","No",43,"No","Fiber optic","Yes","Credit card (automatic)",3551.65,"Yes"
1,"No","No",57,"No_phone_service","DSL","Yes","Electronic check",2111.45,"Yes"
0,"No","Yes",34,"No","Fiber optic","Yes","Mailed check",2909.95,"Yes"
0,"No","No",10,"No_phone_service","DSL","No","Electronic check",374,"Yes"
1,"No","No",13,"No_phone_service","DSL","Yes","Electronic check",300.8,"Yes"
0,"No","No",56,"Yes","Fiber optic","No","Electronic check",5581.05,"Yes"
0,"No","No",55,"Yes","Fiber optic","Yes","Credit card (automatic)",5676.65,"Yes"
0,"No","Yes",36,"Yes","DSL","Yes","Credit card (automatic)",3379.25,"No"
1,"No","No",1,"No","Fiber optic","Yes","Electronic check",85.45,"Yes"
0,"Yes","No",24,"Yes","Fiber optic","Yes","Electronic check",2088.45,"Yes"
1,"No","No",63,"Yes","Fiber optic","No","Bank transfer (automatic)",6137,"No"
0,"Yes","No",35,"No_phone_service","DSL","Yes","Electronic check",1434.6,"Yes"
0,"No","No",67,"No","DSL","No","Credit card (automatic)",3870,"No"
1,"No","No",25,"Yes","Fiber optic","Yes","Electronic check",2043.45,"Yes"
0,"No","No",21,"Yes","Fiber optic","No","Mailed check",2215,"Yes"
0,"No","No",13,"No","DSL","No","Bank transfer (automatic)",842.25,"Yes"
1,"No","No",35,"Yes","Fiber optic","Yes","Electronic check",2576.2,"Yes"
1,"No","No",71,"No_phone_service","DSL","No","Electronic check",3515.25,"No"
0,"Yes","No",7,"No","Fiber optic","Yes","Electronic check",605.45,"Yes"
0,"Yes","No",57,"No_phone_service","DSL","Yes","Electronic check",3094.05,"Yes"
0,"No","No",65,"Yes","DSL","No","Bank transfer (automatic)",4929.55,"No"
1,"No","No",6,"Yes","Fiber optic","Yes","Electronic check",469.8,"Yes"
0,"Yes","No",72,"Yes","Fiber optic","Yes","Credit card (automatic)",8436.25,"No"
0,"No","No",11,"No","DSL","No","Credit card (automatic)",492,"Yes"
0,"Yes","No",59,"Yes","Fiber optic","Yes","Electronic check",5496.9,"Yes"
0,"No","No",26,"No","DSL","No","Bank transfer (automatic)",1908.35,"No"
0,"Yes","No",2,"No","DSL","No","Mailed check",107.1,"Yes"
0,"No","Yes",72,"No_phone_service","DSL","No","Bank transfer (automatic)",4575.35,"No"
0,"No","No",65,"Yes","DSL","No","Credit card (automatic)",4309.55,"No"
0,"No","Yes",72,"Yes","Fiber optic","No","Credit card (automatic)",7922.75,"No"
0,"No","No",6,"Yes","Fiber optic","Yes","Bank transfer (automatic)",522.35,"Yes"
0,"No","No",50,"Yes","DSL","No","Bank transfer (automatic)",3876.2,"No"
0,"No","No",61,"No_phone_service","DSL","Yes","Mailed check",3778.85,"No"
1,"No","No",15,"No","Fiber optic","Yes","Electronic check",1457.25,"Yes"
0,"No","No",72,"Yes","Fiber optic","No","Bank transfer (automatic)",8349.45,"No"
0,"No","No",12,"Yes","Fiber optic","Yes","Electronic check",1066.9,"Yes"
1,"No","No",37,"No_phone_service","DSL","No","Credit card (automatic)",973.55,"Yes"
0,"No","Yes",21,"No","DSL","No","Mailed check",985.05,"Yes"
0,"No","Yes",68,"No_phone_service","DSL","Yes","Mailed check",3948.45,"No"
0,"Yes","No",12,"Yes","Fiber optic","Yes","Credit card (automatic)",828.05,"Yes"
1,"Yes","No",2,"No_phone_service","DSL","No","Electronic check",41.85,"Yes"
0,"No","No",62,"Yes","Fiber optic","Yes","Electronic check",6164.7,"Yes"
1,"Yes","No",29,"Yes","Fiber optic","No","Electronic check",2862.75,"Yes"
0,"No","Yes",1,"No_phone_service","DSL","No","Mailed check",33.6,"Yes"
1,"Yes","No",5,"Yes","Fiber optic","Yes","Bank transfer (automatic)",343.95,"Yes"
0,"No","Yes",62,"Yes","Fiber optic","Yes","Electronic check",6590.5,"No"
1,"Yes","No",28,"Yes","Fiber optic","Yes","Electronic check",2890.65,"Yes"
0,"No","Yes",69,"Yes","DSL","No","Credit card (automatic)",4885.85,"No"
1,"No","No",11,"Yes","Fiber optic","Yes","Credit card (automatic)",1222.05,"Yes"
0,"No","No",63,"Yes","Fiber optic","Yes","Electronic check",6871.7,"Yes"
0,"Yes","No",45,"Yes","DSL","Yes","Electronic check",3062.45,"Yes"
0,"No","Yes",22,"Yes","Fiber optic","Yes","Electronic check",1816.75,"Yes"
1,"No","No",55,"Yes","Fiber optic","Yes","Electronic check",5743.05,"No"
0,"No","No",65,"No_phone_service","DSL","No","Credit card (automatic)",3921.1,"No"
0,"Yes","No",5,"No","Fiber optic","Yes","Electronic check",408.5,"Yes"
0,"No","Yes",24,"Yes","DSL","No","Credit card (automatic)",1846.65,"No"
0,"No","Yes",72,"Yes","Fiber optic","Yes","Credit card (automatic)",8456.75,"No"
0,"No","No",21,"No_phone_service","DSL","Yes","Mailed check",1011.5,"Yes"
0,"No","No",69,"No_phone_service","DSL","Yes","Credit card (automatic)",4263.4,"No"
0,"No","Yes",44,"No","DSL","Yes","Bank transfer (automatic)",2549.1,"Yes"
0,"Yes","Yes",61,"Yes","DSL","Yes","Electronic check",3965.05,"No"
1,"Yes","No",24,"Yes","Fiber optic","Yes","Credit card (automatic)",2496.7,"Yes"
1,"No","No",1,"No","Fiber optic","No","Electronic check",90.6,"Yes"
1,"No","No",6,"No","DSL","Yes","Bank transfer (automatic)",288.05,"Yes"
1,"No","No",4,"Yes","Fiber optic","Yes","Electronic check",368.1,"Yes"
0,"No","No",72,"Yes","Fiber optic","Yes","Electronic check",7840.6,"No"
0,"No","No",72,"Yes","DSL","No","Bank transfer (automatic)",6632.75,"No"
0,"Yes","No",14,"Yes","Fiber optic","Yes","Electronic check",1013.35,"Yes"
0,"No","No",48,"No","Fiber optic","No","Electronic check",3772.65,"No"
0,"No","No",45,"No","Fiber optic","No","Credit card (automatic)",5031.85,"No"
0,"No","No",3,"No","Fiber optic","Yes","Mailed check",220.4,"Yes"
1,"No","No",3,"Yes","Fiber optic","Yes","Electronic check",256.6,"Yes"
0,"No","Yes",69,"No","DSL","No","Bank transfer (automatic)",5542.55,"No"
1,"No","Yes",1,"No","Fiber optic","Yes","Electronic check",68.5,"Yes"
0,"Yes","No",72,"Yes","Fiber optic","Yes","Credit card (automatic)",8443.7,"No"
1,"No","No",11,"No","Fiber optic","Yes","Electronic check",791.75,"Yes"
0,"No","No",71,"Yes","DSL","No","Bank transfer (automatic)",5708.2,"No"
1,"No","No",1,"No","Fiber optic","Yes","Mailed check",69.95,"Yes"
0,"No","No",33,"No_phone_service","DSL","No","Bank transfer (automatic)",2016.3,"No"
0,"Yes","No",56,"Yes","Fiber optic","No","Electronic check",5471.75,"No"
1,"No","No",5,"No","DSL","Yes","Electronic check",346.4,"Yes"
0,"No","Yes",56,"No_phone_service","DSL","Yes","Credit card (automatic)",1971.5,"No"
1,"No","No",8,"Yes","Fiber optic","Yes","Electronic check",773.65,"Yes"
1,"No","Yes",22,"No","DSL","No","Mailed check",1422.05,"Yes"
0,"No","Yes",40,"No","DSL","Yes","Credit card (automatic)",2460.35,"Yes"
0,"No","Yes",68,"Yes","Fiber optic","Yes","Electronic check",7467.5,"No"
0,"No","Yes",69,"No","Fiber optic","Yes","Credit card (automatic)",7261.75,"No"
0,"No","No",56,"Yes","Fiber optic","No","Electronic check",5116.6,"Yes"
0,"No","Yes",10,"No","DSL","Yes","Mailed check",660.05,"No"
0,"No","No",63,"Yes","Fiber optic","No","Credit card (automatic)",6590.8,"No"
0,"No","Yes",24,"No_phone_service","DSL","Yes","Mailed check",1208.15,"No"
0,"No","No",19,"Yes","DSL","Yes","Mailed check",1033.9,"Yes"
0,"No","Yes",22,"Yes","Fiber optic","Yes","Electronic check",1885.15,"Yes"
1,"No","No",29,"Yes","Fiber optic","Yes","Electronic check",2467.1,"Yes"
1,"No","No",13,"Yes","DSL","Yes","Mailed check",989.45,"No"
0,"No","No",49,"No","Fiber optic","No","Electronic check",5025,"Yes"
1,"Yes","No",43,"Yes","Fiber optic","Yes","Mailed check",4830.25,"No"
0,"No","Yes",42,"No","DSL","No","Electronic check",3088.25,"No"
0,"No","No",57,"No","DSL","Yes","Mailed check",3134.7,"No"
1,"Yes","No",2,"No","DSL","No","Bank transfer (automatic)",94.55,"Yes"
0,"No","No",72,"Yes","Fiber optic","Yes","Credit card (automatic)",8312.4,"No"
0,"Yes","No",46,"Yes","Fiber optic","Yes","Electronic check",4863.85,"Yes"
1,"Yes","No",66,"Yes","Fiber optic","Yes","Credit card (automatic)",6871.9,"Yes"
1,"No","No",62,"Yes","Fiber optic","No","Electronic check",6529.25,"No"
0,"No","No",72,"Yes","DSL","Yes","Bank transfer (automatic)",6637.9,"No"
0,"No","Yes",35,"No","Fiber optic","Yes","Electronic check",3165.6,"No"
1,"No","No",17,"Yes","Fiber optic","No","Credit card (automatic)",1454.15,"Yes"
0,"No","No",72,"Yes","DSL","Yes","Electronic check",6786.1,"No"
1,"No","No",31,"Yes","Fiber optic","Yes","Credit card (automatic)",2404.15,"Yes"
1,"No","No",2,"No","DSL","Yes","Mailed check",114.7,"Yes"
0,"No","No",48,"No","Fiber optic","Yes","Electronic check",4692.95,"No"
0,"No","No",50,"No_phone_service","DSL","Yes","Mailed check",1782.4,"Yes"
0,"No","Yes",52,"Yes","Fiber optic","No","Bank transfer (automatic)",5301.1,"No"
0,"Yes","No",4,"No","Fiber optic","Yes","Electronic check",280.35,"Yes"
0,"Yes","No",32,"No","Fiber optic","No","Electronic check",2897.95,"Yes"
0,"No","Yes",45,"Yes","DSL","No","Credit card (automatic)",3371,"No"
0,"No","No",9,"Yes","Fiber optic","Yes","Electronic check",801.3,"Yes"
1,"Yes","No",66,"Yes","Fiber optic","Yes","Credit card (automatic)",6975.25,"No"
1,"No","Yes",3,"Yes","Fiber optic","No","Electronic check",257.05,"Yes"
1,"No","Yes",1,"No_phone_service","DSL","No","Electronic check",40.1,"Yes"
0,"No","Yes",64,"Yes","Fiber optic","No","Bank transfer (automatic)",6997.3,"No"
1,"Yes","No",31,"Yes","Fiber optic","Yes","Electronic check",2217.15,"Yes"
1,"No","No",14,"No","Fiber optic","Yes","Mailed check",1129.1,"Yes"
0,"No","No",12,"No","Fiber optic","Yes","Credit card (automatic)",979.05,"No"
0,"Yes","No",67,"No","DSL","Yes","Bank transfer (automatic)",4119.4,"No"
1,"No","Yes",35,"Yes","DSL","No","Electronic check",2568.55,"Yes"
0,"No","No",45,"Yes","DSL","No","Mailed check",3349.1,"No"
0,"No","No",10,"No","DSL","No","Mailed check",492.1,"Yes"
0,"Yes","No",29,"Yes","DSL","Yes","Bank transfer (automatic)",1718.95,"Yes"
0,"No","No",51,"No","Fiber optic","No","Mailed check",4267.15,"No"
0,"No","Yes",40,"Yes","Fiber optic","Yes","Credit card (automatic)",4469.1,"Yes"
1,"Yes","No",37,"Yes","Fiber optic","Yes","Electronic check",3580.3,"Yes"
0,"No","No",25,"No","Fiber optic","No","Electronic check",1729.35,"Yes"
0,"No","No",22,"No_phone_service","DSL","Yes","Electronic check",1073.3,"Yes"
0,"No","No",72,"No_phone_service","DSL","Yes","Bank transfer (automatic)",4566.5,"No"
1,"No","No",7,"No_phone_service","DSL","Yes","Credit card (automatic)",293.3,"Yes"
0,"No","Yes",33,"No","DSL","No","Credit card (automatic)",2603.1,"No"
0,"No","No",23,"No","Fiber optic","Yes","Mailed check",1783.75,"Yes"
1,"Yes","No",24,"Yes","Fiber optic","Yes","Electronic check",2440.15,"Yes"
1,"No","No",1,"No","Fiber optic","No","Electronic check",79.55,"Yes"
0,"No","No",69,"Yes","DSL","No","Mailed check",6322.1,"No"
0,"No","No",56,"No","DSL","Yes","Bank transfer (automatic)",4284.65,"No"
0,"No","No",65,"Yes","Fiber optic","Yes","Credit card (automatic)",7138.65,"No"
0,"Yes","No",14,"Yes","Fiber optic","Yes","Bank transfer (automatic)",1058.1,"Yes"
0,"No","No",2,"No","Fiber optic","Yes","Electronic check",123.8,"Yes"
1,"No","No",32,"Yes","Fiber optic","No","Electronic check",2781.85,"No"
0,"No","No",40,"No","DSL","No","Electronic check",2731,"Yes"
1,"No","No",1,"No","Fiber optic","Yes","Electronic check",89.1,"Yes"
0,"No","No",7,"No","Fiber optic","Yes","Mailed check",497.3,"Yes"
0,"No","No",15,"Yes","DSL","Yes","Electronic check",711.15,"Yes"
1,"No","Yes",17,"Yes","Fiber optic","No","Electronic check",1607.2,"Yes"
1,"No","No",19,"No","Fiber optic","Yes","Electronic check",1490.95,"Yes"
0,"No","Yes",54,"Yes","DSL","No","Bank transfer (automatic)",3273.95,"No"
0,"No","No",31,"Yes","Fiber optic","Yes","Credit card (automatic)",2929.75,"Yes"
0,"No","No",11,"No","Fiber optic","No","Electronic check",838.7,"Yes"
0,"Yes","No",18,"No","Fiber optic","Yes","Electronic check",1443.65,"Yes"
0,"Yes","No",72,"Yes","Fiber optic","Yes","Bank transfer (automatic)",7746.7,"No"
0,"Yes","No",71,"Yes","Fiber optic","Yes","Credit card (automatic)",6951.15,"Yes"
0,"Yes","No",5,"No_phone_service","DSL","No","Credit card (automatic)",214.75,"Yes"
0,"No","No",38,"Yes","DSL","No","Credit card (automatic)",2669.45,"No"
0,"No","Yes",5,"No","DSL","Yes","Bank transfer (automatic)",235.2,"Yes"
1,"Yes","No",2,"No","DSL","Yes","Electronic check",92.65,"Yes"
0,"Yes","No",52,"Yes","DSL","No","Bank transfer (automatic)",3103.25,"No"
1,"Yes","No",8,"Yes","Fiber optic","Yes","Electronic check",606.25,"Yes"
0,"No","No",68,"Yes","DSL","Yes","Electronic check",5330.2,"No"
0,"No","No",42,"Yes","DSL","Yes","Credit card (automatic)",2727.8,"Yes"
0,"No","No",50,"No","Fiber optic","Yes","Mailed check",5038.45,"No"
1,"Yes","No",1,"Yes","Fiber optic","Yes","Electronic check",80.3,"Yes"
0,"No","No",33,"No","DSL","Yes","Credit card (automatic)",1462.6,"Yes"
0,"No","Yes",64,"Yes","Fiber optic","Yes","Electronic check",5960.5,"Yes"
1,"No","No",1,"No","Fiber optic","Yes","Electronic check",74.9,"Yes"
0,"No","No",6,"Yes","DSL","No","Electronic check",314.55,"Yes"
0,"No","Yes",13,"No","DSL","Yes","Electronic check",877.35,"No"
0,"No","No",23,"Yes","Fiber optic","Yes","Credit card (automatic)",2249.1,"Yes"
0,"Yes","No",31,"Yes","Fiber optic","No","Electronic check",2807.65,"Yes"
0,"No","No",29,"No","DSL","Yes","Electronic check",1696.2,"No"
0,"No","No",56,"Yes","Fiber optic","Yes","Bank transfer (automatic)",4902.8,"Yes"
0,"No","No",63,"Yes","DSL","Yes","Credit card (automatic)",4995.35,"No"
0,"No","No",63,"Yes","DSL","No","Credit card (automatic)",5034.05,"No"
0,"Yes","Yes",24,"Yes","Fiber optic","Yes","Electronic check",1857.75,"Yes"
0,"Yes","No",36,"No","DSL","No","Credit card (automatic)",1992.85,"No"
1,"Yes","No",9,"No","Fiber optic","Yes","Electronic check",751.65,"Yes"
1,"No","No",3,"No_phone_service","DSL","No","Electronic check",66.95,"Yes"
0,"No","No",21,"No","DSL","No","Mailed check",1714.95,"No"
0,"No","No",66,"Yes","Fiber optic","Yes","Bank transfer (automatic)",7383.7,"No"
0,"No","No",45,"No","Fiber optic","Yes","Electronic check",4483.95,"No"
0,"No","No",22,"No","Fiber optic","Yes","Credit card (automatic)",1706.45,"Yes"
0,"No","No",68,"Yes","Fiber optic","Yes","Bank transfer (automatic)",5974.3,"No"
1,"Yes","No",49,"Yes","Fiber optic","Yes","Credit card (automatic)",4515.85,"Yes"
0,"Yes","No",4,"Yes","DSL","No","Mailed check",179.85,"Yes"
0,"No","No",63,"Yes","DSL","No","Credit card (automatic)",5040.2,"No"
1,"No","No",2,"No","Fiber optic","No","Bank transfer (automatic)",165,"Yes"
1,"No","Yes",55,"No","DSL","No","Bank transfer (automatic)",3046.4,"No"
0,"No","No",30,"Yes","Fiber optic","Yes","Bank transfer (automatic)",2936.25,"Yes"
0,"No","Yes",22,"No","DSL","Yes","Mailed check",1271.8,"Yes"
0,"No","No",9,"No","DSL","Yes","Bank transfer (automatic)",530.05,"Yes"
1,"No","No",21,"Yes","Fiber optic","Yes","Electronic check",1808.7,"Yes"
0,"No","No",19,"Yes","DSL","No","Electronic check",1144.6,"Yes"
1,"No","Yes",69,"Yes","Fiber optic","Yes","Electronic check",7446.9,"Yes"
1,"Yes","No",1,"No_phone_service","DSL","Yes","Electronic check",25.1,"Yes"
0,"No","No",72,"Yes","Fiber optic","Yes","Bank transfer (automatic)",7556.9,"No"
0,"No","Yes",70,"Yes","DSL","No","Credit card (automatic)",4858.7,"No"
0,"No","No",66,"Yes","Fiber optic","Yes","Bank transfer (automatic)",6595,"Yes"
0,"No","Yes",7,"No_phone_service","DSL","Yes","Electronic check",149.05,"Yes"
0,"Yes","Yes",46,"Yes","Fiber optic","Yes","Electronic check",4972.1,"Yes"
1,"No","No",39,"No_phone_service","DSL","Yes","Credit card (automatic)",1880.85,"Yes"
0,"No","Yes",32,"Yes","DSL","No","Bank transfer (automatic)",2045.55,"Yes"
0,"No","No",24,"No","Fiber optic","Yes","Electronic check",2187.15,"Yes"
1,"No","Yes",6,"No","Fiber optic","Yes","Credit card (automatic)",477.55,"Yes"
0,"No","No",37,"Yes","DSL","Yes","Credit card (automatic)",2976.95,"Yes"
0,"No","Yes",72,"Yes","DSL","Yes","Bank transfer (automatic)",5025.85,"No"
0,"Yes","No",71,"No_phone_service","DSL","No","Credit card (automatic)",3353.4,"No"
0,"No","No",16,"No","Fiber optic","Yes","Bank transfer (automatic)",1461.15,"Yes"
0,"No","No",57,"No_phone_service","DSL","Yes","Bank transfer (automatic)",2782.4,"Yes"
1,"Yes","No",17,"No","Fiber optic","Yes","Electronic check",1496.9,"Yes"
0,"No","No",66,"Yes","DSL","Yes","Credit card (automatic)",4428.45,"No"
0,"No","No",17,"Yes","DSL","Yes","Bank transfer (automatic)",1322.55,"Yes"
1,"No","Yes",1,"No","Fiber optic","Yes","Mailed check",70.45,"Yes"
1,"No","No",58,"No","DSL","No","Credit card (automatic)",3563.8,"No"
0,"No","No",27,"No","DSL","No","Credit card (automatic)",1927.3,"No"
0,"No","No",34,"Yes","Fiber optic","No","Mailed check",3000.25,"Yes"
0,"No","No",30,"No","Fiber optic","Yes","Bank transfer (automatic)",3021.3,"No"
0,"No","No",33,"No","DSL","Yes","Credit card (automatic)",2245.4,"Yes"
1,"No","Yes",1,"No_phone_service","DSL","No","Electronic check",24.75,"Yes"
0,"No","Yes",14,"Yes","DSL","No","Mailed check",944.65,"Yes"
0,"No","Yes",16,"Yes","Fiber optic","Yes","Credit card (automatic)",1264.2,"No"
0,"No","No",49,"No","Fiber optic","No","Credit card (automatic)",4917.75,"No"
1,"No","Yes",19,"Yes","Fiber optic","No","Electronic check",2012.7,"Yes"
0,"No","Yes",70,"Yes","DSL","No","Bank transfer (automatic)",5743.3,"No"
0,"No","Yes",32,"No","DSL","No","Bank transfer (automatic)",1864.65,"Yes"
0,"No","No",18,"No","Fiber optic","Yes","Electronic check",1221.65,"Yes"
0,"No","No",37,"No_phone_service","DSL","Yes","Mailed check",1390.85,"No"
0,"No","No",4,"Yes","Fiber optic","Yes","Electronic check",302.35,"Yes"
0,"No","No",16,"Yes","Fiber optic","No","Electronic check",1374.9,"Yes"
0,"No","No",17,"Yes","Fiber optic","Yes","Bank transfer (automatic)",1336.9,"Yes"
0,"No","Yes",19,"No","DSL","Yes","Electronic check",1297.8,"Yes"
0,"No","No",60,"Yes","Fiber optic","No","Credit card (automatic)",6067.4,"No"
0,"No","No",43,"No","DSL","Yes","Electronic check",2548.55,"No"
1,"No","No",3,"No","Fiber optic","Yes","Electronic check",242.05,"Yes"
0,"No","No",1,"No","DSL","No","Mailed check",44.75,"Yes"
0,"No","No",63,"Yes","Fiber optic","No","Credit card (automatic)",6218.45,"No"
1,"Yes","No",3,"No","Fiber optic","Yes","Electronic check",260.9,"Yes"
0,"No","No",68,"Yes","Fiber optic","Yes","Electronic check",7320.9,"Yes"
1,"Yes","No",30,"Yes","Fiber optic","Yes","Electronic check",2967.35,"Yes"
0,"No","No",60,"Yes","Fiber optic","No","Electronic check",6333.8,"No"
1,"No","No",15,"Yes","DSL","Yes","Credit card (automatic)",939.7,"Yes"
0,"Yes","No",45,"Yes","Fiber optic","Yes","Bank transfer (automatic)",4200.25,"Yes"
0,"No","No",70,"No","DSL","No","Credit card (automatic)",5950.2,"No"
1,"No","No",10,"Yes","Fiber optic","Yes","Electronic check",1037.75,"Yes"
1,"No","No",1,"No","DSL","Yes","Mailed check",50.45,"Yes"
0,"No","Yes",22,"No","Fiber optic","No","Bank transfer (automatic)",1573.95,"Yes"
1,"No","Yes",38,"Yes","Fiber optic","Yes","Electronic check",3624.3,"Yes"
1,"No","No",1,"Yes","Fiber optic","Yes","Credit card (automatic)",100.25,"Yes"
0,"No","No",18,"No","Fiber optic","No","Electronic check",1468.75,"Yes"
0,"No","No",29,"No","Fiber optic","Yes","Electronic check",2607.6,"Yes"
1,"No","No",16,"Yes","Fiber optic","Yes","Electronic check",1422.1,"Yes"
1,"No","No",1,"No","Fiber optic","Yes","Electronic check",69.85,"Yes"
1,"No","No",12,"No","Fiber optic","No","Bank transfer (automatic)",858.6,"Yes"
0,"No","No",31,"No_phone_service","DSL","Yes","Electronic check",1523.4,"No"
1,"No","No",4,"No","Fiber optic","Yes","Electronic check",324.3,"Yes"
0,"No","No",48,"Yes","DSL","Yes","Mailed check",3435.6,"No"
0,"No","No",50,"No","Fiber optic","Yes","Credit card (automatic)",4549.45,"No"
0,"No","No",7,"No","DSL","Yes","Bank transfer (automatic)",322.5,"Yes"
1,"Yes","No",41,"Yes","Fiber optic","Yes","Bank transfer (automatic)",3273.55,"Yes"
0,"No","Yes",68,"No","Fiber optic","No","Credit card (automatic)",5375.15,"No"
0,"Yes","No",26,"Yes","Fiber optic","Yes","Bank transfer (automatic)",2510.7,"Yes"
0,"No","No",57,"No_phone_service","DSL","No","Credit card (automatic)",3090.05,"No"
0,"No","Yes",19,"No","DSL","Yes","Bank transfer (automatic)",955.6,"No"
0,"No","No",3,"No","DSL","Yes","Electronic check",140.4,"Yes"
1,"No","No",1,"No","Fiber optic","Yes","Mailed check",69.4,"Yes"
0,"No","No",42,"No_phone_service","DSL","Yes","Bank transfer (automatic)",1626.05,"Yes"
1,"No","No",7,"Yes","Fiber optic","Yes","Electronic check",541.15,"Yes"
0,"No","No",1,"No","Fiber optic","Yes","Electronic check",70.35,"Yes"
0,"No","No",66,"Yes","DSL","No","Bank transfer (automatic)",6075.9,"No"
0,"No","No",61,"Yes","Fiber optic","No","Mailed check",5500.6,"Yes"
1,"Yes","No",42,"No","Fiber optic","Yes","Credit card (automatic)",3229.4,"Yes"
0,"No","Yes",64,"Yes","DSL","Yes","Bank transfer (automatic)",3399.85,"No"
0,"Yes","No",54,"Yes","Fiber optic","Yes","Bank transfer (automatic)",6431.05,"No"
0,"No","No",3,"No","Fiber optic","No","Electronic check",235.05,"Yes"
1,"No","No",1,"No","Fiber optic","Yes","Electronic check",70.1,"Yes"
0,"No","Yes",72,"Yes","DSL","No","Credit card (automatic)",6595.9,"No"
0,"Yes","No",60,"No","Fiber optic","Yes","Electronic check",5867,"No"
1,"No","Yes",12,"Yes","Fiber optic","Yes","Electronic check",909.25,"Yes"
0,"No","Yes",61,"No","Fiber optic","No","Credit card (automatic)",6449.15,"No"
1,"No","No",55,"Yes","Fiber optic","Yes","Electronic check",5283.95,"Yes"
1,"No","No",17,"Yes","Fiber optic","Yes","Electronic check",1617.5,"Yes"
0,"Yes","No",72,"Yes","DSL","No","Credit card (automatic)",5396.25,"No"
0,"No","No",8,"No","DSL","No","Bank transfer (automatic)",574.5,"Yes"
1,"No","No",1,"No","Fiber optic","No","Electronic check",84.3,"Yes"
0,"No","No",38,"Yes","DSL","No","Credit card (automatic)",2656.3,"Yes"
0,"No","Yes",17,"No","DSL","No","Electronic check",1445.95,"No"
0,"Yes","No",70,"Yes","DSL","Yes","Bank transfer (automatic)",5212.65,"No"
1,"Yes","Yes",72,"Yes","DSL","No","Credit card (automatic)",6440.25,"No"
0,"No","No",28,"No","Fiber optic","Yes","Electronic check",2244.95,"Yes"
0,"No","No",15,"No","Fiber optic","Yes","Bank transfer (automatic)",1130,"Yes"
0,"No","Yes",72,"Yes","DSL","Yes","Bank transfer (automatic)",6463.15,"No"
1,"Yes","No",11,"Yes","Fiber optic","Yes","Electronic check",1131.2,"Yes"
1,"Yes","No",8,"Yes","Fiber optic","Yes","Electronic check",585.95,"Yes"
0,"No","No",57,"Yes","Fiber optic","Yes","Bank transfer (automatic)",6252.7,"No"
0,"No","No",46,"No_phone_service","DSL","No","Electronic check",2062.15,"Yes"
0,"Yes","No",10,"No","Fiber optic","No","Electronic check",720.45,"Yes"
1,"No","No",23,"Yes","Fiber optic","Yes","Electronic check",2186.4,"Yes"
0,"No","No",32,"No","Fiber optic","Yes","Credit card (automatic)",2979.3,"Yes"
0,"No","No",13,"No","Fiber optic","Yes","Credit card (automatic)",956.65,"Yes"
1,"No","No",39,"No","Fiber optic","Yes","Electronic check",3201.55,"No"
0,"No","No",44,"No","Fiber optic","Yes","Credit card (automatic)",3973.2,"Yes"
0,"Yes","No",9,"No","DSL","No","Mailed check",447.9,"Yes"
1,"No","Yes",9,"Yes","Fiber optic","Yes","Bank transfer (automatic)",661.25,"Yes"
1,"No","No",15,"Yes","Fiber optic","Yes","Electronic check",1111.85,"Yes"
0,"No","No",71,"Yes","Fiber optic","Yes","Bank transfer (automatic)",7555,"No"
0,"No","No",1,"No","DSL","No","Credit card (automatic)",49,"Yes"
1,"No","Yes",30,"Yes","Fiber optic","Yes","Electronic check",3046.15,"Yes"
1,"No","No",1,"No","Fiber optic","Yes","Electronic check",69.35,"Yes"
0,"No","No",17,"No_phone_service","DSL","Yes","Mailed check",836.35,"Yes"
1,"No","No",3,"No","Fiber optic","No","Electronic check",272.2,"Yes"
1,"No","Yes",67,"Yes","DSL","Yes","Electronic check",5293.4,"No"
1,"Yes","No",1,"Yes","DSL","No","Mailed check",50.55,"Yes"
0,"Yes","No",32,"Yes","Fiber optic","No","Mailed check",2570,"Yes"
1,"No","No",1,"No","Fiber optic","Yes","Electronic check",80.55,"Yes"
0,"No","No",1,"No","DSL","No","Bank transfer (automatic)",44.15,"Yes"
1,"No","Yes",12,"Yes","Fiber optic","Yes","Electronic check",916.9,"Yes"
0,"No","Yes",62,"Yes","Fiber optic","Yes","Electronic check",6487.2,"Yes"
1,"No","No",22,"No","Fiber optic","Yes","Mailed check",1855.65,"Yes"
0,"No","Yes",17,"Yes","Fiber optic","Yes","Credit card (automatic)",1556.85,"Yes"
0,"No","Yes",56,"Yes","Fiber optic","Yes","Credit card (automatic)",5432.2,"Yes"
0,"No","No",72,"Yes","Fiber optic","Yes","Bank transfer (automatic)",8424.9,"No"
0,"No","No",20,"No","Fiber optic","Yes","Bank transfer (automatic)",2203.7,"Yes"
1,"No","No",2,"No","Fiber optic","Yes","Electronic check",116.65,"Yes"
0,"No","No",53,"No_phone_service","DSL","No","Credit card (automatic)",3045.75,"No"
1,"Yes","No",27,"Yes","Fiber optic","Yes","Electronic check",2287.25,"Yes"
0,"No","Yes",9,"Yes","Fiber optic","Yes","Electronic check",767.9,"No"
0,"No","Yes",8,"Yes","DSL","No","Electronic check",446.8,"Yes"
0,"No","Yes",71,"Yes","Fiber optic","No","Bank transfer (automatic)",8100.25,"No"
1,"No","No",10,"Yes","Fiber optic","Yes","Bank transfer (automatic)",830.7,"Yes"
0,"No","No",71,"No_phone_service","DSL","No","Bank transfer (automatic)",4689.15,"No"
0,"No","No",68,"No","Fiber optic","Yes","Electronic check",6754.35,"No"
0,"No","No",34,"Yes","Fiber optic","Yes","Electronic check",3540.65,"Yes"
0,"No","No",26,"No","Fiber optic","Yes","Electronic check",2184.6,"No"
1,"No","No",22,"No","DSL","Yes","Credit card (automatic)",1054.6,"Yes"
0,"No","No",20,"No","Fiber optic","Yes","Bank transfer (automatic)",1540.35,"Yes"
0,"No","No",60,"Yes","Fiber optic","Yes","Electronic check",6411.25,"Yes"
0,"Yes","No",72,"Yes","Fiber optic","Yes","Credit card (automatic)",7629.85,"No"
0,"Yes","No",62,"Yes","Fiber optic","Yes","Electronic check",6312.9,"No"
0,"No","No",10,"No","DSL","Yes","Mailed check",629.55,"Yes"
0,"No","No",31,"Yes","Fiber optic","Yes","Electronic check",2640.55,"Yes"
0,"No","Yes",70,"Yes","DSL","Yes","Credit card (automatic)",6237.05,"No"
0,"No","No",71,"Yes","DSL","No","Electronic check",6310.9,"No"
0,"Yes","No",69,"Yes","DSL","No","Credit card (automatic)",5031,"No"
1,"Yes","No",1,"Yes","Fiber optic","Yes","Electronic check",85.05,"Yes"
0,"No","Yes",72,"Yes","Fiber optic","Yes","Bank transfer (automatic)",8672.45,"No"
0,"No","No",26,"No","Fiber optic","No","Credit card (automatic)",2196.45,"Yes"
0,"No","No",33,"Yes","Fiber optic","Yes","Credit card (automatic)",3008.15,"Yes"
0,"Yes","No",57,"Yes","Fiber optic","No","Credit card (automatic)",5779.6,"No"
1,"No","Yes",21,"No","Fiber optic","Yes","Electronic check",2110.15,"Yes"
0,"No","Yes",68,"Yes","DSL","No","Bank transfer (automatic)",5560,"No"
0,"No","No",18,"Yes","Fiber optic","Yes","Credit card (automatic)",1633,"No"
1,"No","No",6,"No","Fiber optic","Yes","Mailed check",547.65,"Yes"
0,"No","No",18,"Yes","DSL","No","Mailed check",969.85,"Yes"
0,"No","Yes",52,"No","DSL","Yes","Bank transfer (automatic)",2610.65,"No"
0,"No","Yes",56,"Yes","Fiber optic","No","Mailed check",6567.9,"No"
0,"No","No",45,"Yes","Fiber optic","Yes","Bank transfer (automatic)",4747.85,"Yes"
0,"No","No",3,"No_phone_service","DSL","No","Mailed check",101.1,"Yes"
0,"Yes","No",65,"No","Fiber optic","Yes","Bank transfer (automatic)",6496.15,"Yes"
0,"No","No",63,"Yes","DSL","No","Mailed check",4234.15,"No"
0,"No","Yes",1,"No","DSL","Yes","Mailed check",59.55,"Yes"
0,"No","No",55,"Yes","DSL","Yes","Bank transfer (automatic)",4323.35,"No"
0,"No","Yes",25,"Yes","DSL","Yes","Mailed check",1466.1,"No"
1,"No","No",72,"Yes","Fiber optic","Yes","Bank transfer (automatic)",8684.8,"No"
0,"No","Yes",65,"No_phone_service","DSL","No","Mailed check",2933.95,"No"
1,"Yes","No",54,"Yes","Fiber optic","Yes","Electronic check",4370.25,"Yes"
0,"No","No",72,"Yes","DSL","No","Bank transfer (automatic)",4804.75,"No"
0,"No","No",21,"No","DSL","No","Bank transfer (automatic)",1125.2,"Yes"
0,"Yes","No",4,"No","Fiber optic","Yes","Electronic check",422.4,"Yes"
1,"No","No",3,"Yes","Fiber optic","Yes","Bank transfer (automatic)",251.75,"Yes"
0,"No","No",72,"Yes","Fiber optic","No","Credit card (automatic)",8332.15,"No"
0,"No","No",6,"No","DSL","Yes","Electronic check",314.6,"Yes"
0,"No","No",52,"No","Fiber optic","Yes","Credit card (automatic)",4331.4,"Yes"
0,"Yes","No",69,"Yes","Fiber optic","Yes","Bank transfer (automatic)",6382,"Yes"
1,"No","No",8,"No","Fiber optic","Yes","Electronic check",740.3,"Yes"
0,"Yes","No",8,"No","Fiber optic","Yes","Bank transfer (automatic)",600.15,"Yes"
0,"Yes","No",63,"Yes","Fiber optic","Yes","Bank transfer (automatic)",5538.8,"Yes"
0,"No","No",60,"Yes","Fiber optic","Yes","Credit card (automatic)",7049.5,"No"
0,"No","No",12,"No","DSL","No","Bank transfer (automatic)",690.5,"Yes"
0,"No","No",22,"Yes","DSL","No","Mailed check",1427.55,"Yes"
1,"No","No",5,"Yes","Fiber optic","Yes","Electronic check",452.7,"Yes"
0,"Yes","No",71,"No","DSL","Yes","Bank transfer (automatic)",5012.1,"No"
1,"No","No",2,"Yes","Fiber optic","Yes","Electronic check",166.3,"Yes"
0,"Yes","No",26,"Yes","Fiber optic","Yes","Electronic check",2404.1,"Yes"
1,"No","Yes",1,"No","Fiber optic","Yes","Electronic check",70,"Yes"
0,"No","No",1,"No_phone_service","DSL","No","Mailed check",24.4,"Yes"
1,"No","Yes",65,"No","DSL","Yes","Bank transfer (automatic)",4820.15,"No"
0,"No","No",3,"Yes","DSL","Yes","Mailed check",209.9,"Yes"
0,"No","No",13,"No","DSL","Yes","Mailed check",610.75,"Yes"
1,"No","No",33,"Yes","Fiber optic","Yes","Electronic check",3409.6,"Yes"
0,"No","No",1,"No","Fiber optic","Yes","Mailed check",70.7,"Yes"
0,"No","Yes",4,"No","DSL","No","Mailed check",155.35,"Yes"
0,"No","No",2,"No","Fiber optic","Yes","Electronic check",144,"Yes"
0,"No","No",72,"Yes","Fiber optic","Yes","Credit card (automatic)",7875,"No"
1,"No","No",15,"No","Fiber optic","No","Electronic check",1270.2,"Yes"
1,"No","Yes",30,"No_phone_service","DSL","No","Credit card (automatic)",1561.5,"Yes"
0,"No","No",32,"Yes","DSL","No","Mailed check",2282.95,"No"
0,"No","Yes",22,"Yes","Fiber optic","Yes","Bank transfer (automatic)",1615.1,"Yes"
0,"No","No",42,"No_phone_service","DSL","Yes","Credit card (automatic)",1097.15,"Yes"
0,"No","No",8,"No","DSL","No","Mailed check",369.3,"Yes"
0,"No","Yes",65,"Yes","Fiber optic","Yes","Credit card (automatic)",6725.3,"No"
0,"No","Yes",70,"Yes","DSL","Yes","Bank transfer (automatic)",6293.2,"No"
1,"Yes","No",4,"Yes","Fiber optic","Yes","Electronic check",321.75,"Yes"
1,"No","No",2,"Yes","Fiber optic","No","Credit card (automatic)",147.15,"Yes"
0,"No","Yes",67,"No_phone_service","DSL","No","Bank transfer (automatic)",2434.45,"No"
0,"No","Yes",2,"No","DSL","Yes","Credit card (automatic)",125.95,"Yes"
0,"No","Yes",46,"No_phone_service","DSL","No","Bank transfer (automatic)",1620.25,"Yes"
1,"No","No",25,"Yes","Fiber optic","Yes","Electronic check",2387.75,"Yes"
0,"No","Yes",13,"No","DSL","No","Mailed check",659.35,"Yes"
1,"Yes","No",25,"Yes","Fiber optic","Yes","Mailed check",2660.2,"Yes"
0,"No","Yes",26,"No","DSL","No","Mailed check",1285.8,"No"
1,"No","No",43,"Yes","Fiber optic","Yes","Electronic check",4211.55,"No"
1,"No","No",10,"No","Fiber optic","Yes","Electronic check",990.9,"Yes"
1,"No","Yes",2,"Yes","Fiber optic","Yes","Bank transfer (automatic)",193.8,"Yes"
0,"No","No",72,"Yes","DSL","Yes","Bank transfer (automatic)",6058.95,"No"
0,"Yes","No",18,"Yes","DSL","Yes","Credit card (automatic)",964.9,"Yes"
1,"Yes","No",9,"Yes","Fiber optic","Yes","Electronic check",790.15,"Yes"
1,"Yes","No",27,"Yes","Fiber optic","No","Credit card (automatic)",2467.75,"Yes"
0,"No","No",24,"Yes","Fiber optic","Yes","Electronic check",2322.85,"Yes"
1,"No","No",69,"No","Fiber optic","Yes","Bank transfer (automatic)",7262,"No"
0,"No","No",46,"Yes","Fiber optic","Yes","Credit card (automatic)",4854.3,"No"
0,"Yes","No",72,"Yes","Fiber optic","Yes","Bank transfer (automatic)",7748.75,"No"
1,"No","No",22,"No","Fiber optic","Yes","Credit card (automatic)",1914.9,"Yes"
0,"Yes","No",70,"Yes","Fiber optic","Yes","Electronic check",6470.1,"Yes"
0,"No","No",31,"No","DSL","Yes","Credit card (automatic)",2019.8,"Yes"
1,"Yes","No",56,"Yes","Fiber optic","Yes","Bank transfer (automatic)",5688.05,"Yes"
0,"No","Yes",16,"No","Fiber optic","No","Bank transfer (automatic)",1522.7,"Yes"
0,"No","No",59,"No","Fiber optic","No","Electronic check",5655.45,"No"
0,"No","No",72,"No","Fiber optic","Yes","Electronic check",6747.35,"Yes"
1,"Yes","No",66,"Yes","DSL","Yes","Bank transfer (automatic)",5265.1,"No"
0,"No","No",49,"Yes","Fiber optic","No","Credit card (automatic)",5174.35,"No"
0,"No","No",2,"No","DSL","Yes","Mailed check",105.6,"Yes"
0,"Yes","No",21,"Yes","Fiber optic","Yes","Electronic check",2271.85,"Yes"
0,"Yes","No",54,"No_phone_service","DSL","Yes","Electronic check",2966.95,"No"
1,"Yes","No",24,"Yes","Fiber optic","Yes","Electronic check",1772.25,"Yes"
0,"No","No",1,"Yes","DSL","No","Electronic check",61.15,"Yes"
0,"No","No",6,"No","Fiber optic","Yes","Electronic check",494.95,"Yes"
1,"No","No",1,"No","DSL","Yes","Mailed check",44.45,"Yes"
0,"No","Yes",49,"Yes","Fiber optic","Yes","Credit card (automatic)",5290.45,"No"
0,"No","Yes",56,"No","DSL","Yes","Credit card (automatic)",3346.8,"No"
0,"Yes","No",56,"Yes","Fiber optic","Yes","Electronic check",5219.65,"Yes"
0,"No","Yes",6,"No_phone_service","DSL","No","Mailed check",217.5,"No"
0,"No","Yes",50,"Yes","Fiber optic","Yes","Electronic check",5431.4,"No"
0,"No","Yes",58,"Yes","Fiber optic","Yes","Bank transfer (automatic)",6004.85,"No"
0,"No","Yes",65,"Yes","DSL","Yes","Mailed check",5957.9,"No"
0,"No","No",64,"Yes","DSL","Yes","Credit card (automatic)",5442.05,"No"
0,"No","No",66,"Yes","DSL","No","Bank transfer (automatic)",4370.25,"No"
0,"No","No",38,"Yes","Fiber optic","Yes","Electronic check",4428.6,"No"
1,"No","No",36,"Yes","Fiber optic","Yes","Electronic check",3067.2,"Yes"
0,"Yes","No",64,"Yes","Fiber optic","No","Electronic check",6688.1,"No"
0,"No","No",60,"No","DSL","Yes","Credit card (automatic)",4224.7,"No"
1,"No","No",1,"No","Fiber optic","Yes","Electronic check",74.35,"Yes"
0,"No","Yes",50,"Yes","DSL","Yes","Bank transfer (automatic)",4042.2,"No"
1,"No","No",1,"Yes","DSL","No","Mailed check",62.05,"Yes"
0,"No","No",72,"No_phone_service","DSL","Yes","Electronic check",3580.95,"No"
0,"No","No",46,"No_phone_service","DSL","No","Mailed check",1755.35,"No"
0,"No","Yes",69,"No_phone_service","DSL","Yes","Credit card (automatic)",3772.5,"No"
0,"Yes","No",31,"Yes","Fiber optic","Yes","Bank transfer (automatic)",2877.95,"Yes"
0,"No","No",12,"No","Fiber optic","Yes","Electronic check",959.9,"Yes"
1,"No","Yes",39,"No","DSL","No","Credit card (automatic)",3182.95,"No"
0,"No","No",44,"Yes","DSL","Yes","Bank transfer (automatic)",3704.15,"No"
0,"No","Yes",56,"Yes","DSL","No","Credit card (automatic)",4620.4,"No"
0,"No","No",72,"Yes","Fiber optic","Yes","Bank transfer (automatic)",8312.75,"No"
1,"No","No",5,"Yes","Fiber optic","No","Mailed check",541.9,"Yes"
0,"No","No",11,"Yes","Fiber optic","Yes","Bank transfer (automatic)",929.3,"Yes"
1,"Yes","No",24,"No_phone_service","DSL","No","Bank transfer (automatic)",971.3,"Yes"
0,"Yes","No",15,"No","Fiber optic","Yes","Electronic check",1285.05,"Yes"
0,"No","No",56,"Yes","DSL","No","Credit card (automatic)",3389.25,"No"
0,"No","No",34,"Yes","Fiber optic","Yes","Electronic check",3414.65,"Yes"
1,"No","No",2,"Yes","Fiber optic","Yes","Electronic check",162.45,"Yes"
1,"No","No",5,"No","DSL","Yes","Electronic check",216.9,"Yes"
0,"No","No",9,"No_phone_service","DSL","No","Mailed check",373,"No"
1,"No","Yes",4,"No","Fiber optic","No","Electronic check",302.75,"Yes"
0,"No","No",33,"No","Fiber optic","No","Electronic check",2964.05,"Yes"
0,"No","No",31,"No","DSL","Yes","Bank transfer (automatic)",2156.25,"Yes"
1,"No","No",1,"Yes","DSL","No","Mailed check",60.1,"Yes"
1,"No","No",1,"No","Fiber optic","Yes","Electronic check",78.95,"Yes"
0,"No","Yes",66,"No","DSL","Yes","Electronic check",5013,"No"
0,"Yes","No",34,"No","Fiber optic","No","Credit card (automatic)",2275.1,"Yes"
0,"No","Yes",58,"No","Fiber optic","Yes","Electronic check",5511.65,"Yes"
1,"No","No",2,"No","DSL","Yes","Electronic check",98.5,"Yes"
0,"No","No",37,"No_phone_service","DSL","No","Credit card (automatic)",1316.9,"No"
0,"No","No",71,"Yes","Fiber optic","Yes","Credit card (automatic)",7993.3,"No"
1,"No","No",3,"No","Fiber optic","Yes","Electronic check",244.65,"Yes"
0,"No","Yes",69,"No","DSL","No","Bank transfer (automatic)",4134.7,"No"
1,"No","No",44,"No_phone_service","DSL","Yes","Mailed check",2375.4,"No"
0,"No","No",53,"Yes","Fiber optic","Yes","Electronic check",4862.5,"No"
1,"No","No",24,"No","Fiber optic","Yes","Credit card (automatic)",2431.35,"Yes"
0,"No","No",5,"No","Fiber optic","Yes","Electronic check",351.5,"Yes"
0,"No","Yes",2,"No","DSL","No","Mailed check",106.2,"Yes"
0,"No","No",19,"No","Fiber optic","Yes","Electronic check",1743.05,"Yes"
0,"No","No",9,"No","Fiber optic","No","Mailed check",657.5,"Yes"
0,"No","No",5,"No","Fiber optic","No","Mailed check",426.35,"Yes"
0,"Yes","Yes",71,"Yes","DSL","No","Electronic check",4982.5,"No"
1,"No","No",18,"Yes","Fiber optic","Yes","Electronic check",1451.9,"Yes"
0,"No","No",72,"Yes","Fiber optic","Yes","Electronic check",7634.8,"No"
0,"No","No",4,"No","DSL","No","Mailed check",235.05,"Yes"
0,"No","No",59,"Yes","DSL","No","Credit card (automatic)",3116.15,"No"
1,"No","No",1,"No","Fiber optic","No","Mailed check",71.1,"Yes"
0,"Yes","No",31,"Yes","Fiber optic","Yes","Electronic check",2633.4,"Yes"
1,"Yes","No",65,"Yes","Fiber optic","Yes","Electronic check",6979.8,"No"
0,"No","No",49,"No","Fiber optic","Yes","Credit card (automatic)",4920.8,"No"
0,"No","No",55,"No","Fiber optic","Yes","Electronic check",5276.1,"No"
0,"No","Yes",72,"Yes","Fiber optic","Yes","Credit card (automatic)",8289.2,"No"
0,"Yes","No",36,"Yes","Fiber optic","Yes","Bank transfer (automatic)",2659.45,"Yes"
1,"Yes","No",1,"Yes","Fiber optic","Yes","Electronic check",94,"Yes"
0,"No","Yes",72,"Yes","DSL","No","Bank transfer (automatic)",5824.75,"No"
0,"No","No",28,"No","DSL","No","Bank transfer (automatic)",1517.5,"Yes"
0,"No","No",38,"Yes","Fiber optic","No","Bank transfer (automatic)",3479.05,"Yes"
0,"No","No",61,"Yes","Fiber optic","Yes","Electronic check",7365.7,"No"
0,"No","Yes",34,"Yes","Fiber optic","Yes","Credit card (automatic)",3946.9,"No"
0,"No","No",54,"No","DSL","No","Electronic check",4299.95,"No"
1,"Yes","No",15,"Yes","Fiber optic","No","Electronic check",1424.95,"Yes"
1,"No","No",4,"No","DSL","Yes","Mailed check",193.6,"Yes"
1,"No","No",9,"No","DSL","No","Mailed check",620.55,"Yes"
0,"No","Yes",46,"No","Fiber optic","Yes","Electronic check",4391.25,"Yes"
1,"No","No",22,"Yes","Fiber optic","Yes","Electronic check",1993.8,"Yes"
1,"No","No",38,"No","Fiber optic","Yes","Bank transfer (automatic)",2597.6,"No"
0,"No","Yes",55,"Yes","DSL","Yes","Credit card (automatic)",4213.9,"No"
0,"Yes","No",64,"No","Fiber optic","No","Credit card (automatic)",5017.7,"No"
0,"No","No",58,"Yes","DSL","Yes","Electronic check",4916.4,"No"
0,"No","No",56,"No_phone_service","DSL","Yes","Bank transfer (automatic)",2959.8,"No"
0,"No","Yes",72,"No","Fiber optic","Yes","Credit card (automatic)",7559.55,"No"
1,"No","No",1,"No","DSL","Yes","Electronic check",53.95,"Yes"
0,"Yes","No",72,"Yes","Fiber optic","Yes","Credit card (automatic)",7133.1,"No"
0,"No","No",22,"Yes","Fiber optic","No","Electronic check",1799.3,"Yes"
1,"Yes","No",8,"Yes","Fiber optic","Yes","Electronic check",829.55,"Yes"
1,"No","Yes",16,"No","Fiber optic","Yes","Electronic check",1312.15,"Yes"
0,"No","No",39,"No_phone_service","DSL","No","Bank transfer (automatic)",1597.05,"Yes"
0,"No","No",12,"No","DSL","Yes","Bank transfer (automatic)",524.35,"Yes"
0,"No","No",54,"No","DSL","Yes","Bank transfer (automatic)",4191.45,"No"
0,"No","No",18,"No_phone_service","DSL","Yes","Mailed check",711.95,"No"
0,"No","No",32,"No","DSL","No","Mailed check",2201.75,"No"
0,"No","No",65,"Yes","Fiber optic","Yes","Electronic check",6812.95,"Yes"
0,"No","No",25,"Yes","DSL","Yes","Bank transfer (automatic)",1837.9,"Yes"
1,"No","Yes",1,"No","Fiber optic","Yes","Electronic check",69.8,"Yes"
0,"No","No",67,"Yes","Fiber optic","Yes","Credit card (automatic)",7344.45,"No"
1,"Yes","No",7,"Yes","Fiber optic","No","Mailed check",545.15,"Yes"
0,"Yes","No",43,"No_phone_service","DSL","Yes","Credit card (automatic)",1500.25,"Yes"
0,"No","No",24,"No","Fiber optic","Yes","Electronic check",2283.15,"Yes"
1,"Yes","No",9,"Yes","DSL","No","Electronic check",494.05,"Yes"
0,"No","Yes",20,"No_phone_service","DSL","Yes","Credit card (automatic)",825.4,"No"
0,"No","No",7,"No","Fiber optic","No","Bank transfer (automatic)",488.65,"Yes"
1,"Yes","No",37,"Yes","Fiber optic","Yes","Electronic check",2841.55,"Yes"
1,"No","No",5,"Yes","Fiber optic","Yes","Mailed check",486.85,"Yes"
0,"No","No",41,"No_phone_service","DSL","Yes","Electronic check",2075.1,"No"
0,"No","No",54,"No","Fiber optic","Yes","Credit card (automatic)",5299.65,"No"
1,"Yes","No",3,"No","Fiber optic","Yes","Electronic check",204.7,"Yes"
0,"No","No",53,"No","Fiber optic","Yes","Credit card (automatic)",5042.75,"No"
0,"No","Yes",18,"No_phone_service","DSL","No","Credit card (automatic)",812.4,"No"
0,"No","No",64,"No","Fiber optic","Yes","Credit card (automatic)",6605.55,"No"
1,"No","Yes",31,"Yes","Fiber optic","Yes","Electronic check",2995.45,"Yes"
0,"No","No",20,"No_phone_service","DSL","No","Credit card (automatic)",505.95,"Yes"
0,"No","Yes",57,"No","DSL","No","Mailed check",3509.4,"No"
0,"Yes","No",63,"Yes","Fiber optic","No","Credit card (automatic)",6991.9,"No"
0,"No","Yes",13,"No_phone_service","DSL","No","Mailed check",590.35,"No"
0,"Yes","No",48,"No","DSL","Yes","Bank transfer (automatic)",2789.7,"No"
1,"No","No",2,"No","Fiber optic","Yes","Electronic check",137.95,"Yes"
0,"No","No",71,"Yes","Fiber optic","Yes","Bank transfer (automatic)",7953.25,"No"
0,"No","Yes",7,"Yes","DSL","No","Electronic check",349.8,"Yes"
0,"No","No",16,"Yes","DSL","Yes","Bank transfer (automatic)",1067.05,"Yes"
0,"No","No",34,"Yes","Fiber optic","No","Electronic check",3527.3,"Yes"
1,"No","No",37,"Yes","Fiber optic","Yes","Electronic check",3762,"Yes"
0,"No","No",16,"Yes","Fiber optic","Yes","Mailed check",1248.9,"Yes"
0,"No","Yes",48,"Yes","DSL","Yes","Bank transfer (automatic)",3035.35,"No"
0,"No","Yes",58,"No","DSL","Yes","Credit card (automatic)",4300.8,"No"
0,"No","No",72,"Yes","DSL","Yes","Bank transfer (automatic)",6065.3,"No"
1,"No","No",38,"No","Fiber optic","Yes","Credit card (automatic)",3233.6,"Yes"
1,"Yes","No",48,"Yes","Fiber optic","No","Electronic check",5438.9,"Yes"
1,"No","No",10,"No","Fiber optic","Yes","Electronic check",1081.45,"Yes"
0,"No","No",30,"No","DSL","No","Credit card (automatic)",2308.6,"No"
0,"No","No",31,"Yes","DSL","Yes","Credit card (automatic)",1882.8,"Yes"
0,"Yes","No",46,"Yes","DSL","Yes","Credit card (automatic)",3255.35,"No"
0,"No","No",28,"No","Fiber optic","No","Bank transfer (automatic)",2065.4,"Yes"
0,"No","No",66,"No_phone_service","DSL","Yes","Bank transfer (automatic)",4136.4,"No"
1,"Yes","No",8,"No_phone_service","DSL","Yes","Electronic check",221.9,"Yes"
0,"No","Yes",41,"No","Fiber optic","Yes","Bank transfer (automatic)",3848,"Yes"
0,"Yes","No",72,"Yes","Fiber optic","Yes","Bank transfer (automatic)",8022.85,"No"
0,"No","No",44,"No","Fiber optic","Yes","Electronic check",4510.8,"No"
0,"No","Yes",47,"Yes","Fiber optic","Yes","Bank transfer (automatic)",5317.8,"No"
0,"No","Yes",53,"No","Fiber optic","Yes","Electronic check",4779.45,"Yes"
0,"No","No",4,"Yes","DSL","No","Electronic check",250.1,"Yes"
0,"Yes","No",20,"Yes","Fiber optic","Yes","Electronic check",1745.2,"Yes"
1,"No","No",2,"No","DSL","No","Mailed check",74.9,"Yes"
0,"Yes","No",57,"Yes","DSL","Yes","Credit card (automatic)",4140.1,"No"
0,"Yes","No",44,"No","Fiber optic","Yes","Electronic check",3670.5,"Yes"
0,"No","No",24,"No","DSL","Yes","Mailed check",1167.8,"Yes"
0,"No","Yes",15,"No_phone_service","DSL","Yes","Bank transfer (automatic)",469.65,"Yes"
1,"No","No",3,"No_phone_service","DSL","No","Electronic check",58.9,"Yes"
1,"No","Yes",4,"Yes","Fiber optic","No","Bank transfer (automatic)",333.55,"Yes"
1,"Yes","No",37,"Yes","Fiber optic","Yes","Electronic check",3171.15,"Yes"
1,"No","No",1,"No","Fiber optic","Yes","Electronic check",74.7,"Yes"
0,"No","No",24,"No","DSL","No","Credit card (automatic)",1381.2,"Yes"
1,"No","No",5,"Yes","Fiber optic","Yes","Electronic check",455.5,"Yes"
0,"No","No",33,"Yes","Fiber optic","No","Electronic check",3645.5,"Yes"
0,"No","Yes",72,"Yes","Fiber optic","Yes","Bank transfer (automatic)",6954.15,"No"
1,"Yes","No",28,"Yes","Fiber optic","Yes","Electronic check",3152.5,"Yes"
0,"No","No",51,"No","DSL","Yes","Credit card (automatic)",4307.1,"No"
1,"No","No",30,"No","DSL","No","Bank transfer (automatic)",2530.4,"No"
0,"Yes","No",72,"No","Fiber optic","Yes","Credit card (automatic)",6141.65,"No"
1,"Yes","No",36,"Yes","Fiber optic","Yes","Electronic check",3186.7,"Yes"
0,"No","Yes",14,"No","DSL","No","Bank transfer (automatic)",1054.8,"No"
0,"No","Yes",72,"Yes","DSL","No","Mailed check",5430.65,"No"
0,"No","Yes",22,"No_phone_service","DSL","No","Electronic check",849.9,"Yes"
0,"No","No",2,"Yes","Fiber optic","No","Electronic check",151.75,"Yes"
0,"No","No",70,"No_phone_service","DSL","Yes","Credit card (automatic)",2692.75,"No"
0,"No","Yes",39,"Yes","Fiber optic","Yes","Credit card (automatic)",3767.4,"Yes"
0,"No","Yes",61,"Yes","DSL","No","Electronic check",3641.5,"Yes"
0,"No","No",52,"No","DSL","Yes","Bank transfer (automatic)",2535.55,"Yes"
1,"No","No",1,"No_phone_service","DSL","Yes","Electronic check",35.75,"Yes"
0,"No","No",64,"Yes","Fiber optic","Yes","Mailed check",6880.85,"No"
0,"No","No",62,"No","DSL","Yes","Credit card (automatic)",3753.2,"No"
1,"Yes","Yes",4,"No","DSL","No","Electronic check",181.6,"Yes"
0,"Yes","No",63,"No","DSL","Yes","Bank transfer (automatic)",5329.55,"No"
0,"No","No",1,"No","DSL","Yes","Credit card (automatic)",44.55,"Yes"
0,"No","No",15,"Yes","Fiber optic","Yes","Electronic check",1539.8,"Yes"
0,"No","Yes",27,"No","Fiber optic","Yes","Credit card (automatic)",2209.75,"No"
0,"No","Yes",4,"No_phone_service","DSL","Yes","Mailed check",223.75,"Yes"
0,"No","No",72,"Yes","Fiber optic","Yes","Electronic check",7751.7,"No"
0,"Yes","No",45,"Yes","Fiber optic","Yes","Electronic check",4385.05,"Yes"
0,"No","No",36,"No","DSL","Yes","Mailed check",2606.35,"No"
1,"No","Yes",17,"No","Fiber optic","Yes","Electronic check",1539.45,"Yes"
0,"Yes","No",16,"Yes","Fiber optic","Yes","Bank transfer (automatic)",1261.35,"Yes"
1,"No","Yes",4,"Yes","DSL","Yes","Electronic check",225.6,"Yes"
0,"No","No",71,"No","DSL","Yes","Credit card (automatic)",5969.3,"No"
1,"No","No",4,"No","Fiber optic","Yes","Electronic check",340.85,"Yes"
1,"No","No",26,"Yes","Fiber optic","Yes","Electronic check",2515.3,"Yes"
0,"No","No",4,"No","DSL","No","Credit card (automatic)",227.35,"Yes"
1,"No","No",5,"No_phone_service","DSL","Yes","Mailed check",305.95,"Yes"
1,"No","No",4,"Yes","Fiber optic","Yes","Electronic check",365.4,"Yes"
0,"Yes","No",29,"Yes","Fiber optic","Yes","Electronic check",2357.75,"Yes"
0,"No","No",2,"No","Fiber optic","No","Electronic check",198.5,"Yes"
1,"No","Yes",1,"No","Fiber optic","Yes","Electronic check",90.85,"Yes"
1,"No","No",1,"No","Fiber optic","No","Mailed check",69.4,"Yes"
1,"Yes","No",8,"No","Fiber optic","Yes","Credit card (automatic)",742.95,"Yes"
0,"No","No",59,"Yes","Fiber optic","Yes","Electronic check",5597.65,"Yes"
1,"Yes","No",50,"Yes","Fiber optic","Yes","Electronic check",4816.7,"Yes"
0,"No","No",18,"No","DSL","Yes","Bank transfer (automatic)",768.05,"Yes"
0,"No","Yes",17,"No","DSL","No","Mailed check",1215.8,"Yes"
0,"No","No",47,"No","DSL","No","Electronic check",3522.65,"No"
1,"No","No",26,"Yes","Fiber optic","Yes","Bank transfer (automatic)",1834.95,"Yes"
1,"No","No",6,"No_phone_service","DSL","Yes","Electronic check",305.1,"Yes"
0,"No","Yes",19,"Yes","DSL","No","Credit card (automatic)",910.45,"Yes"
1,"No","No",3,"Yes","DSL","Yes","Electronic check",155.65,"Yes"
0,"Yes","Yes",68,"No_phone_service","DSL","Yes","Electronic check",3656.25,"No"
0,"No","No",7,"No_phone_service","DSL","Yes","Credit card (automatic)",150.85,"No"
0,"Yes","No",13,"Yes","Fiber optic","No","Credit card (automatic)",1261,"Yes"
1,"No","No",3,"No_phone_service","DSL","Yes","Mailed check",108.7,"Yes"
0,"No","No",72,"Yes","Fiber optic","Yes","Bank transfer (automatic)",7346.2,"No"
0,"No","Yes",66,"No_phone_service","DSL","Yes","Credit card (automatic)",3708.4,"No"
1,"No","No",1,"No","DSL","Yes","Electronic check",44.1,"Yes"
1,"No","No",14,"No_phone_service","DSL","Yes","Electronic check",712.75,"Yes"
1,"Yes","No",61,"Yes","Fiber optic","Yes","Credit card (automatic)",6405,"No"
1,"Yes","No",40,"No_phone_service","DSL","Yes","Electronic check",1637.4,"Yes"
0,"No","No",42,"No","DSL","No","Bank transfer (automatic)",2536.55,"Yes"
0,"No","Yes",72,"Yes","DSL","Yes","Bank transfer (automatic)",6042.7,"No"
0,"No","No",12,"Yes","Fiber optic","Yes","Credit card (automatic)",958.25,"Yes"
0,"No","Yes",7,"No_phone_service","DSL","No","Mailed check",201.95,"Yes"
0,"No","Yes",6,"No","DSL","No","Mailed check",285.2,"Yes"
1,"No","No",58,"No","Fiber optic","Yes","Electronic check",6145.85,"No"
0,"No","No",51,"No_phone_service","DSL","Yes","Credit card (automatic)",1529.45,"Yes"
0,"No","Yes",72,"No_phone_service","DSL","Yes","Bank transfer (automatic)",4664.5,"No"
1,"No","No",18,"No","Fiber optic","Yes","Electronic check",1740.7,"Yes"
1,"No","No",7,"Yes","Fiber optic","Yes","Bank transfer (automatic)",552.95,"Yes"
0,"No","No",47,"Yes","DSL","No","Mailed check",3496.3,"No"
1,"Yes","No",2,"No","DSL","Yes","Electronic check",93.7,"Yes"
0,"Yes","No",62,"Yes","Fiber optic","Yes","Bank transfer (automatic)",7053.35,"No"
0,"No","No",6,"No","DSL","Yes","Credit card (automatic)",312.7,"Yes"
1,"No","No",19,"No","DSL","Yes","Credit card (automatic)",1046.5,"Yes"
0,"No","Yes",69,"No_phone_service","DSL","Yes","Credit card (automatic)",2960.1,"No"
1,"No","Yes",11,"Yes","Fiber optic","Yes","Electronic check",834.2,"Yes"
0,"No","No",64,"Yes","Fiber optic","Yes","Electronic check",6953.4,"Yes"
1,"No","No",39,"No","Fiber optic","Yes","Credit card (automatic)",4134.85,"No"
1,"No","No",15,"Yes","DSL","Yes","Mailed check",899.8,"Yes"
0,"No","No",66,"Yes","Fiber optic","No","Bank transfer (automatic)",7942.15,"No"
0,"No","No",61,"Yes","DSL","No","Credit card (automatic)",5321.25,"No"
0,"Yes","No",43,"Yes","Fiber optic","Yes","Electronic check",4156.8,"Yes"
0,"Yes","No",23,"No_phone_service","DSL","Yes","Bank transfer (automatic)",768.45,"Yes"
0,"Yes","No",71,"No_phone_service","DSL","Yes","Bank transfer (automatic)",3765.05,"Yes"
0,"No","No",34,"Yes","DSL","No","Mailed check",2157.5,"Yes"
0,"No","No",41,"No_phone_service","DSL","No","Mailed check",1391.65,"No"
0,"Yes","No",14,"Yes","Fiber optic","Yes","Electronic check",1273.3,"Yes"
0,"No","Yes",23,"Yes","Fiber optic","No","Credit card (automatic)",1810.85,"No"
0,"No","Yes",71,"No","Fiber optic","No","Credit card (automatic)",7782.85,"No"
1,"No","No",1,"No","Fiber optic","Yes","Electronic check",70.3,"Yes"
0,"No","Yes",6,"No","Fiber optic","Yes","Electronic check",377.85,"Yes"
1,"Yes","No",10,"Yes","Fiber optic","No","Electronic check",851.75,"Yes"
0,"No","No",72,"No","Fiber optic","Yes","Electronic check",7624.2,"No"
0,"No","No",7,"No","DSL","Yes","Bank transfer (automatic)",355.1,"Yes"
1,"No","Yes",6,"No","Fiber optic","No","Mailed check",575.45,"Yes"
0,"No","Yes",9,"No","Fiber optic","Yes","Electronic check",906.85,"Yes"
0,"No","No",12,"Yes","Fiber optic","Yes","Electronic check",1057.55,"Yes"
0,"Yes","Yes",48,"No_phone_service","DSL","No","Bank transfer (automatic)",1388.75,"No"
0,"No","No",20,"No","Fiber optic","No","Electronic check",1641.3,"Yes"
1,"Yes","No",16,"Yes","Fiber optic","Yes","Credit card (automatic)",1375.15,"Yes"
1,"No","No",2,"No","Fiber optic","Yes","Mailed check",152.7,"Yes"
1,"Yes","No",2,"No","Fiber optic","Yes","Electronic check",195.05,"Yes"
0,"No","Yes",20,"Yes","Fiber optic","No","Mailed check",1826.7,"Yes"
1,"Yes","No",19,"Yes","Fiber optic","Yes","Electronic check",1660,"Yes"
0,"No","No",22,"No","Fiber optic","Yes","Electronic check",2180.55,"Yes"
0,"No","No",35,"Yes","Fiber optic","No","Credit card (automatic)",2835.9,"Yes"
0,"No","No",1,"No","DSL","No","Mailed check",45.15,"Yes"
0,"No","No",39,"Yes","Fiber optic","Yes","Credit card (automatic)",2730.85,"Yes"
0,"Yes","No",54,"No","Fiber optic","Yes","Electronic check",5437.1,"No"
1,"No","No",66,"Yes","Fiber optic","Yes","Credit card (automatic)",6981.35,"No"
0,"No","No",56,"Yes","Fiber optic","Yes","Mailed check",5794.45,"Yes"
0,"No","Yes",18,"No","DSL","Yes","Credit card (automatic)",747.2,"Yes"
0,"No","Yes",16,"Yes","Fiber optic","Yes","Credit card (automatic)",1267.95,"Yes"
0,"No","No",68,"No","DSL","Yes","Credit card (automatic)",3674.95,"No"
0,"No","Yes",72,"Yes","DSL","No","Credit card (automatic)",5893.9,"No"
0,"No","No",9,"Yes","Fiber optic","Yes","Electronic check",724.65,"Yes"
0,"No","No",30,"No","DSL","Yes","Mailed check",1536.75,"Yes"
1,"No","No",36,"Yes","Fiber optic","Yes","Electronic check",3615.6,"Yes"
0,"No","No",18,"No_phone_service","DSL","Yes","Electronic check",607.3,"Yes"
0,"Yes","Yes",55,"Yes","DSL","No","Electronic check",4154.55,"No"
1,"No","No",39,"No_phone_service","DSL","No","Electronic check",2184.35,"Yes"
1,"No","No",21,"Yes","Fiber optic","Yes","Electronic check",1852.85,"Yes"
1,"No","No",2,"No_phone_service","DSL","Yes","Credit card (automatic)",77.15,"Yes"
0,"No","No",44,"No_phone_service","DSL","No","Bank transfer (automatic)",2390.45,"No"
0,"No","Yes",30,"No","DSL","No","Bank transfer (automatic)",1923.5,"Yes"
1,"No","No",4,"Yes","Fiber optic","No","Electronic check",338.1,"Yes"
1,"No","Yes",35,"No","Fiber optic","Yes","Electronic check",3030.6,"No"
0,"No","No",1,"No","Fiber optic","No","Credit card (automatic)",75.35,"Yes"
0,"Yes","No",23,"Yes","Fiber optic","Yes","Electronic check",2184.85,"Yes"
0,"No","Yes",22,"No_phone_service","DSL","Yes","Credit card (automatic)",1031.4,"No"
0,"No","Yes",42,"No","Fiber optic","Yes","Electronic check",3875.4,"Yes"
1,"No","Yes",33,"No","Fiber optic","Yes","Electronic check",3124.5,"No"
0,"No","Yes",67,"Yes","Fiber optic","Yes","Bank transfer (automatic)",6689,"No"
0,"No","No",15,"Yes","Fiber optic","No","Electronic check",1451.1,"Yes"
0,"No","No",67,"Yes","Fiber optic","Yes","Electronic check",6368.2,"No"
0,"No","Yes",53,"No","DSL","Yes","Mailed check",3729.6,"No"
0,"No","Yes",40,"No","DSL","Yes","Mailed check",2847.2,"Yes"
0,"No","No",39,"No_phone_service","DSL","Yes","Electronic check",1494.5,"Yes"
0,"No","Yes",8,"No","DSL","Yes","Electronic check",475.1,"Yes"
1,"Yes","No",7,"Yes","Fiber optic","Yes","Credit card (automatic)",673.1,"Yes"
1,"No","No",6,"No_phone_service","DSL","Yes","Credit card (automatic)",208.7,"Yes"
0,"No","No",49,"Yes","DSL","Yes","Bank transfer (automatic)",3199,"No"
0,"No","No",65,"Yes","Fiber optic","Yes","Electronic check",5844.65,"No"
0,"No","No",55,"No","DSL","No","Bank transfer (automatic)",2462.6,"No"
0,"No","Yes",71,"Yes","DSL","No","Bank transfer (automatic)",6263.8,"No"
0,"No","No",35,"Yes","Fiber optic","Yes","Mailed check",3403.4,"Yes"
1,"Yes","No",3,"Yes","Fiber optic","Yes","Electronic check",237.75,"Yes"
1,"No","No",1,"No","Fiber optic","No","Electronic check",75.3,"Yes"
0,"No","No",17,"Yes","Fiber optic","Yes","Bank transfer (automatic)",1672.1,"Yes"
0,"No","No",72,"Yes","Fiber optic","Yes","Credit card (automatic)",7881.2,"No"
0,"No","Yes",28,"No","Fiber optic","Yes","Bank transfer (automatic)",2320.8,"No"
1,"Yes","No",40,"No","Fiber optic","Yes","Credit card (automatic)",4062.2,"No"
0,"No","No",52,"No","DSL","Yes","Electronic check",3043.7,"Yes"
0,"No","No",47,"No","DSL","Yes","Bank transfer (automatic)",2723.4,"Yes"
0,"No","No",23,"No","DSL","No","Credit card (automatic)",1081.25,"Yes"
0,"No","Yes",66,"No","DSL","No","Mailed check",4097.05,"No"
0,"No","No",8,"Yes","Fiber optic","Yes","Electronic check",632.2,"Yes"
1,"Yes","No",47,"No","Fiber optic","No","Mailed check",4042.3,"Yes"
0,"No","Yes",71,"Yes","Fiber optic","No","Credit card (automatic)",8166.8,"No"
0,"Yes","No",50,"Yes","Fiber optic","Yes","Electronic check",4113.7,"Yes"
0,"No","No",46,"No","DSL","No","Mailed check",3047.15,"No"
1,"No","No",1,"No","Fiber optic","No","Electronic check",70.4,"Yes"
0,"No","No",66,"No_phone_service","DSL","Yes","Bank transfer (automatic)",4193.4,"No"
0,"No","No",42,"Yes","Fiber optic","Yes","Credit card (automatic)",3729.75,"Yes"
0,"No","No",5,"No","Fiber optic","Yes","Mailed check",399.45,"Yes"
1,"No","Yes",7,"No","DSL","Yes","Electronic check",331.3,"No"
0,"No","No",29,"Yes","DSL","No","Credit card (automatic)",1964.6,"No"
0,"No","Yes",27,"No","DSL","No","Mailed check",1336.15,"Yes"
1,"Yes","No",15,"No","Fiber optic","Yes","Credit card (automatic)",1147.45,"Yes"
1,"No","No",11,"Yes","Fiber optic","Yes","Electronic check",1078.9,"Yes"
0,"No","No",57,"Yes","Fiber optic","Yes","Electronic check",5925.75,"Yes"
1,"No","No",67,"Yes","Fiber optic","Yes","Bank transfer (automatic)",7804.15,"No"
0,"Yes","No",47,"Yes","Fiber optic","No","Electronic check",4747.2,"Yes"
0,"No","No",13,"No","Fiber optic","Yes","Mailed check",1028.9,"Yes"
1,"No","No",8,"No_phone_service","DSL","Yes","Electronic check",226.45,"Yes"
1,"No","No",44,"Yes","Fiber optic","Yes","Electronic check",4364.1,"Yes"
0,"No","Yes",71,"Yes","DSL","Yes","Electronic check",4692.55,"No"
1,"Yes","No",24,"Yes","Fiber optic","Yes","Electronic check",2433.9,"Yes"
1,"Yes","No",15,"Yes","Fiber optic","Yes","Electronic check",1217.25,"Yes"
0,"Yes","No",2,"Yes","Fiber optic","Yes","Mailed check",154.3,"Yes"
0,"Yes","No",55,"Yes","Fiber optic","Yes","Electronic check",6382.55,"Yes"
0,"Yes","No",71,"Yes","Fiber optic","Yes","Electronic check",7623.2,"No"
0,"No","No",1,"No","Fiber optic","Yes","Electronic check",89.25,"Yes"
0,"No","No",66,"Yes","Fiber optic","Yes","Bank transfer (automatic)",6779.05,"No"
0,"No","Yes",49,"No","DSL","Yes","Mailed check",4345,"No"
0,"Yes","No",3,"No_phone_service","DSL","Yes","Electronic check",82.85,"Yes"
0,"No","Yes",11,"Yes","Fiber optic","No","Electronic check",893.2,"Yes"
0,"No","No",28,"No_phone_service","DSL","Yes","Credit card (automatic)",810.85,"Yes"
0,"No","No",65,"Yes","Fiber optic","Yes","Electronic check",6347.55,"No"
0,"Yes","No",41,"No","Fiber optic","Yes","Electronic check",3851.45,"Yes"
1,"No","Yes",17,"Yes","Fiber optic","Yes","Electronic check",1743.5,"Yes"
0,"No","No",30,"No","Fiber optic","Yes","Bank transfer (automatic)",2638.1,"No"
0,"No","No",17,"No","DSL","No","Mailed check",946.95,"No"
0,"No","Yes",16,"No","DSL","No","Bank transfer (automatic)",1114.85,"No"
0,"No","No",9,"Yes","Fiber optic","Yes","Electronic check",684.85,"Yes"
0,"No","No",1,"No","Fiber optic","No","Electronic check",74.35,"Yes"
0,"No","Yes",23,"No","DSL","No","Electronic check",1312.45,"Yes"
0,"No","Yes",19,"No_phone_service","DSL","Yes","Mailed check",610.2,"Yes"
0,"No","No",7,"Yes","DSL","Yes","Electronic check",404.35,"Yes"
1,"Yes","No",1,"No","Fiber optic","Yes","Electronic check",69.65,"Yes"
0,"No","No",61,"Yes","Fiber optic","No","Electronic check",6363.45,"No"
0,"No","No",57,"No","DSL","Yes","Credit card (automatic)",4124.65,"No"
1,"No","No",9,"No","Fiber optic","Yes","Electronic check",713.1,"Yes"
0,"No","Yes",15,"No","DSL","No","Mailed check",950.75,"No"
0,"No","No",12,"No","DSL","No","Bank transfer (automatic)",505.95,"Yes"
0,"No","Yes",4,"No","DSL","No","Electronic check",169.65,"Yes"
1,"No","No",7,"No","Fiber optic","Yes","Mailed check",526.7,"Yes"
0,"No","Yes",26,"No_phone_service","DSL","No","Mailed check",1147,"Yes"
1,"Yes","No",36,"Yes","Fiber optic","Yes","Electronic check",3021.6,"Yes"
0,"No","No",53,"Yes","Fiber optic","Yes","Bank transfer (automatic)",5718.2,"No"
1,"No","No",3,"No","DSL","Yes","Electronic check",191.35,"Yes"
0,"No","No",68,"No_phone_service","DSL","No","Credit card (automatic)",4539.6,"No"
0,"No","Yes",72,"Yes","DSL","Yes","Credit card (automatic)",6397.6,"No"
1,"Yes","Yes",34,"Yes","Fiber optic","Yes","Mailed check",2718.3,"Yes"
0,"No","No",68,"Yes","Fiber optic","Yes","Bank transfer (automatic)",5711.05,"No"
0,"No","Yes",50,"No","DSL","Yes","Credit card (automatic)",3478.15,"No"
1,"Yes","No",1,"No_phone_service","DSL","Yes","Electronic check",36.45,"Yes"
0,"Yes","No",41,"Yes","Fiber optic","Yes","Electronic check",4133.95,"Yes"
0,"Yes","No",30,"Yes","Fiber optic","Yes","Electronic check",2917.65,"Yes"
0,"No","No",1,"Yes","DSL","No","Electronic check",54.3,"Yes"
0,"Yes","Yes",29,"Yes","Fiber optic","Yes","Electronic check",2964.8,"Yes"
0,"No","Yes",23,"Yes","DSL","Yes","Credit card (automatic)",2198.3,"No"
1,"No","Yes",22,"No","Fiber optic","Yes","Electronic check",2001.5,"Yes"
0,"No","No",72,"No","DSL","Yes","Bank transfer (automatic)",5336.35,"No"
0,"Yes","No",66,"Yes","Fiber optic","No","Bank transfer (automatic)",7238.6,"No"
0,"No","No",72,"Yes","Fiber optic","Yes","Electronic check",7998.8,"No"
1,"Yes","No",47,"Yes","Fiber optic","No","Electronic check",3825.85,"Yes"
0,"No","No",51,"Yes","Fiber optic","Yes","Electronic check",5703.25,"No"
0,"No","Yes",70,"Yes","Fiber optic","Yes","Electronic check",7397,"No"
0,"No","Yes",59,"Yes","Fiber optic","Yes","Mailed check",6555.2,"No"
0,"No","Yes",3,"No","DSL","No","Mailed check",225.65,"Yes"
0,"Yes","No",38,"No_phone_service","DSL","Yes","Electronic check",955.75,"Yes"
0,"No","No",37,"Yes","Fiber optic","No","Bank transfer (automatic)",3382.3,"Yes"
0,"No","No",37,"No","DSL","No","Bank transfer (automatic)",2313.8,"No"
1,"Yes","No",24,"No_phone_service","DSL","Yes","Credit card (automatic)",933.3,"Yes"
0,"No","Yes",14,"No","DSL","No","Bank transfer (automatic)",780.85,"Yes"
0,"No","No",72,"Yes","Fiber optic","Yes","Credit card (automatic)",7852.4,"No"
1,"No","No",53,"No_phone_service","DSL","Yes","Electronic check",3184.25,"No"
1,"No","No",8,"Yes","Fiber optic","Yes","Electronic check",764.95,"Yes"
0,"No","Yes",72,"No_phone_service","DSL","No","Credit card (automatic)",2763,"No"
0,"Yes","No",17,"Yes","Fiber optic","Yes","Electronic check",1614.7,"Yes"
1,"No","Yes",2,"No","Fiber optic","Yes","Bank transfer (automatic)",145.4,"Yes"
1,"No","No",48,"No_phone_service","DSL","No","Mailed check",1604.5,"No"
0,"No","No",29,"No","DSL","No","Credit card (automatic)",1734.5,"No"
0,"Yes","Yes",65,"Yes","Fiber optic","Yes","Electronic check",7047.5,"No"
0,"No","No",8,"Yes","DSL","Yes","Bank transfer (automatic)",573.15,"Yes"
0,"Yes","No",45,"Yes","Fiber optic","Yes","Bank transfer (automatic)",4459.8,"No"
0,"No","Yes",72,"Yes","Fiber optic","Yes","Credit card (automatic)",7459,"No"
0,"No","No",7,"Yes","Fiber optic","No","Electronic check",639.7,"Yes"
0,"No","No",9,"No","DSL","Yes","Mailed check",348.15,"Yes"
1,"Yes","No",43,"Yes","Fiber optic","Yes","Electronic check",4533.9,"No"
0,"No","Yes",58,"Yes","Fiber optic","No","Bank transfer (automatic)",5563.65,"No"
1,"Yes","No",16,"Yes","Fiber optic","Yes","Electronic check",1587.55,"Yes"
1,"No","No",8,"No","Fiber optic","No","Electronic check",842.9,"Yes"
0,"No","No",40,"Yes","Fiber optic","No","Bank transfer (automatic)",4228.55,"No"
0,"No","No",9,"Yes","Fiber optic","Yes","Electronic check",784.45,"Yes"
0,"No","No",41,"No","Fiber optic","Yes","Electronic check",3729.75,"No"
0,"No","No",26,"No","DSL","Yes","Credit card (automatic)",1406.9,"Yes"
0,"No","No",33,"No","DSL","Yes","Credit card (automatic)",1857.3,"No"
0,"No","Yes",68,"No","Fiber optic","No","Credit card (automatic)",7322.5,"No"
0,"Yes","No",65,"No","Fiber optic","Yes","Credit card (automatic)",6725.5,"No"
0,"No","No",55,"No","DSL","Yes","Electronic check",3627.3,"No"
1,"No","No",20,"Yes","Fiber optic","Yes","Electronic check",1761.45,"Yes"
0,"No","No",19,"No","Fiber optic","Yes","Credit card (automatic)",1725.95,"No"
0,"No","No",45,"Yes","Fiber optic","Yes","Credit card (automatic)",4192.15,"Yes"
1,"No","No",2,"No","Fiber optic","Yes","Electronic check",164.5,"Yes"
1,"No","No",27,"Yes","Fiber optic","Yes","Mailed check",2724.6,"Yes"
0,"No","Yes",72,"No_phone_service","DSL","No","Credit card (automatic)",4671.7,"No"
0,"No","No",12,"Yes","Fiber optic","No","Electronic check",1173.55,"Yes"
1,"Yes","No",5,"No","Fiber optic","Yes","Mailed check",318.5,"Yes"
0,"Yes","No",71,"Yes","Fiber optic","Yes","Electronic check",7713.55,"Yes"
0,"Yes","No",35,"No","DSL","Yes","Electronic check",2471.25,"No"
0,"No","Yes",70,"Yes","Fiber optic","No","Credit card (automatic)",7842.3,"No"
0,"No","No",31,"Yes","Fiber optic","Yes","Electronic check",2227.8,"Yes"
1,"No","Yes",52,"Yes","Fiber optic","Yes","Bank transfer (automatic)",4990.25,"No"
1,"Yes","No",37,"Yes","Fiber optic","Yes","Electronic check",3744.05,"Yes"
1,"No","No",69,"Yes","Fiber optic","Yes","Bank transfer (automatic)",7220.35,"No"
0,"Yes","No",30,"Yes","Fiber optic","No","Mailed check",2351.45,"Yes"
0,"No","No",33,"Yes","Fiber optic","Yes","Electronic check",2989.6,"Yes"
0,"Yes","No",54,"Yes","Fiber optic","Yes","Electronic check",6077.75,"No"
0,"No","No",59,"Yes","DSL","No","Bank transfer (automatic)",4070.95,"No"
0,"Yes","No",55,"No_phone_service","DSL","Yes","Electronic check",2479.05,"Yes"
0,"Yes","No",69,"No_phone_service","DSL","Yes","Credit card (automatic)",2134.3,"No"
0,"No","No",66,"Yes","Fiber optic","Yes","Bank transfer (automatic)",6000.1,"No"
0,"No","Yes",37,"No","DSL","Yes","Mailed check",2203.1,"No"
0,"No","Yes",69,"Yes","DSL","No","Bank transfer (automatic)",6194.1,"No"
0,"No","No",10,"No","DSL","Yes","Mailed check",638.95,"Yes"
1,"No","Yes",40,"No","DSL","Yes","Mailed check",2139.2,"Yes"
0,"No","Yes",13,"No","DSL","No","Credit card (automatic)",831.75,"Yes"
1,"No","No",6,"Yes","Fiber optic","Yes","Electronic check",521.3,"Yes"
0,"Yes","No",66,"Yes","Fiber optic","Yes","Credit card (automatic)",7181.95,"No"
1,"No","No",11,"Yes","DSL","No","Electronic check",608,"Yes"
0,"No","Yes",46,"No","DSL","No","Mailed check",2560.1,"No"
1,"No","No",6,"No","Fiber optic","No","Electronic check",577.6,"Yes"
0,"No","Yes",56,"Yes","Fiber optic","Yes","Mailed check",5953,"Yes"
0,"No","Yes",33,"Yes","DSL","Yes","Electronic check",2531.4,"No"
0,"No","Yes",72,"Yes","DSL","No","Credit card (automatic)",4760.3,"No"
1,"No","No",3,"Yes","Fiber optic","Yes","Electronic check",292.85,"Yes"
0,"No","Yes",19,"No","DSL","No","Mailed check",953.65,"Yes"
1,"Yes","No",5,"No_phone_service","DSL","No","Electronic check",198,"Yes"
0,"No","No",71,"No","DSL","Yes","Credit card (automatic)",5705.05,"No"
1,"No","No",8,"No","Fiber optic","Yes","Electronic check",609.9,"Yes"
1,"No","No",1,"No","Fiber optic","Yes","Electronic check",79.65,"Yes"
0,"No","No",61,"Yes","Fiber optic","Yes","Mailed check",6993.65,"No"
0,"No","Yes",71,"No_phone_service","DSL","No","Bank transfer (automatic)",4122.65,"No"
0,"No","No",68,"Yes","Fiber optic","No","Credit card (automatic)",5762.95,"No"
0,"No","No",46,"No_phone_service","DSL","No","Credit card (automatic)",1537.85,"No"
0,"No","No",33,"Yes","Fiber optic","No","Bank transfer (automatic)",2603.3,"No"
0,"No","Yes",53,"Yes","Fiber optic","Yes","Bank transfer (automatic)",5566.4,"No"
0,"Yes","No",50,"Yes","Fiber optic","No","Bank transfer (automatic)",5431.9,"Yes"
0,"No","No",57,"No_phone_service","DSL","Yes","Credit card (automatic)",2258.25,"No"
0,"Yes","No",60,"Yes","Fiber optic","Yes","Electronic check",6401.25,"Yes"
1,"Yes","No",28,"Yes","Fiber optic","Yes","Credit card (automatic)",2812.2,"Yes"
1,"No","Yes",1,"No","Fiber optic","Yes","Mailed check",80.05,"Yes"
1,"No","Yes",29,"Yes","Fiber optic","Yes","Electronic check",2698.35,"Yes"
0,"No","Yes",10,"No","DSL","Yes","Electronic check",616.9,"Yes"
0,"No","Yes",43,"No_phone_service","DSL","Yes","Electronic check",1912.85,"Yes"
0,"Yes","No",13,"No","Fiber optic","No","Bank transfer (automatic)",849.1,"Yes"
0,"No","No",43,"No","DSL","Yes","Electronic check",3460.3,"No"
1,"No","Yes",19,"Yes","Fiber optic","Yes","Electronic check",1465.75,"Yes"
0,"No","Yes",1,"No","Fiber optic","Yes","Electronic check",90.1,"Yes"
0,"No","No",69,"No","DSL","Yes","Credit card (automatic)",5555.3,"No"
0,"No","No",43,"Yes","DSL","No","Bank transfer (automatic)",2907.35,"Yes"
1,"No","No",1,"No","DSL","No","Mailed check",51.25,"Yes"
0,"No","No",56,"No","Fiber optic","No","Mailed check",4952.95,"Yes"
0,"No","No",70,"No_phone_service","DSL","No","Bank transfer (automatic)",4504.9,"No"
1,"No","No",1,"No","DSL","Yes","Electronic check",45.6,"Yes"
0,"No","Yes",49,"Yes","Fiber optic","Yes","Electronic check",4520.15,"No"
1,"No","No",6,"No","DSL","Yes","Bank transfer (automatic)",267.35,"Yes"
0,"No","Yes",32,"No","DSL","No","Mailed check",2316.85,"No"
0,"Yes","No",72,"Yes","Fiber optic","Yes","Mailed check",8075.35,"No"
0,"No","Yes",37,"No","DSL","No","Credit card (automatic)",2302.35,"No"
0,"No","No",69,"No","Fiber optic","Yes","Credit card (automatic)",7251.9,"No"
0,"No","No",26,"No","DSL","No","Bank transfer (automatic)",2078.55,"Yes"
0,"No","Yes",58,"Yes","Fiber optic","Yes","Credit card (automatic)",6225.4,"No"
0,"No","No",24,"Yes","DSL","No","Bank transfer (automatic)",1242.25,"No"
0,"No","No",55,"Yes","DSL","Yes","Credit card (automatic)",3462.1,"No"
1,"No","No",25,"No_phone_service","DSL","Yes","Bank transfer (automatic)",853,"Yes"
1,"Yes","No",10,"No","Fiber optic","Yes","Mailed check",934.1,"Yes"
0,"No","Yes",44,"No_phone_service","DSL","Yes","Credit card (automatic)",2375.2,"No"
0,"No","No",47,"No","DSL","Yes","Mailed check",2813.05,"No"
1,"No","Yes",13,"No","Fiber optic","No","Electronic check",1222.8,"Yes"
1,"No","Yes",49,"Yes","Fiber optic","Yes","Bank transfer (automatic)",5293.2,"No"
0,"No","No",64,"No","Fiber optic","Yes","Mailed check",6314.35,"No"
0,"No","No",20,"No","DSL","No","Mailed check",1003.05,"Yes"
0,"No","No",37,"No_phone_service","DSL","No","Electronic check",1593.1,"No"
0,"No","Yes",30,"Yes","Fiber optic","No","Electronic check",2509.95,"Yes"
0,"No","No",38,"Yes","DSL","No","Bank transfer (automatic)",3187.65,"No"
1,"Yes","No",1,"Yes","Fiber optic","Yes","Mailed check",74.45,"Yes"
1,"No","No",37,"No","DSL","Yes","Electronic check",2345.2,"Yes"
0,"No","No",52,"No_phone_service","DSL","No","Credit card (automatic)",3330.1,"No"
0,"No","Yes",71,"No","DSL","Yes","Credit card (automatic)",5522.7,"No"
1,"No","No",26,"No","Fiber optic","No","Electronic check",2335.3,"Yes"
0,"No","No",66,"Yes","DSL","Yes","Credit card (automatic)",4798.4,"No"
0,"No","No",72,"Yes","Fiber optic","Yes","Credit card (automatic)",8594.4,"No"
0,"No","Yes",25,"No_phone_service","DSL","Yes","Credit card (automatic)",970.55,"No"
0,"No","Yes",69,"Yes","Fiber optic","Yes","Bank transfer (automatic)",7665.8,"No"
0,"No","Yes",53,"Yes","DSL","No","Bank transfer (automatic)",3686.05,"No"
1,"No","No",12,"No","Fiber optic","No","Mailed check",1115.15,"No"
0,"No","No",26,"No","Fiber optic","Yes","Electronic check",2537,"Yes"
0,"No","No",21,"No","DSL","No","Mailed check",1393.6,"Yes"
0,"No","Yes",1,"No","Fiber optic","Yes","Electronic check",89.35,"Yes"
0,"No","No",48,"Yes","Fiber optic","Yes","Electronic check",4445.3,"Yes"
0,"No","No",26,"No_phone_service","DSL","No","Credit card (automatic)",978.6,"No"
1,"Yes","No",10,"No_phone_service","DSL","Yes","Electronic check",291.4,"Yes"
1,"No","Yes",5,"Yes","Fiber optic","Yes","Electronic check",453.75,"Yes"
1,"No","No",18,"Yes","Fiber optic","Yes","Credit card (automatic)",1597.25,"Yes"
0,"No","Yes",66,"No","DSL","Yes","Electronic check",3996.8,"No"
0,"No","Yes",65,"Yes","DSL","Yes","Bank transfer (automatic)",5215.1,"No"
1,"Yes","No",3,"No","Fiber optic","Yes","Electronic check",235.5,"Yes"
0,"No","Yes",16,"Yes","Fiber optic","Yes","Bank transfer (automatic)",1442.2,"Yes"
1,"No","No",54,"Yes","Fiber optic","Yes","Bank transfer (automatic)",5639.05,"No"
0,"Yes","No",50,"Yes","Fiber optic","Yes","Electronic check",5222.35,"Yes"
0,"No","No",71,"No","Fiber optic","Yes","Electronic check",7291.75,"No"
1,"No","No",10,"Yes","Fiber optic","Yes","Electronic check",799.65,"Yes"
1,"No","No",1,"No","DSL","Yes","Electronic check",50.8,"Yes"
0,"No","No",4,"No","DSL","Yes","Electronic check",249.4,"Yes"
0,"No","Yes",58,"Yes","DSL","No","Mailed check",4415.75,"No"
0,"No","No",56,"Yes","Fiber optic","Yes","Electronic check",5270.6,"No"
1,"No","No",2,"No","Fiber optic","Yes","Electronic check",144.55,"Yes"
1,"No","No",32,"Yes","Fiber optic","Yes","Electronic check",2447.95,"Yes"
0,"No","Yes",56,"No_phone_service","DSL","Yes","Mailed check",2884.9,"No"
1,"No","No",36,"Yes","Fiber optic","Yes","Electronic check",3050.15,"Yes"
0,"No","No",4,"Yes","DSL","Yes","Mailed check",253,"Yes"
1,"No","No",53,"Yes","Fiber optic","No","Bank transfer (automatic)",4517.25,"Yes"
0,"No","No",10,"No","DSL","Yes","Credit card (automatic)",436.2,"Yes"
0,"No","No",4,"No_phone_service","DSL","No","Electronic check",118.4,"Yes"
0,"No","No",51,"No","Fiber optic","No","Mailed check",3649.6,"Yes"
1,"Yes","No",12,"Yes","Fiber optic","Yes","Electronic check",1200.15,"Yes"
0,"No","No",6,"No_phone_service","DSL","Yes","Mailed check",255.6,"No"
0,"No","Yes",63,"No_phone_service","DSL","No","Bank transfer (automatic)",2395.05,"No"
1,"No","No",1,"No","Fiber optic","Yes","Electronic check",70.6,"Yes"
0,"No","No",48,"Yes","Fiber optic","Yes","Credit card (automatic)",5083.55,"Yes"
1,"No","No",5,"No","Fiber optic","Yes","Credit card (automatic)",389.6,"Yes"
1,"No","No",6,"No","Fiber optic","Yes","Electronic check",523.5,"Yes"
0,"No","No",33,"No","Fiber optic","Yes","Bank transfer (automatic)",2406.1,"Yes"
0,"No","Yes",54,"Yes","DSL","Yes","Electronic check",4524.05,"Yes"
0,"No","No",46,"No","Fiber optic","Yes","Credit card (automatic)",4664.2,"No"
0,"No","Yes",34,"Yes","Fiber optic","Yes","Electronic check",3470.8,"No"
0,"No","Yes",71,"Yes","Fiber optic","Yes","Electronic check",6910.3,"No"
0,"No","Yes",63,"No","DSL","No","Mailed check",4014.2,"No"
1,"Yes","No",26,"Yes","Fiber optic","Yes","Electronic check",2277.65,"Yes"
0,"No","No",64,"No","Fiber optic","Yes","Bank transfer (automatic)",6375.8,"No"
1,"Yes","No",1,"No_phone_service","DSL","Yes","Electronic check",24.8,"Yes"
0,"Yes","No",61,"Yes","Fiber optic","Yes","Bank transfer (automatic)",5251.75,"No"
0,"No","No",15,"No","Fiber optic","Yes","Credit card (automatic)",1505.45,"Yes"
1,"No","No",64,"Yes","Fiber optic","Yes","Credit card (automatic)",6903.1,"No"
0,"No","No",18,"Yes","DSL","Yes","Electronic check",913.3,"Yes"
0,"No","Yes",57,"No","Fiber optic","Yes","Electronic check",5535.8,"No"
0,"No","Yes",14,"No","DSL","Yes","Bank transfer (automatic)",815.55,"No"
0,"Yes","No",18,"Yes","Fiber optic","Yes","Credit card (automatic)",1411.65,"Yes"
0,"Yes","No",72,"Yes","Fiber optic","No","Bank transfer (automatic)",5602.25,"No"
0,"No","No",70,"Yes","Fiber optic","No","Credit card (automatic)",8244.3,"No"
0,"No","Yes",68,"No","DSL","No","Credit card (automatic)",4375.8,"No"
1,"No","No",13,"No","Fiber optic","Yes","Electronic check",1008.7,"Yes"
0,"Yes","No",65,"Yes","Fiber optic","Yes","Credit card (automatic)",5968.4,"No"
0,"No","No",30,"Yes","Fiber optic","No","Electronic check",3096.9,"Yes"
0,"No","No",51,"Yes","DSL","Yes","Bank transfer (automatic)",3901.25,"No"
0,"No","No",31,"Yes","Fiber optic","Yes","Credit card (automatic)",2613.4,"Yes"
1,"No","No",9,"No","Fiber optic","No","Electronic check",853.1,"Yes"
0,"No","Yes",72,"Yes","DSL","Yes","Bank transfer (automatic)",5661.7,"No"
1,"No","No",10,"Yes","DSL","Yes","Credit card (automatic)",794.25,"Yes"
1,"No","No",2,"No","DSL","No","Electronic check",160.8,"Yes"
0,"No","No",55,"No","Fiber optic","Yes","Mailed check",5552.05,"No"
0,"No","Yes",33,"Yes","Fiber optic","Yes","Bank transfer (automatic)",3275.15,"Yes"
0,"No","Yes",46,"No","Fiber optic","No","Bank transfer (automatic)",4236.6,"No"
0,"No","Yes",1,"No","DSL","No","Electronic check",54.5,"Yes"
1,"Yes","No",20,"Yes","DSL","Yes","Mailed check",1174.35,"Yes"
1,"No","No",9,"No","Fiber optic","Yes","Electronic check",741.7,"Yes"
1,"Yes","No",32,"Yes","Fiber optic","Yes","Credit card (automatic)",3019.25,"Yes"
0,"No","Yes",19,"No","DSL","Yes","Bank transfer (automatic)",962.9,"Yes"
1,"No","No",70,"Yes","DSL","No","Credit card (automatic)",4759.75,"No"
0,"No","No",26,"No","DSL","No","Electronic check",1233.15,"Yes"
0,"No","No",45,"Yes","Fiber optic","Yes","Bank transfer (automatic)",4882.8,"Yes"
0,"No","Yes",62,"Yes","Fiber optic","Yes","Credit card (automatic)",5411.65,"No"
0,"No","No",3,"No","DSL","No","Mailed check",148.05,"Yes"
0,"No","Yes",41,"Yes","Fiber optic","Yes","Bank transfer (automatic)",3930.55,"No"
0,"No","Yes",67,"No","Fiber optic","No","Bank transfer (automatic)",6895.5,"No"
1,"No","No",1,"Yes","Fiber optic","Yes","Mailed check",84.65,"Yes"
0,"No","No",71,"Yes","Fiber optic","No","Mailed check",6856.95,"No"
0,"No","Yes",37,"No","DSL","No","Bank transfer (automatic)",2658.8,"No"
0,"No","No",60,"No","DSL","Yes","Mailed check",3766.2,"No"
1,"Yes","No",1,"No","Fiber optic","Yes","Electronic check",69.55,"Yes"
1,"No","No",13,"No_phone_service","DSL","Yes","Electronic check",347.25,"Yes"
0,"No","Yes",11,"No","DSL","No","Bank transfer (automatic)",581.7,"Yes"
1,"No","No",7,"No","DSL","Yes","Mailed check",354.05,"Yes"
0,"No","Yes",10,"No","Fiber optic","Yes","Electronic check",929.45,"Yes"
0,"No","No",62,"No","DSL","Yes","Mailed check",3846.75,"No"
0,"No","No",64,"Yes","DSL","Yes","Mailed check",4480.7,"No"
1,"No","Yes",1,"No","DSL","Yes","Bank transfer (automatic)",44.35,"Yes"
0,"No","No",26,"No","DSL","Yes","Mailed check",1553.2,"No"
0,"No","No",53,"Yes","Fiber optic","No","Mailed check",5311.85,"No"
1,"No","No",7,"No","Fiber optic","Yes","Electronic check",586.05,"Yes"
0,"No","No",33,"No","Fiber optic","Yes","Credit card (automatic)",2576.8,"Yes"
0,"Yes","No",71,"No","Fiber optic","No","Credit card (automatic)",6435.25,"No"
0,"No","No",29,"Yes","Fiber optic","Yes","Electronic check",1993.25,"Yes"
0,"No","Yes",24,"Yes","DSL","No","Bank transfer (automatic)",1923.85,"Yes"
0,"No","Yes",20,"No","DSL","Yes","Electronic check",939.8,"Yes"
0,"No","No",1,"Yes","Fiber optic","Yes","Electronic check",84.6,"Yes"
1,"No","Yes",54,"Yes","DSL","Yes","Credit card (automatic)",3092.65,"Yes"
1,"Yes","No",5,"No","Fiber optic","Yes","Mailed check",415.55,"Yes"
0,"No","Yes",72,"Yes","DSL","Yes","Bank transfer (automatic)",5986.55,"No"
0,"No","No",52,"No","Fiber optic","Yes","Electronic check",5487,"No"
0,"No","No",9,"No","Fiber optic","No","Electronic check",651.5,"Yes"
0,"No","No",1,"No","DSL","Yes","Mailed check",45.4,"Yes"
1,"Yes","No",1,"Yes","Fiber optic","Yes","Electronic check",73.65,"Yes"
1,"No","Yes",33,"No","DSL","Yes","Mailed check",2405.05,"No"
1,"No","No",55,"Yes","Fiber optic","Yes","Electronic check",4458.15,"Yes"
0,"No","Yes",69,"Yes","Fiber optic","Yes","Electronic check",6856.45,"No"
0,"No","No",1,"No","DSL","Yes","Mailed check",50.75,"Yes"
0,"No","No",54,"Yes","DSL","No","Bank transfer (automatic)",4735.2,"No"
0,"Yes","No",45,"Yes","Fiber optic","Yes","Bank transfer (automatic)",4525.8,"No"
0,"No","Yes",11,"No_phone_service","DSL","No","Electronic check",321.05,"Yes"
0,"No","No",6,"No","DSL","Yes","Bank transfer (automatic)",335.65,"Yes"
0,"No","No",21,"No","DSL","No","Bank transfer (automatic)",1424.4,"Yes"
1,"Yes","No",6,"Yes","Fiber optic","Yes","Electronic check",474.9,"Yes"
1,"No","No",8,"No","Fiber optic","No","Electronic check",668.4,"Yes"
1,"No","No",11,"No","Fiber optic","Yes","Electronic check",926.25,"Yes"
1,"No","Yes",49,"No_phone_service","DSL","Yes","Bank transfer (automatic)",2541.25,"No"
1,"Yes","No",1,"No","DSL","No","Electronic check",46,"Yes"
1,"Yes","No",15,"No","Fiber optic","Yes","Electronic check",1156.1,"Yes"
0,"No","Yes",60,"No","DSL","No","Bank transfer (automatic)",3694.45,"No"
0,"No","No",17,"No_phone_service","DSL","No","Credit card (automatic)",382.8,"Yes"
1,"Yes","No",16,"No","Fiber optic","Yes","Bank transfer (automatic)",1167.8,"Yes"
1,"Yes","No",44,"Yes","Fiber optic","No","Mailed check",3912.9,"No"
0,"No","Yes",12,"No_phone_service","DSL","No","Credit card (automatic)",368.85,"No"
0,"No","No",28,"No","DSL","Yes","Electronic check",1654.7,"No"
1,"No","Yes",5,"No","DSL","No","Mailed check",221.7,"Yes"
0,"No","No",18,"No","Fiber optic","No","Credit card (automatic)",1794.65,"Yes"
0,"No","No",70,"Yes","DSL","Yes","Credit card (automatic)",5289.8,"No"
0,"No","Yes",9,"Yes","DSL","Yes","Mailed check",501.2,"Yes"
0,"Yes","No",67,"No","Fiber optic","Yes","Bank transfer (automatic)",6140.85,"No"
0,"No","No",1,"No","DSL","Yes","Bank transfer (automatic)",48.45,"Yes"
1,"No","No",4,"Yes","DSL","No","Credit card (automatic)",201.1,"Yes"
0,"Yes","Yes",71,"No","Fiber optic","Yes","Bank transfer (automatic)",6179.35,"No"
1,"No","Yes",30,"Yes","Fiber optic","Yes","Electronic check",2838.7,"Yes"
0,"No","No",1,"No","DSL","No","Mailed check",55.7,"Yes"
0,"No","No",55,"Yes","Fiber optic","Yes","Credit card (automatic)",4589.85,"No"
0,"No","No",59,"No","DSL","Yes","Electronic check",3735.45,"Yes"
1,"No","No",1,"No","Fiber optic","Yes","Mailed check",70.15,"Yes"
0,"No","No",7,"No","Fiber optic","Yes","Bank transfer (automatic)",477.55,"Yes"
0,"No","Yes",45,"No","DSL","No","Bank transfer (automatic)",2553.7,"No"
0,"Yes","No",72,"Yes","Fiber optic","No","Credit card (automatic)",7578.05,"No"
0,"No","No",44,"No","DSL","Yes","Bank transfer (automatic)",2603.95,"No"
0,"No","No",66,"Yes","Fiber optic","Yes","Bank transfer (automatic)",6056.9,"No"
0,"No","Yes",68,"No_phone_service","DSL","No","Mailed check",2983.65,"No"
0,"Yes","No",21,"Yes","Fiber optic","Yes","Bank transfer (automatic)",2025.1,"Yes"
0,"No","Yes",21,"Yes","Fiber optic","No","Electronic check",1747.2,"Yes"
0,"No","Yes",55,"Yes","DSL","Yes","Bank transfer (automatic)",4657.95,"No"
1,"No","No",9,"No_phone_service","DSL","Yes","Credit card (automatic)",296.1,"Yes"
0,"Yes","No",71,"Yes","Fiber optic","Yes","Bank transfer (automatic)",8016.6,"No"
1,"No","No",1,"No","Fiber optic","Yes","Electronic check",81.1,"Yes"
1,"No","No",61,"Yes","Fiber optic","Yes","Electronic check",6428.4,"No"
0,"No","No",67,"Yes","DSL","No","Bank transfer (automatic)",5883.85,"No"
0,"Yes","No",14,"No","Fiber optic","No","Electronic check",1043.8,"Yes"
1,"No","No",59,"Yes","Fiber optic","Yes","Electronic check",6252.9,"Yes"
0,"Yes","No",21,"No","Fiber optic","No","Bank transfer (automatic)",1857.25,"Yes"
0,"No","No",4,"No_phone_service","DSL","No","Mailed check",146.4,"Yes"
1,"No","No",3,"No","Fiber optic","Yes","Electronic check",240.45,"Yes"
1,"No","No",3,"No","Fiber optic","Yes","Electronic check",315.3,"Yes"
1,"No","No",1,"No","DSL","Yes","Mailed check",55.7,"Yes"
1,"No","No",13,"No","Fiber optic","Yes","Electronic check",973.45,"Yes"
0,"No","No",5,"No","Fiber optic","No","Electronic check",384.25,"Yes"
0,"No","Yes",72,"Yes","Fiber optic","Yes","Credit card (automatic)",8543.25,"No"
0,"No","No",13,"No_phone_service","DSL","Yes","Electronic check",389.95,"Yes"
0,"No","No",61,"No","Fiber optic","No","Credit card (automatic)",5731.85,"Yes"
0,"Yes","No",56,"Yes","Fiber optic","Yes","Bank transfer (automatic)",4275.75,"Yes"
0,"No","No",35,"Yes","DSL","No","Mailed check",1924.1,"No"
1,"No","No",18,"No_phone_service","DSL","Yes","Electronic check",669.85,"Yes"
0,"No","No",72,"Yes","DSL","No","Bank transfer (automatic)",5784.3,"No"
0,"Yes","No",49,"Yes","Fiber optic","No","Bank transfer (automatic)",5166.2,"No"
0,"No","No",44,"Yes","Fiber optic","Yes","Credit card (automatic)",4060.55,"Yes"
1,"Yes","No",3,"No","Fiber optic","Yes","Mailed check",267.4,"Yes"
0,"No","Yes",37,"Yes","Fiber optic","Yes","Electronic check",3532.85,"Yes"
0,"No","No",61,"Yes","DSL","Yes","Electronic check",4914.8,"No"
0,"No","No",70,"Yes","DSL","Yes","Credit card (automatic)",5315.8,"No"
1,"Yes","No",1,"No","Fiber optic","Yes","Electronic check",69.85,"Yes"
0,"No","Yes",70,"Yes","DSL","No","Bank transfer (automatic)",5445.95,"No"
1,"No","No",1,"No","DSL","Yes","Mailed check",53.55,"Yes"
1,"No","Yes",70,"Yes","Fiber optic","No","Bank transfer (automatic)",6579.05,"No"
1,"No","Yes",68,"Yes","Fiber optic","Yes","Electronic check",7856,"No"
1,"Yes","No",26,"No","Fiber optic","No","Electronic check",2169.75,"Yes"
1,"No","No",11,"Yes","Fiber optic","Yes","Bank transfer (automatic)",896.9,"Yes"
0,"Yes","No",46,"No","Fiber optic","Yes","Bank transfer (automatic)",4126.35,"No"
1,"No","No",1,"No","DSL","Yes","Mailed check",49.65,"Yes"
1,"No","No",46,"No","DSL","No","Credit card (automatic)",2460.15,"No"
1,"No","No",4,"No","Fiber optic","Yes","Electronic check",370.65,"Yes"
0,"No","No",31,"No","DSL","Yes","Credit card (automatic)",2424.45,"No"
0,"No","Yes",23,"Yes","Fiber optic","Yes","Electronic check",1849.95,"Yes"
1,"Yes","No",22,"Yes","Fiber optic","Yes","Bank transfer (automatic)",1910.6,"Yes"
1,"No","No",9,"No","Fiber optic","Yes","Mailed check",890.6,"Yes"
1,"No","Yes",7,"No","Fiber optic","Yes","Bank transfer (automatic)",529.5,"Yes"
0,"No","Yes",35,"No_phone_service","DSL","No","Mailed check",1383.6,"No"
0,"No","No",6,"No","DSL","Yes","Mailed check",493.4,"No"
1,"No","No",1,"No","DSL","Yes","Credit card (automatic)",48.6,"Yes"
0,"No","No",17,"No","Fiber optic","Yes","Electronic check",1207,"Yes"
0,"No","Yes",10,"No","DSL","No","Mailed check",563.5,"Yes"
0,"No","Yes",15,"No","DSL","No","Credit card (automatic)",864.55,"No"
1,"Yes","No",40,"No_phone_service","DSL","Yes","Electronic check",2109.35,"Yes"
0,"No","Yes",13,"No","DSL","No","Bank transfer (automatic)",701.05,"No"
1,"No","No",29,"Yes","Fiber optic","Yes","Bank transfer (automatic)",2265.25,"Yes"
1,"No","No",3,"Yes","Fiber optic","Yes","Electronic check",220.6,"Yes"
0,"Yes","No",58,"Yes","Fiber optic","Yes","Bank transfer (automatic)",5749.8,"Yes"
0,"No","No",45,"No","DSL","Yes","Credit card (automatic)",2796.45,"No"
0,"No","Yes",72,"Yes","DSL","Yes","Bank transfer (automatic)",5165.7,"No"
0,"No","Yes",68,"Yes","Fiber optic","Yes","Bank transfer (automatic)",5696.6,"No"
0,"No","Yes",38,"No","DSL","No","Electronic check",2076.05,"Yes"
0,"Yes","No",20,"No","Fiber optic","Yes","Bank transfer (automatic)",1859.5,"No"
0,"No","No",72,"Yes","Fiber optic","Yes","Bank transfer (automatic)",7470.1,"No"
1,"No","No",3,"Yes","Fiber optic","Yes","Credit card (automatic)",229.5,"Yes"
1,"No","No",23,"Yes","Fiber optic","Yes","Mailed check",2470.1,"Yes"
0,"No","No",40,"No","DSL","Yes","Electronic check",2092.9,"Yes"
0,"Yes","No",62,"Yes","Fiber optic","Yes","Bank transfer (automatic)",5629.55,"Yes"
0,"No","No",11,"No","DSL","No","Bank transfer (automatic)",733.95,"Yes"
0,"Yes","No",7,"Yes","Fiber optic","Yes","Electronic check",485.25,"Yes"
1,"No","No",13,"Yes","Fiber optic","Yes","Electronic check",1244.5,"Yes"
1,"No","No",39,"Yes","Fiber optic","Yes","Electronic check",3994.45,"Yes"
0,"No","No",3,"No_phone_service","DSL","No","Mailed check",78.25,"Yes"
0,"No","No",22,"No","DSL","Yes","Mailed check",1178.75,"Yes"
1,"No","No",14,"No_phone_service","DSL","No","Electronic check",667.7,"Yes"
0,"No","Yes",64,"Yes","Fiber optic","No","Credit card (automatic)",5629.15,"No"
1,"No","No",1,"No","Fiber optic","No","Electronic check",79.6,"Yes"
1,"No","No",1,"No","Fiber optic","Yes","Electronic check",75.9,"Yes"
1,"No","No",1,"No","Fiber optic","No","Electronic check",76.2,"Yes"
0,"No","No",64,"Yes","DSL","Yes","Credit card (automatic)",4392.5,"No"
0,"No","No",46,"No","DSL","Yes","Credit card (automatic)",3168,"Yes"
0,"Yes","Yes",28,"No_phone_service","DSL","Yes","Electronic check",1096.6,"No"
0,"No","Yes",39,"No","DSL","No","Electronic check",2343.85,"No"
1,"No","No",42,"Yes","Fiber optic","Yes","Electronic check",3588.4,"Yes"
0,"No","No",1,"No","DSL","Yes","Electronic check",48.6,"Yes"
1,"No","No",7,"No","Fiber optic","Yes","Electronic check",522.95,"Yes"
0,"Yes","No",70,"No","Fiber optic","No","Credit card (automatic)",7511.9,"No"
0,"No","No",1,"No","DSL","No","Electronic check",49.75,"Yes"
0,"No","No",18,"Yes","Fiber optic","Yes","Electronic check",1691.9,"Yes"
0,"No","No",24,"Yes","Fiber optic","Yes","Electronic check",2248.05,"Yes"
0,"No","No",63,"Yes","DSL","Yes","Bank transfer (automatic)",4479.2,"No"
0,"No","Yes",44,"Yes","DSL","Yes","Mailed check",3471.1,"No"
1,"No","No",1,"No","Fiber optic","Yes","Electronic check",70.25,"Yes"
0,"No","Yes",37,"Yes","Fiber optic","Yes","Electronic check",3314.15,"Yes"
1,"Yes","No",10,"No","Fiber optic","Yes","Credit card (automatic)",865.55,"Yes"
0,"No","No",34,"No_phone_service","DSL","Yes","Bank transfer (automatic)",852.7,"Yes"
0,"No","No",35,"No_phone_service","DSL","No","Credit card (automatic)",1930.9,"No"
0,"Yes","No",39,"Yes","Fiber optic","Yes","Electronic check",3949.15,"Yes"
0,"Yes","No",43,"No","Fiber optic","Yes","Bank transfer (automatic)",4304,"No"
0,"No","No",49,"Yes","DSL","No","Electronic check",3472.05,"No"
0,"No","Yes",64,"No_phone_service","DSL","No","Electronic check",3210.35,"No"
0,"No","No",3,"No","Fiber optic","Yes","Mailed check",207.4,"Yes"
0,"No","No",40,"No","Fiber optic","No","Electronic check",3132.75,"No"
1,"No","Yes",1,"No","DSL","Yes","Electronic check",60,"Yes"
1,"No","No",8,"Yes","Fiber optic","Yes","Electronic check",649.65,"Yes"
0,"Yes","No",34,"No","DSL","No","Bank transfer (automatic)",2106.3,"No"
0,"No","No",1,"No_phone_service","DSL","No","Electronic check",35,"Yes"
1,"No","No",39,"No_phone_service","DSL","Yes","Electronic check",2011.4,"Yes"
1,"Yes","No",58,"No","Fiber optic","Yes","Credit card (automatic)",6205.5,"No"
1,"Yes","No",6,"No","Fiber optic","Yes","Bank transfer (automatic)",503.6,"Yes"
0,"No","No",43,"No","Fiber optic","Yes","Credit card (automatic)",3882.3,"No"
0,"No","No",5,"No","Fiber optic","Yes","Electronic check",383.65,"Yes"
0,"No","No",72,"No_phone_service","DSL","Yes","Credit card (automatic)",4390.25,"No"
0,"No","Yes",9,"No","DSL","No","Mailed check",452.8,"Yes"
0,"Yes","No",72,"Yes","DSL","Yes","Credit card (automatic)",5329,"No"
0,"No","No",33,"No","DSL","Yes","Mailed check",1758.9,"No"
0,"No","No",72,"Yes","Fiber optic","No","Bank transfer (automatic)",5737.6,"No"
1,"No","No",22,"No","DSL","Yes","Electronic check",1152.7,"Yes"
1,"No","No",70,"Yes","Fiber optic","Yes","Electronic check",7674.55,"No"
1,"No","Yes",21,"Yes","Fiber optic","No","Electronic check",2157.95,"Yes"
0,"No","No",15,"No","Fiber optic","No","Electronic check",1219.85,"Yes"
0,"Yes","No",29,"Yes","Fiber optic","Yes","Electronic check",2414.55,"Yes"
0,"No","Yes",15,"No","DSL","No","Bank transfer (automatic)",1155.6,"Yes"
1,"Yes","Yes",71,"Yes","Fiber optic","Yes","Credit card (automatic)",7548.1,"Yes"
0,"No","No",19,"Yes","Fiber optic","Yes","Electronic check",1564.4,"Yes"
1,"No","No",1,"No","Fiber optic","Yes","Electronic check",75.7,"Yes"
0,"No","No",2,"No","DSL","No","Electronic check",84.4,"Yes"
0,"Yes","Yes",11,"Yes","Fiber optic","Yes","Credit card (automatic)",864.85,"Yes"
0,"No","No",70,"Yes","Fiber optic","Yes","Electronic check",7752.05,"No"
1,"Yes","No",20,"Yes","Fiber optic","No","Electronic check",1951,"Yes"
0,"Yes","No",49,"Yes","DSL","No","Credit card (automatic)",4060.9,"No"
1,"No","Yes",4,"Yes","Fiber optic","Yes","Electronic check",384.5,"Yes"
1,"No","No",32,"Yes","Fiber optic","Yes","Credit card (automatic)",3432.9,"Yes"
0,"No","Yes",2,"No","DSL","Yes","Electronic check",108.65,"Yes"
0,"Yes","No",69,"No_phone_service","DSL","No","Credit card (automatic)",3952.65,"No"
1,"No","No",6,"No","Fiber optic","Yes","Credit card (automatic)",463.05,"Yes"
0,"No","No",32,"Yes","Fiber optic","Yes","Credit card (automatic)",3416.85,"No"
0,"No","No",27,"No","DSL","No","Bank transfer (automatic)",1498.65,"No"
1,"Yes","No",27,"Yes","Fiber optic","Yes","Bank transfer (automatic)",2867.75,"Yes"
0,"No","No",58,"Yes","Fiber optic","No","Bank transfer (automatic)",4807.35,"Yes"
1,"No","No",1,"No","Fiber optic","Yes","Mailed check",71.35,"Yes"
0,"No","Yes",70,"Yes","Fiber optic","Yes","Electronic check",7689.8,"No"
1,"No","No",13,"Yes","Fiber optic","No","Electronic check",1132.35,"Yes"
0,"No","Yes",36,"No","DSL","No","Credit card (automatic)",1815,"Yes"
0,"Yes","No",19,"No","Fiber optic","Yes","Electronic check",1637.3,"Yes"
0,"No","Yes",72,"Yes","DSL","Yes","Mailed check",6376.55,"No"
0,"No","Yes",18,"No","DSL","No","Electronic check",1611.15,"Yes"
0,"Yes","No",67,"Yes","Fiber optic","No","Bank transfer (automatic)",6989.7,"No"
0,"No","Yes",69,"No_phone_service","DSL","No","Mailed check",2779.5,"No"
1,"No","No",19,"Yes","Fiber optic","Yes","Electronic check",1931.75,"Yes"
0,"Yes","No",72,"Yes","Fiber optic","Yes","Mailed check",8331.95,"No"
0,"Yes","No",40,"No","DSL","No","Electronic check",2283.3,"No"
1,"No","No",10,"Yes","Fiber optic","Yes","Credit card (automatic)",818.05,"Yes"
0,"No","No",32,"Yes","DSL","Yes","Credit card (automatic)",2333.05,"No"
0,"No","No",21,"Yes","Fiber optic","Yes","Credit card (automatic)",1992.55,"Yes"
0,"Yes","No",59,"Yes","Fiber optic","Yes","Electronic check",5890,"No"
1,"Yes","No",13,"No","Fiber optic","Yes","Electronic check",916.75,"Yes"
0,"Yes","No",15,"Yes","Fiber optic","Yes","Electronic check",1392.25,"Yes"
1,"No","No",1,"No","Fiber optic","Yes","Mailed check",70.15,"Yes"
0,"Yes","No",16,"No","Fiber optic","Yes","Electronic check",1540.05,"Yes"
0,"No","Yes",48,"No_phone_service","DSL","No","Mailed check",1978.65,"No"
0,"Yes","No",30,"Yes","Fiber optic","Yes","Bank transfer (automatic)",3181.8,"Yes"
0,"No","No",3,"No","Fiber optic","Yes","Electronic check",229.7,"Yes"
0,"Yes","No",57,"Yes","Fiber optic","No","Electronic check",5625.55,"No"
1,"Yes","No",68,"Yes","Fiber optic","Yes","Credit card (automatic)",6581.9,"No"
0,"No","No",23,"No","DSL","No","Bank transfer (automatic)",1347.15,"No"
0,"No","No",65,"No","DSL","Yes","Credit card (automatic)",3808.2,"No"
0,"No","No",44,"No","Fiber optic","Yes","Bank transfer (automatic)",3974.15,"No"
0,"No","Yes",71,"Yes","Fiber optic","Yes","Bank transfer (automatic)",7661.8,"No"
0,"No","No",37,"Yes","DSL","No","Credit card (automatic)",2479.25,"No"
0,"No","Yes",69,"Yes","DSL","Yes","Bank transfer (automatic)",5601.4,"No"
0,"No","No",35,"No","DSL","No","Electronic check",1982.6,"Yes"
0,"No","No",5,"No","DSL","Yes","Bank transfer (automatic)",339.9,"Yes"
0,"No","Yes",58,"Yes","Fiber optic","No","Bank transfer (automatic)",4828.05,"No"
0,"No","No",72,"Yes","DSL","Yes","Bank transfer (automatic)",5980.55,"No"
0,"No","No",72,"Yes","DSL","No","Mailed check",4808.7,"No"
1,"No","No",39,"No","Fiber optic","Yes","Electronic check",3692.85,"No"
0,"No","No",27,"No","Fiber optic","Yes","Electronic check",2383.6,"Yes"
1,"Yes","No",1,"No","Fiber optic","Yes","Electronic check",69.65,"Yes"
1,"Yes","No",1,"No","Fiber optic","Yes","Electronic check",89.3,"Yes"
0,"No","No",18,"No","Fiber optic","No","Electronic check",1438.05,"Yes"
0,"No","No",72,"Yes","DSL","Yes","Credit card (automatic)",6096.45,"No"
1,"No","No",36,"No","Fiber optic","Yes","Electronic check",3078.1,"Yes"
0,"No","No",4,"No_phone_service","DSL","Yes","Electronic check",99.95,"Yes"
0,"No","Yes",40,"No_phone_service","DSL","Yes","Electronic check",2036.55,"Yes"
0,"No","No",63,"Yes","Fiber optic","Yes","Electronic check",6444.05,"Yes"
1,"Yes","No",15,"No","Fiber optic","Yes","Mailed check",1426.75,"Yes"
0,"No","No",14,"Yes","DSL","Yes","Credit card (automatic)",767.55,"Yes"
0,"Yes","No",72,"Yes","Fiber optic","Yes","Bank transfer (automatic)",7932.5,"No"
0,"No","No",39,"Yes","Fiber optic","Yes","Electronic check",4040.65,"Yes"
0,"No","Yes",47,"No_phone_service","DSL","Yes","Credit card (automatic)",2768.65,"No"
0,"No","No",19,"Yes","Fiber optic","Yes","Credit card (automatic)",1672.35,"Yes"
1,"No","No",5,"Yes","Fiber optic","Yes","Electronic check",474.8,"Yes"
1,"No","No",13,"No_phone_service","DSL","Yes","Electronic check",446.1,"Yes"
0,"No","No",17,"Yes","Fiber optic","No","Bank transfer (automatic)",1345.65,"Yes"
0,"Yes","No",34,"Yes","Fiber optic","Yes","Electronic check",2425.4,"Yes"
0,"No","No",42,"No","DSL","Yes","Electronic check",2077.95,"Yes"
1,"No","No",5,"Yes","Fiber optic","Yes","Electronic check",416.3,"Yes"
0,"Yes","No",19,"No","DSL","No","Bank transfer (automatic)",1286.05,"Yes"
0,"No","No",72,"Yes","Fiber optic","Yes","Electronic check",7719.5,"No"
0,"No","No",6,"No","Fiber optic","Yes","Mailed check",514.6,"Yes"
1,"No","Yes",17,"Yes","Fiber optic","Yes","Electronic check",1451.6,"Yes"
0,"No","No",61,"Yes","DSL","No","Bank transfer (automatic)",4932.5,"No"
1,"No","Yes",1,"No","Fiber optic","Yes","Electronic check",71,"Yes"
0,"No","Yes",48,"Yes","Fiber optic","No","Credit card (automatic)",5443.65,"No"
1,"Yes","No",9,"Yes","Fiber optic","Yes","Electronic check",746.5,"Yes"
0,"No","No",3,"No","DSL","No","Electronic check",122.7,"Yes"
1,"No","Yes",1,"No","DSL","Yes","Electronic check",44.4,"Yes"
0,"No","No",65,"Yes","Fiber optic","No","Credit card (automatic)",6631.85,"No"
0,"No","Yes",70,"Yes","Fiber optic","Yes","Credit card (automatic)",8250,"No"
0,"No","No",60,"No","DSL","Yes","Mailed check",3561.15,"No"
0,"Yes","No",35,"No","Fiber optic","No","Electronic check",2419,"Yes"
0,"No","Yes",66,"Yes","DSL","No","Bank transfer (automatic)",5234.95,"No"
1,"Yes","No",1,"No","Fiber optic","Yes","Electronic check",70.3,"Yes"
1,"No","No",1,"No","Fiber optic","Yes","Bank transfer (automatic)",79.35,"Yes"
0,"No","Yes",34,"Yes","Fiber optic","Yes","Credit card (automatic)",3097,"Yes"
0,"No","Yes",31,"No_phone_service","DSL","No","Electronic check",1848.8,"No"
1,"No","No",9,"No","Fiber optic","Yes","Bank transfer (automatic)",809.75,"Yes"
1,"No","Yes",20,"No","Fiber optic","Yes","Electronic check",1470.95,"Yes"
0,"Yes","No",19,"No_phone_service","DSL","Yes","Credit card (automatic)",577.15,"Yes"
0,"No","No",65,"Yes","Fiber optic","Yes","Electronic check",6914.95,"Yes"
0,"No","No",2,"No_phone_service","DSL","No","Electronic check",96.8,"Yes"
0,"No","Yes",53,"Yes","DSL","No","Electronic check",3827.9,"Yes"
0,"Yes","No",7,"Yes","Fiber optic","Yes","Electronic check",533.05,"Yes"
0,"No","Yes",61,"No","DSL","Yes","Bank transfer (automatic)",2961.4,"No"
1,"Yes","No",70,"No_phone_service","DSL","Yes","Electronic check",3264.45,"No"
0,"No","No",13,"Yes","DSL","Yes","Electronic check",995.35,"Yes"
0,"Yes","No",35,"Yes","Fiber optic","Yes","Bank transfer (automatic)",2815.25,"No"
0,"No","No",2,"No","Fiber optic","Yes","Credit card (automatic)",154.8,"Yes"
1,"No","No",3,"Yes","Fiber optic","Yes","Electronic check",246.3,"Yes"
0,"No","No",3,"Yes","Fiber optic","No","Electronic check",257.6,"Yes"
0,"No","No",62,"Yes","Fiber optic","Yes","Bank transfer (automatic)",5757.2,"No"
0,"No","Yes",72,"Yes","Fiber optic","No","Credit card (automatic)",7517.7,"No"
1,"Yes","No",20,"No","Fiber optic","No","Credit card (automatic)",1389.2,"Yes"
0,"Yes","No",35,"Yes","Fiber optic","Yes","Bank transfer (automatic)",3836.3,"No"
1,"Yes","No",21,"No","Fiber optic","Yes","Electronic check",1474.75,"Yes"
0,"No","No",62,"Yes","Fiber optic","No","Electronic check",6001.45,"No"
0,"No","No",15,"Yes","DSL","Yes","Mailed check",720.1,"Yes"
0,"No","No",55,"No","DSL","Yes","Credit card (automatic)",2832.75,"Yes"
0,"No","No",11,"No","DSL","Yes","Mailed check",472.25,"Yes"
1,"No","Yes",17,"Yes","Fiber optic","No","Electronic check",1460.65,"Yes"
0,"No","No",71,"Yes","DSL","No","Credit card (automatic)",6388.65,"No"
1,"No","No",2,"No","Fiber optic","No","Bank transfer (automatic)",153.05,"Yes"
0,"No","No",17,"No","Fiber optic","No","Bank transfer (automatic)",1165.6,"Yes"
1,"No","No",21,"Yes","Fiber optic","Yes","Electronic check",2119.5,"Yes"
0,"No","No",1,"No","DSL","Yes","Mailed check",44,"Yes"
0,"No","Yes",44,"Yes","Fiber optic","No","Electronic check",4295.35,"No"
1,"No","No",24,"Yes","DSL","Yes","Bank transfer (automatic)",1400.55,"Yes"
1,"No","Yes",1,"No","Fiber optic","Yes","Electronic check",69.65,"Yes"
0,"No","No",18,"No","Fiber optic","Yes","Electronic check",1380.4,"Yes"
1,"No","No",10,"Yes","Fiber optic","Yes","Electronic check",1060.2,"Yes"
0,"No","No",65,"No","DSL","No","Bank transfer (automatic)",4386.2,"No"
1,"Yes","No",1,"No","Fiber optic","Yes","Electronic check",86,"Yes"
1,"No","No",53,"Yes","Fiber optic","Yes","Credit card (automatic)",5785.5,"No"
0,"No","No",33,"No","DSL","Yes","Mailed check",2018.4,"No"
1,"No","No",3,"No_phone_service","DSL","Yes","Electronic check",79.45,"Yes"
0,"No","No",34,"No","DSL","Yes","Bank transfer (automatic)",2727.3,"No"
1,"Yes","No",46,"No_phone_service","DSL","Yes","Bank transfer (automatic)",2816.65,"No"
0,"No","Yes",17,"No","DSL","Yes","Mailed check",846.8,"Yes"
1,"No","Yes",49,"Yes","Fiber optic","Yes","Electronic check",4783.5,"Yes"
0,"Yes","No",59,"No_phone_service","DSL","Yes","Electronic check",2997.45,"Yes"
0,"No","No",69,"Yes","DSL","Yes","Credit card (automatic)",5897.4,"No"
1,"No","No",11,"No_phone_service","DSL","Yes","Electronic check",470.6,"No"
0,"No","No",10,"No","DSL","Yes","Mailed check",524.5,"Yes"
1,"No","No",45,"Yes","Fiber optic","Yes","Credit card (automatic)",4740,"Yes"
0,"No","Yes",39,"No","DSL","Yes","Mailed check",2341.5,"Yes"
0,"Yes","No",67,"Yes","Fiber optic","Yes","Mailed check",5060.85,"Yes"
1,"No","Yes",37,"No_phone_service","DSL","No","Bank transfer (automatic)",1448.8,"Yes"
1,"No","Yes",49,"Yes","Fiber optic","No","Electronic check",4254.85,"Yes"
0,"No","No",9,"No","DSL","No","Mailed check",466.6,"Yes"
0,"No","No",52,"Yes","Fiber optic","Yes","Credit card (automatic)",4627.8,"No"
0,"No","No",70,"Yes","Fiber optic","No","Electronic check",6838.6,"No"
0,"No","No",1,"No","Fiber optic","Yes","Electronic check",85,"Yes"
1,"Yes","No",14,"Yes","Fiber optic","Yes","Electronic check",1101.85,"Yes"
0,"No","No",1,"No","DSL","Yes","Mailed check",44.3,"Yes"
0,"No","No",52,"Yes","Fiber optic","Yes","Mailed check",4297.6,"No"
0,"No","No",6,"No","DSL","No","Mailed check",414.1,"Yes"
0,"No","No",7,"No_phone_service","DSL","No","Mailed check",256.6,"Yes"
1,"Yes","No",47,"Yes","Fiber optic","Yes","Bank transfer (automatic)",3969.35,"Yes"
0,"No","No",26,"No","Fiber optic","Yes","Credit card (automatic)",2274.1,"No"
0,"No","Yes",25,"No","DSL","No","Electronic check",1296.8,"Yes"
0,"No","No",72,"Yes","Fiber optic","Yes","Credit card (automatic)",8192.6,"No"
0,"No","No",67,"No","DSL","No","Bank transfer (automatic)",4361.55,"No"
0,"Yes","No",26,"No","Fiber optic","Yes","Electronic check",2006.1,"Yes"
0,"No","No",27,"No","DSL","No","Mailed check",2078.95,"No"
0,"No","Yes",72,"Yes","Fiber optic","No","Bank transfer (automatic)",7609.75,"No"
0,"No","No",6,"No","Fiber optic","Yes","Electronic check",487.05,"Yes"
0,"No","No",20,"Yes","DSL","Yes","Electronic check",1416.2,"No"
0,"No","No",6,"No","DSL","No","Credit card (automatic)",483.3,"Yes"
0,"Yes","No",62,"Yes","Fiber optic","Yes","Electronic check",5618.3,"Yes"
0,"No","No",72,"Yes","Fiber optic","Yes","Bank transfer (automatic)",6185.15,"No"
1,"Yes","No",13,"No","Fiber optic","Yes","Electronic check",1237.85,"Yes"
1,"No","No",5,"No","Fiber optic","Yes","Electronic check",498.1,"Yes"
1,"Yes","No",3,"Yes","Fiber optic","Yes","Electronic check",294.45,"Yes"
1,"Yes","No",26,"Yes","Fiber optic","Yes","Electronic check",2381.55,"Yes"
0,"Yes","No",13,"No","DSL","Yes","Electronic check",788.35,"Yes"
1,"Yes","No",8,"Yes","Fiber optic","Yes","Electronic check",613.4,"Yes"
0,"Yes","Yes",34,"Yes","Fiber optic","Yes","Electronic check",3625.2,"Yes"
0,"No","No",18,"No_phone_service","DSL","No","Mailed check",550.35,"Yes"
0,"No","Yes",56,"No","Fiber optic","Yes","Mailed check",4793.8,"No"
0,"No","No",36,"No_phone_service","DSL","Yes","Bank transfer (automatic)",1267.2,"Yes"
1,"No","No",9,"No_phone_service","DSL","Yes","Electronic check",442.2,"Yes"
1,"No","No",1,"No","Fiber optic","Yes","Electronic check",84.85,"Yes"
1,"No","No",12,"No","DSL","No","Mailed check",654.85,"Yes"
0,"Yes","Yes",57,"No","Fiber optic","Yes","Credit card (automatic)",5567.45,"Yes"
1,"No","No",42,"No","DSL","No","Credit card (automatic)",3160.55,"No"
0,"No","No",70,"No","Fiber optic","No","Bank transfer (automatic)",5706.2,"No"
0,"No","No",68,"No_phone_service","DSL","No","Electronic check",3085.35,"Yes"
0,"No","Yes",1,"No_phone_service","DSL","Yes","Electronic check",24.7,"Yes"
0,"No","No",37,"Yes","Fiber optic","No","Credit card (automatic)",3541.4,"Yes"
0,"No","No",1,"No","DSL","Yes","Mailed check",50.7,"Yes"
0,"No","No",20,"No_phone_service","DSL","Yes","Credit card (automatic)",1165.55,"Yes"
0,"No","Yes",72,"No","DSL","No","Bank transfer (automatic)",4855.35,"No"
1,"No","No",31,"Yes","Fiber optic","Yes","Electronic check",2806.9,"Yes"
1,"Yes","No",18,"No","Fiber optic","No","Electronic check",1422.65,"Yes"
0,"No","No",11,"No","DSL","Yes","Bank transfer (automatic)",608.15,"Yes"
0,"Yes","No",62,"Yes","Fiber optic","No","Electronic check",4959.15,"No"
0,"No","No",1,"No_phone_service","DSL","No","Mailed check",35.9,"Yes"
0,"No","No",16,"No","Fiber optic","No","Bank transfer (automatic)",1321.3,"Yes"
0,"No","Yes",22,"Yes","DSL","Yes","Mailed check",1663.75,"No"
0,"No","Yes",49,"No","DSL","No","Bank transfer (automatic)",3024.15,"Yes"
0,"No","Yes",36,"No","DSL","Yes","Credit card (automatic)",2188.5,"No"
1,"No","No",42,"Yes","Fiber optic","Yes","Electronic check",4138.05,"Yes"
1,"Yes","No",4,"No_phone_service","DSL","Yes","Bank transfer (automatic)",102.5,"Yes"
1,"No","No",12,"Yes","DSL","No","Mailed check",872.65,"No"
0,"No","No",31,"No","Fiber optic","No","Electronic check",2724.25,"Yes"
0,"No","No",5,"Yes","Fiber optic","Yes","Electronic check",413.25,"Yes"
1,"Yes","No",15,"Yes","DSL","No","Credit card (automatic)",757.1,"Yes"
0,"No","No",64,"Yes","Fiber optic","Yes","Bank transfer (automatic)",6692.65,"No"
1,"No","Yes",7,"No","Fiber optic","Yes","Electronic check",608.8,"Yes"
0,"No","No",29,"No_phone_service","DSL","No","Electronic check",1004.75,"Yes"
0,"No","No",46,"Yes","Fiber optic","No","Mailed check",3847.6,"Yes"
0,"No","No",17,"No","DSL","No","Credit card (automatic)",1387.35,"No"
0,"No","No",22,"No_phone_service","DSL","Yes","Electronic check",1098.85,"Yes"
1,"No","No",14,"Yes","Fiber optic","Yes","Electronic check",1139.2,"Yes"
0,"No","No",57,"Yes","DSL","No","Bank transfer (automatic)",4368.95,"No"
0,"Yes","No",11,"No","Fiber optic","Yes","Credit card (automatic)",827.7,"Yes"
1,"Yes","No",3,"Yes","Fiber optic","Yes","Electronic check",279.55,"Yes"
0,"No","Yes",36,"No","Fiber optic","Yes","Electronic check",3512.5,"Yes"
1,"No","No",16,"No","Fiber optic","Yes","Electronic check",1483.25,"Yes"
1,"No","Yes",65,"Yes","DSL","No","Credit card (automatic)",4653.85,"No"
0,"No","No",2,"No","Fiber optic","No","Electronic check",151.75,"Yes"
1,"No","No",42,"Yes","Fiber optic","Yes","Electronic check",4400.75,"Yes"
0,"No","Yes",72,"No","Fiber optic","No","Bank transfer (automatic)",8033.1,"No"
0,"No","No",6,"Yes","Fiber optic","Yes","Electronic check",552.65,"Yes"
0,"No","No",35,"Yes","Fiber optic","Yes","Electronic check",4025.5,"No"
0,"No","No",1,"No_phone_service","DSL","Yes","Mailed check",24.9,"Yes"
1,"No","No",6,"Yes","Fiber optic","Yes","Electronic check",460.25,"Yes"
0,"No","No",71,"Yes","DSL","No","Credit card (automatic)",6506.15,"No"
0,"No","Yes",67,"No","Fiber optic","No","Bank transfer (automatic)",5598.3,"No"
0,"Yes","No",60,"Yes","DSL","Yes","Electronic check",4374.55,"No"
0,"No","Yes",23,"No_phone_service","DSL","Yes","Bank transfer (automatic)",678.75,"Yes"
0,"No","Yes",39,"No_phone_service","DSL","No","Bank transfer (automatic)",2191.7,"No"
1,"Yes","No",53,"Yes","Fiber optic","Yes","Electronic check",5485.5,"Yes"
1,"No","Yes",5,"No","Fiber optic","Yes","Electronic check",404.2,"Yes"
0,"Yes","No",50,"Yes","Fiber optic","Yes","Electronic check",5189.75,"No"
0,"No","No",54,"No","Fiber optic","Yes","Credit card (automatic)",5060.9,"No"
0,"No","No",3,"No","Fiber optic","Yes","Electronic check",233.65,"Yes"
1,"No","No",68,"Yes","Fiber optic","No","Electronic check",7176.55,"No"
0,"No","No",5,"No","DSL","No","Electronic check",291.45,"Yes"
0,"No","No",41,"Yes","DSL","Yes","Electronic check",3263.9,"No"
0,"No","Yes",34,"No_phone_service","DSL","No","Mailed check",1993.2,"No"
1,"No","No",3,"Yes","Fiber optic","Yes","Credit card (automatic)",242.95,"Yes"
0,"No","Yes",41,"No","DSL","No","Bank transfer (automatic)",1841.9,"Yes"
1,"No","No",12,"No","Fiber optic","No","Bank transfer (automatic)",866.45,"Yes"
0,"No","No",4,"No","Fiber optic","Yes","Mailed check",360.55,"Yes"
1,"No","No",43,"No_phone_service","DSL","Yes","Bank transfer (automatic)",2076.2,"Yes"
0,"Yes","Yes",12,"No_phone_service","DSL","Yes","Mailed check",355.9,"Yes"
1,"Yes","No",68,"Yes","Fiber optic","Yes","Electronic check",7299.65,"Yes"
1,"Yes","No",25,"Yes","Fiber optic","Yes","Electronic check",2291.2,"Yes"
1,"Yes","No",66,"Yes","Fiber optic","Yes","Electronic check",7491.75,"No"
0,"No","No",53,"No","Fiber optic","No","Electronic check",5835.5,"No"
0,"Yes","No",63,"Yes","Fiber optic","Yes","Bank transfer (automatic)",7031.45,"Yes"
1,"No","Yes",70,"Yes","Fiber optic","Yes","Bank transfer (automatic)",7723.9,"No"
1,"Yes","No",27,"No_phone_service","DSL","No","Bank transfer (automatic)",1032,"Yes"
1,"No","No",1,"No","Fiber optic","No","Mailed check",70.75,"Yes"
1,"No","No",3,"No_phone_service","DSL","Yes","Mailed check",130.75,"Yes"
0,"No","Yes",12,"Yes","Fiber optic","Yes","Electronic check",893,"Yes"
0,"No","No",9,"No","Fiber optic","Yes","Credit card (automatic)",781.4,"Yes"
0,"No","No",13,"Yes","DSL","Yes","Electronic check",902.25,"Yes"
1,"Yes","No",29,"Yes","Fiber optic","Yes","Electronic check",2653.65,"Yes"
0,"No","No",61,"Yes","Fiber optic","No","Bank transfer (automatic)",5943.65,"Yes"
0,"No","Yes",41,"No","DSL","No","Electronic check",3126.45,"No"
1,"No","Yes",36,"Yes","Fiber optic","Yes","Bank transfer (automatic)",3457.9,"Yes"
0,"No","No",6,"No","DSL","Yes","Electronic check",340.4,"Yes"
0,"No","No",58,"Yes","DSL","Yes","Credit card (automatic)",4299.2,"No"
0,"No","No",19,"No","DSL","Yes","Credit card (automatic)",1093.2,"Yes"
0,"No","No",11,"No","DSL","Yes","Bank transfer (automatic)",521.9,"Yes"
0,"No","No",39,"No_phone_service","DSL","Yes","Bank transfer (automatic)",1630.4,"No"
0,"Yes","No",8,"No","Fiber optic","Yes","Electronic check",713.6,"Yes"
0,"No","Yes",26,"Yes","DSL","Yes","Mailed check",1265.65,"Yes"
0,"Yes","No",53,"No","Fiber optic","Yes","Credit card (automatic)",4003.85,"Yes"
1,"No","No",1,"No_phone_service","DSL","Yes","Mailed check",45.3,"Yes"
1,"No","No",2,"No","Fiber optic","No","Electronic check",178.1,"Yes"
0,"No","No",7,"No_phone_service","DSL","No","Mailed check",264.8,"No"
1,"No","Yes",12,"No","DSL","Yes","Electronic check",480.6,"Yes"
0,"No","Yes",59,"No","DSL","No","Credit card (automatic)",4541.9,"No"
0,"No","Yes",61,"Yes","DSL","Yes","Bank transfer (automatic)",4976.15,"No"
0,"No","Yes",72,"Yes","Fiber optic","Yes","Bank transfer (automatic)",7542.25,"No"
1,"No","No",1,"No_phone_service","DSL","Yes","Electronic check",23.45,"Yes"
0,"No","No",10,"No","DSL","No","Mailed check",685.55,"No"
0,"No","Yes",65,"No","DSL","No","Bank transfer (automatic)",3874.1,"No"
0,"No","No",62,"Yes","Fiber optic","No","Mailed check",6891.4,"No"
0,"No","No",55,"Yes","DSL","Yes","Electronic check",4916.95,"No"
0,"No","No",25,"Yes","DSL","No","Electronic check",1373,"Yes"
1,"No","No",1,"No_phone_service","DSL","No","Mailed check",29.7,"Yes"
0,"No","No",1,"No","DSL","Yes","Credit card (automatic)",49.8,"Yes"
1,"No","No",59,"Yes","Fiber optic","No","Electronic check",6039.9,"Yes"
0,"No","No",36,"Yes","Fiber optic","Yes","Bank transfer (automatic)",3440.25,"Yes"
1,"No","No",3,"Yes","DSL","Yes","Mailed check",151.3,"Yes"
0,"No","No",61,"Yes","DSL","Yes","Mailed check",4226.7,"No"
0,"No","Yes",26,"No_phone_service","DSL","Yes","Bank transfer (automatic)",1023.75,"No"
1,"No","No",1,"No","DSL","Yes","Electronic check",55.4,"Yes"
1,"Yes","No",1,"Yes","Fiber optic","Yes","Electronic check",90.6,"Yes"
0,"No","Yes",68,"No","Fiber optic","Yes","Credit card (automatic)",7074.4,"No"
1,"Yes","No",2,"Yes","Fiber optic","Yes","Mailed check",156.35,"Yes"
0,"No","No",72,"Yes","Fiber optic","Yes","Bank transfer (automatic)",6849.75,"No"
0,"No","No",71,"No_phone_service","DSL","Yes","Electronic check",3263.6,"No"
0,"Yes","No",1,"No","Fiber optic","Yes","Electronic check",70.2,"Yes"
0,"No","Yes",72,"Yes","DSL","No","Credit card (automatic)",5750,"No"
0,"No","Yes",21,"Yes","DSL","Yes","Bank transfer (automatic)",1549.75,"No"
1,"Yes","No",29,"Yes","Fiber optic","Yes","Bank transfer (automatic)",2952.85,"Yes"
0,"Yes","No",69,"Yes","Fiber optic","No","Credit card (automatic)",7467.55,"No"
0,"No","No",64,"Yes","DSL","Yes","Credit card (automatic)",5484.4,"No"
1,"No","No",52,"Yes","Fiber optic","Yes","Credit card (automatic)",5916.45,"No"
1,"No","No",2,"No","DSL","Yes","Mailed check",113.35,"Yes"
0,"No","No",18,"No_phone_service","DSL","No","Mailed check",476.8,"Yes"
0,"No","No",2,"Yes","DSL","No","Mailed check",101.65,"Yes"
0,"No","No",19,"No","DSL","Yes","Mailed check",1130.85,"Yes"
0,"No","No",40,"Yes","Fiber optic","No","Bank transfer (automatic)",3532.25,"Yes"
0,"Yes","Yes",66,"Yes","Fiber optic","Yes","Electronic check",6891.45,"No"
0,"No","No",21,"Yes","Fiber optic","No","Mailed check",1570.7,"Yes"
0,"No","No",8,"No","DSL","Yes","Electronic check",520.95,"Yes"
0,"No","Yes",72,"No","Fiber optic","Yes","Credit card (automatic)",7854.9,"No"
0,"No","No",48,"Yes","DSL","Yes","Bank transfer (automatic)",3581.4,"No"
0,"No","No",72,"Yes","Fiber optic","Yes","Electronic check",8547.15,"No"
0,"No","No",14,"No","DSL","No","Credit card (automatic)",727.85,"No"
0,"No","No",6,"No","DSL","No","Electronic check",357.6,"Yes"
0,"No","No",65,"Yes","Fiber optic","No","Electronic check",6069.25,"No"
0,"No","Yes",57,"No","DSL","Yes","Mailed check",3274.35,"No"
1,"No","No",13,"Yes","Fiber optic","Yes","Credit card (automatic)",1359,"Yes"
1,"Yes","No",19,"No","Fiber optic","Yes","Credit card (automatic)",1777.9,"Yes"
0,"No","No",56,"Yes","Fiber optic","No","Bank transfer (automatic)",6109.65,"No"
0,"No","No",14,"No","Fiber optic","Yes","Electronic check",1122.4,"Yes"
0,"No","No",52,"No_phone_service","DSL","Yes","Electronic check",2020.9,"Yes"
0,"No","No",58,"No","DSL","Yes","Credit card (automatic)",3795.45,"No"
1,"Yes","No",47,"Yes","Fiber optic","Yes","Electronic check",4504.55,"Yes"
0,"No","No",67,"No_phone_service","DSL","Yes","Credit card (automatic)",3579.15,"Yes"
0,"No","No",2,"No_phone_service","DSL","Yes","Credit card (automatic)",49.7,"Yes"
0,"Yes","No",6,"No","DSL","No","Credit card (automatic)",276.5,"Yes"
0,"No","Yes",71,"Yes","Fiber optic","Yes","Bank transfer (automatic)",8175.9,"No"
1,"No","No",5,"No","DSL","No","Credit card (automatic)",259.8,"Yes"
0,"Yes","No",67,"Yes","Fiber optic","No","Bank transfer (automatic)",5588.8,"Yes"
1,"Yes","No",52,"Yes","Fiber optic","Yes","Electronic check",5568.35,"Yes"
1,"No","No",42,"Yes","DSL","Yes","Electronic check",2203.65,"Yes"
0,"Yes","No",23,"No","Fiber optic","Yes","Electronic check",2024.1,"Yes"
0,"No","Yes",67,"No_phone_service","DSL","No","Credit card (automatic)",3623.95,"No"
1,"No","No",25,"No","Fiber optic","Yes","Electronic check",2369.05,"Yes"
0,"Yes","No",39,"No","Fiber optic","No","Mailed check",3877.95,"No"
0,"No","No",69,"Yes","DSL","Yes","Mailed check",4577.9,"No"
0,"No","No",1,"No_phone_service","DSL","No","Mailed check",25.85,"No"
0,"No","No",32,"No","Fiber optic","No","Electronic check",2871.5,"Yes"
1,"No","No",9,"No","Fiber optic","No","Electronic check",672.55,"Yes"
1,"No","No",16,"No","Fiber optic","Yes","Credit card (automatic)",1573.7,"Yes"
0,"No","Yes",72,"Yes","Fiber optic","Yes","Bank transfer (automatic)",7711.45,"No"
0,"Yes","No",26,"No","Fiber optic","Yes","Credit card (automatic)",2193.65,"Yes"
0,"No","No",36,"Yes","DSL","Yes","Credit card (automatic)",3348.1,"No"
0,"No","No",7,"No","Fiber optic","No","Mailed check",533.6,"Yes"
0,"Yes","No",60,"No_phone_service","DSL","Yes","Credit card (automatic)",2907.55,"No"
0,"No","No",19,"Yes","Fiber optic","Yes","Electronic check",1620.8,"Yes"
0,"Yes","No",45,"Yes","DSL","No","Credit card (automatic)",3480.35,"No"
0,"Yes","No",4,"No","Fiber optic","Yes","Electronic check",293.85,"Yes"
1,"No","Yes",31,"Yes","Fiber optic","Yes","Electronic check",3243.45,"Yes"
0,"No","Yes",47,"No","Fiber optic","No","Electronic check",4137.2,"Yes"
1,"No","No",1,"No","Fiber optic","Yes","Electronic check",79.25,"Yes"
1,"No","No",1,"No","DSL","Yes","Bank transfer (automatic)",44.9,"Yes"
0,"Yes","Yes",59,"Yes","Fiber optic","Yes","Credit card (automatic)",5348.65,"Yes"
1,"No","No",10,"No","Fiber optic","Yes","Electronic check",659.65,"Yes"
0,"Yes","No",35,"Yes","Fiber optic","No","Credit card (automatic)",3180.5,"Yes"
1,"No","No",4,"No_phone_service","DSL","Yes","Electronic check",118.5,"Yes"
0,"No","Yes",32,"No","Fiber optic","Yes","Electronic check",3023.85,"No"
1,"No","No",43,"Yes","Fiber optic","Yes","Electronic check",3365.85,"Yes"
1,"No","No",4,"No","DSL","No","Electronic check",195.3,"Yes"
1,"Yes","No",11,"Yes","Fiber optic","Yes","Bank transfer (automatic)",997.65,"Yes"
0,"Yes","No",66,"Yes","Fiber optic","Yes","Bank transfer (automatic)",6471.85,"No"
0,"No","Yes",61,"Yes","Fiber optic","Yes","Electronic check",6241.35,"No"
0,"No","Yes",72,"Yes","DSL","No","Credit card (automatic)",6501.35,"No"
0,"No","Yes",44,"No_phone_service","DSL","Yes","Electronic check",2317.1,"No"
0,"No","No",41,"Yes","DSL","Yes","Bank transfer (automatic)",2237.55,"Yes"
0,"No","No",50,"Yes","Fiber optic","Yes","Electronic check",5231.3,"No"
1,"No","No",47,"Yes","Fiber optic","Yes","Credit card (automatic)",5275.8,"No"
0,"No","Yes",72,"Yes","DSL","Yes","Credit card (automatic)",6614.9,"No"
1,"No","No",1,"No","Fiber optic","No","Electronic check",80.5,"Yes"
0,"Yes","No",42,"Yes","DSL","No","Electronic check",2421.75,"Yes"
0,"Yes","No",18,"No","Fiber optic","Yes","Electronic check",1294.6,"Yes"
0,"No","Yes",13,"Yes","Fiber optic","Yes","Credit card (automatic)",1299.1,"No"
0,"No","Yes",68,"Yes","Fiber optic","Yes","Bank transfer (automatic)",5733.4,"No"
1,"No","No",4,"Yes","Fiber optic","Yes","Bank transfer (automatic)",305.55,"Yes"
0,"No","No",69,"Yes","Fiber optic","Yes","Credit card (automatic)",7430.75,"No"
1,"No","No",17,"No","DSL","No","Mailed check",900.5,"Yes"
1,"Yes","No",43,"No","Fiber optic","Yes","Mailed check",3856.75,"Yes"
0,"Yes","No",5,"No","Fiber optic","No","Electronic check",374.8,"Yes"
1,"No","Yes",21,"Yes","DSL","No","Mailed check",1625,"No"
0,"No","Yes",69,"Yes","Fiber optic","Yes","Credit card (automatic)",7234.8,"No"
0,"No","No",13,"No_phone_service","DSL","Yes","Bank transfer (automatic)",331.85,"Yes"
1,"No","No",42,"Yes","Fiber optic","Yes","Bank transfer (automatic)",3959.35,"Yes"
0,"No","No",52,"Yes","Fiber optic","Yes","Credit card (automatic)",5088.4,"Yes"
1,"Yes","No",46,"No","Fiber optic","No","Electronic check",3969.4,"Yes"
0,"No","No",61,"Yes","DSL","Yes","Bank transfer (automatic)",4860.85,"No"
0,"No","No",29,"No_phone_service","DSL","Yes","Mailed check",788.05,"No"
0,"No","Yes",25,"No","DSL","Yes","Credit card (automatic)",1266.35,"No"
1,"No","Yes",5,"No","Fiber optic","Yes","Electronic check",470.95,"Yes"
0,"No","No",15,"No_phone_service","DSL","No","Electronic check",688.2,"No"
1,"Yes","No",6,"Yes","Fiber optic","Yes","Electronic check",560.6,"Yes"
0,"No","Yes",58,"Yes","DSL","No","Credit card (automatic)",4230.25,"No"
0,"No","Yes",62,"No","Fiber optic","Yes","Credit card (automatic)",4983.05,"No"
0,"No","Yes",70,"No_phone_service","DSL","Yes","Bank transfer (automatic)",4113.15,"No"
1,"Yes","No",1,"No_phone_service","DSL","Yes","Mailed check",25.7,"Yes"
0,"No","Yes",10,"No_phone_service","DSL","No","Credit card (automatic)",521,"No"
0,"No","No",66,"Yes","Fiber optic","No","Credit card (automatic)",5976.9,"Yes"
1,"No","Yes",7,"No","Fiber optic","Yes","Electronic check",506.9,"Yes"
0,"No","Yes",51,"Yes","Fiber optic","No","Bank transfer (automatic)",4299.75,"No"
0,"No","Yes",72,"Yes","Fiber optic","Yes","Credit card (automatic)",7548.6,"No"
1,"No","No",2,"No","DSL","No","Bank transfer (automatic)",80.35,"Yes"
0,"No","Yes",70,"Yes","DSL","No","Bank transfer (automatic)",4551.5,"No"
0,"No","No",72,"Yes","DSL","Yes","Credit card (automatic)",6227.5,"No"
1,"Yes","No",1,"No","Fiber optic","Yes","Mailed check",76.4,"Yes"
1,"No","No",5,"Yes","Fiber optic","Yes","Electronic check",514,"Yes"
1,"Yes","Yes",22,"No_phone_service","DSL","No","Mailed check",880.2,"Yes"
0,"Yes","No",33,"Yes","Fiber optic","Yes","Bank transfer (automatic)",3270.25,"Yes"
1,"No","No",1,"No","Fiber optic","No","Electronic check",69.95,"Yes"
0,"Yes","No",54,"Yes","Fiber optic","No","Bank transfer (automatic)",3919.15,"Yes"
0,"No","No",72,"Yes","Fiber optic","Yes","Electronic check",7285.7,"No"
1,"No","Yes",1,"Yes","Fiber optic","Yes","Electronic check",93.3,"Yes"
1,"No","No",3,"No","DSL","Yes","Electronic check",169.05,"Yes"
0,"No","Yes",72,"Yes","Fiber optic","No","Credit card (automatic)",7658.3,"No"
0,"No","Yes",72,"Yes","DSL","Yes","Credit card (automatic)",5959.3,"No"
0,"Yes","No",54,"Yes","Fiber optic","Yes","Credit card (automatic)",5295.7,"Yes"
0,"No","No",59,"Yes","DSL","Yes","Electronic check",4693.2,"No"
0,"No","No",54,"No","DSL","Yes","Bank transfer (automatic)",3512.9,"No"
0,"No","No",60,"Yes","Fiber optic","Yes","Electronic check",5231.2,"No"
0,"No","No",60,"No_phone_service","DSL","No","Credit card (automatic)",3603.45,"No"
0,"No","No",3,"Yes","Fiber optic","No","Electronic check",217.45,"Yes"
0,"No","No",69,"Yes","Fiber optic","No","Bank transfer (automatic)",6875.35,"No"
0,"No","Yes",50,"No_phone_service","DSL","Yes","Credit card (automatic)",2021.35,"Yes"
0,"No","No",56,"No_phone_service","DSL","Yes","Credit card (automatic)",2564.95,"Yes"
0,"No","No",60,"No","Fiber optic","Yes","Electronic check",5611.75,"No"
0,"Yes","No",69,"Yes","Fiber optic","Yes","Mailed check",7610.1,"No"
1,"No","No",1,"No_phone_service","DSL","No","Mailed check",35.05,"Yes"
1,"Yes","No",1,"No","Fiber optic","Yes","Electronic check",73,"Yes"
0,"No","Yes",60,"No","DSL","No","Bank transfer (automatic)",4543.95,"No"
0,"No","No",13,"No_phone_service","DSL","No","Mailed check",450.4,"No"
0,"No","No",45,"Yes","Fiber optic","No","Bank transfer (automatic)",4442.75,"No"
0,"No","No",25,"No_phone_service","DSL","No","Electronic check",1423.15,"No"
0,"No","No",44,"No","Fiber optic","No","Bank transfer (automatic)",4378.35,"No"
0,"No","No",2,"No","DSL","Yes","Mailed check",74.2,"Yes"
1,"Yes","No",33,"Yes","Fiber optic","Yes","Credit card (automatic)",2716.3,"Yes"
1,"No","No",1,"No","Fiber optic","Yes","Electronic check",70.1,"Yes"
0,"No","No",35,"No_phone_service","DSL","Yes","Mailed check",1175.85,"Yes"
0,"Yes","No",27,"Yes","Fiber optic","Yes","Electronic check",2220.1,"No"
0,"No","Yes",54,"No","DSL","Yes","Electronic check",3283.05,"No"
1,"Yes","No",2,"No","Fiber optic","Yes","Electronic check",142.35,"Yes"
0,"No","No",57,"Yes","Fiber optic","Yes","Electronic check",4939.25,"No"
0,"No","No",62,"Yes","DSL","No","Bank transfer (automatic)",4237.5,"No"
0,"No","No",70,"Yes","Fiber optic","Yes","Bank transfer (automatic)",7188.5,"No"
0,"No","Yes",21,"No","DSL","Yes","Electronic check",926.25,"Yes"
0,"No","Yes",23,"No","DSL","Yes","Electronic check",1119.35,"No"
1,"No","No",3,"No","Fiber optic","Yes","Credit card (automatic)",287.4,"Yes"
0,"No","No",23,"Yes","Fiber optic","Yes","Electronic check",2341.55,"Yes"
0,"No","No",26,"No_phone_service","DSL","No","Credit card (automatic)",1362.85,"No"
1,"No","No",26,"Yes","Fiber optic","Yes","Electronic check",2254.2,"Yes"
0,"No","No",2,"Yes","Fiber optic","Yes","Electronic check",145.15,"Yes"
1,"No","No",67,"Yes","Fiber optic","No","Credit card (automatic)",7752.3,"No"
1,"No","No",71,"Yes","Fiber optic","Yes","Bank transfer (automatic)",6585.35,"No"
0,"No","No",59,"Yes","DSL","No","Credit card (automatic)",4786.1,"No"
0,"No","Yes",39,"Yes","Fiber optic","No","Electronic check",3835.55,"No"
0,"Yes","No",31,"No_phone_service","DSL","Yes","Credit card (automatic)",1580.1,"No"
0,"No","Yes",64,"Yes","Fiber optic","No","Electronic check",7222.75,"No"
0,"No","Yes",46,"Yes","Fiber optic","Yes","Bank transfer (automatic)",3769.7,"Yes"
0,"No","No",52,"Yes","DSL","Yes","Bank transfer (automatic)",4233.95,"No"
0,"Yes","No",67,"Yes","DSL","No","Electronic check",3725.5,"Yes"
1,"No","No",5,"Yes","Fiber optic","No","Electronic check",413.65,"Yes"
0,"No","No",71,"Yes","Fiber optic","No","Electronic check",7707.7,"No"
1,"No","No",9,"No","Fiber optic","Yes","Bank transfer (automatic)",714.15,"Yes"
1,"Yes","No",26,"Yes","Fiber optic","Yes","Electronic check",2497.2,"Yes"
0,"No","No",71,"Yes","Fiber optic","Yes","Bank transfer (automatic)",8309.55,"No"
0,"No","No",2,"No","Fiber optic","No","Electronic check",139.25,"Yes"
0,"No","No",60,"No_phone_service","DSL","Yes","Electronic check",2773.9,"No"
0,"Yes","No",55,"Yes","Fiber optic","Yes","Electronic check",5409.75,"No"
1,"No","No",54,"No","Fiber optic","Yes","Credit card (automatic)",5643.4,"No"
1,"No","No",2,"No","Fiber optic","Yes","Electronic check",197.7,"Yes"
0,"No","No",6,"Yes","Fiber optic","Yes","Mailed check",401.3,"Yes"
0,"No","Yes",48,"No","DSL","Yes","Credit card (automatic)",3238.4,"No"
1,"No","No",1,"Yes","Fiber optic","Yes","Electronic check",79.15,"Yes"
0,"Yes","No",54,"No_phone_service","DSL","Yes","Bank transfer (automatic)",1364.75,"Yes"
0,"No","Yes",30,"No","DSL","Yes","Electronic check",1985.15,"No"
1,"No","No",4,"No","Fiber optic","Yes","Electronic check",303.15,"Yes"
0,"No","No",40,"Yes","Fiber optic","Yes","Credit card (automatic)",4335.2,"No"
0,"No","Yes",9,"No","Fiber optic","Yes","Electronic check",647.5,"Yes"
1,"No","Yes",17,"No","Fiber optic","No","Electronic check",1574.45,"Yes"
0,"No","No",62,"No_phone_service","DSL","Yes","Credit card (automatic)",2748.7,"No"
0,"No","No",28,"No","Fiber optic","Yes","Bank transfer (automatic)",2483.65,"No"
0,"No","No",70,"Yes","DSL","No","Credit card (automatic)",6367.2,"No"
0,"No","No",46,"No","Fiber optic","Yes","Bank transfer (automatic)",4904.2,"No"
0,"No","No",23,"Yes","Fiber optic","No","Mailed check",2044.95,"Yes"
0,"No","Yes",47,"No_phone_service","DSL","No","Electronic check",1794.8,"No"
0,"No","Yes",68,"No","Fiber optic","Yes","Bank transfer (automatic)",7173.15,"No"
1,"Yes","No",60,"Yes","Fiber optic","Yes","Electronic check",6441.4,"No"
0,"No","Yes",67,"Yes","Fiber optic","Yes","Electronic check",7039.05,"No"
0,"No","No",14,"No","DSL","Yes","Electronic check",921.4,"Yes"
0,"No","Yes",57,"Yes","Fiber optic","Yes","Electronic check",4018.35,"Yes"
0,"No","Yes",55,"Yes","Fiber optic","No","Mailed check",5448.6,"No"
1,"No","Yes",1,"No","DSL","Yes","Mailed check",49.9,"Yes"
0,"No","No",23,"Yes","Fiber optic","Yes","Credit card (automatic)",2085.45,"Yes"
1,"No","No",13,"Yes","Fiber optic","Yes","Electronic check",1358.85,"Yes"
0,"No","No",47,"Yes","Fiber optic","Yes","Electronic check",5135.15,"Yes"
1,"Yes","No",38,"Yes","Fiber optic","Yes","Bank transfer (automatic)",2869.85,"Yes"
0,"Yes","No",2,"Yes","DSL","Yes","Credit card (automatic)",118.25,"Yes"
1,"Yes","Yes",1,"No","DSL","Yes","Credit card (automatic)",49.25,"Yes"
0,"No","No",15,"No","Fiber optic","Yes","Bank transfer (automatic)",1108.6,"Yes"
0,"No","No",26,"No","Fiber optic","Yes","Credit card (automatic)",1815.65,"Yes"
1,"No","Yes",50,"Yes","Fiber optic","No","Electronic check",5071.05,"Yes"
0,"No","No",42,"Yes","Fiber optic","Yes","Electronic check",4014.6,"Yes"
0,"No","No",10,"No","DSL","Yes","Credit card (automatic)",568.85,"Yes"
0,"No","No",61,"No","Fiber optic","No","Bank transfer (automatic)",5860.7,"No"
0,"No","No",68,"Yes","Fiber optic","No","Credit card (automatic)",7279.35,"No"
0,"No","No",10,"No","Fiber optic","Yes","Electronic check",1064.95,"No"
1,"No","No",65,"Yes","Fiber optic","No","Electronic check",5769.6,"No"
0,"No","Yes",72,"No","DSL","Yes","Bank transfer (automatic)",5886.85,"No"
0,"No","Yes",55,"No","Fiber optic","No","Electronic check",4238.45,"Yes"
0,"No","No",7,"No","DSL","No","Bank transfer (automatic)",418.3,"Yes"
0,"No","No",2,"Yes","Fiber optic","Yes","Mailed check",136.05,"Yes"
0,"No","No",9,"No","Fiber optic","Yes","Electronic check",708.2,"Yes"
1,"Yes","No",7,"Yes","Fiber optic","Yes","Electronic check",700.85,"Yes"
0,"No","No",64,"No","DSL","Yes","Mailed check",4378.8,"No"
0,"No","No",70,"No_phone_service","DSL","No","Bank transfer (automatic)",3442.8,"No"
1,"Yes","No",2,"Yes","Fiber optic","Yes","Electronic check",181.7,"Yes"
0,"Yes","No",67,"No","Fiber optic","Yes","Electronic check",7171.7,"No"
1,"No","No",45,"Yes","Fiber optic","Yes","Credit card (automatic)",4016.85,"Yes"
0,"No","Yes",44,"No","Fiber optic","Yes","Bank transfer (automatic)",4122.9,"Yes"
1,"No","No",1,"No","Fiber optic","Yes","Credit card (automatic)",74.3,"Yes"
1,"No","No",1,"No_phone_service","DSL","Yes","Mailed check",44.65,"Yes"
1,"No","Yes",13,"No","Fiber optic","No","Electronic check",1095.3,"Yes"
1,"No","No",10,"Yes","Fiber optic","Yes","Bank transfer (automatic)",788.8,"Yes"
0,"Yes","No",65,"Yes","Fiber optic","Yes","Electronic check",6578.55,"Yes"
0,"No","Yes",38,"No","DSL","No","Electronic check",2802.3,"No"
0,"No","Yes",23,"No_phone_service","DSL","No","Mailed check",857.75,"No"
1,"No","Yes",4,"Yes","Fiber optic","Yes","Electronic check",364.55,"Yes"
0,"No","Yes",72,"Yes","DSL","Yes","Credit card (automatic)",6093.3,"No"
0,"No","No",35,"No","DSL","No","Electronic check",1861.1,"Yes"
0,"No","Yes",70,"No","Fiber optic","Yes","Electronic check",7475.1,"No"
0,"No","Yes",38,"Yes","DSL","No","Credit card (automatic)",2862.55,"No"
0,"No","Yes",60,"No_phone_service","DSL","Yes","Electronic check",3069.45,"Yes"
0,"No","No",26,"Yes","Fiber optic","Yes","Credit card (automatic)",2349.8,"Yes"
0,"No","No",8,"No","DSL","No","Bank transfer (automatic)",469.25,"No"
1,"No","Yes",41,"Yes","Fiber optic","Yes","Electronic check",4213.35,"No"
0,"Yes","No",36,"Yes","Fiber optic","Yes","Credit card (automatic)",3301.05,"Yes"
0,"Yes","No",54,"No","DSL","No","Bank transfer (automatic)",3529.95,"No"
1,"No","Yes",71,"Yes","Fiber optic","Yes","Bank transfer (automatic)",7723.7,"No"
0,"No","No",55,"Yes","Fiber optic","Yes","Electronic check",4144.9,"Yes"
0,"No","No",72,"Yes","DSL","No","Bank transfer (automatic)",4265,"No"
1,"No","Yes",3,"No","DSL","Yes","Mailed check",154.65,"Yes"
0,"No","Yes",54,"Yes","DSL","Yes","Bank transfer (automatic)",3246.45,"No"
0,"No","Yes",72,"Yes","Fiber optic","Yes","Bank transfer (automatic)",8337.45,"No"
0,"No","No",52,"Yes","Fiber optic","Yes","Electronic check",5731.4,"No"
0,"Yes","No",60,"Yes","Fiber optic","Yes","Bank transfer (automatic)",6176.6,"No"
0,"No","No",39,"No_phone_service","DSL","Yes","Credit card (automatic)",1905.4,"Yes"
0,"No","No",15,"No","DSL","No","Mailed check",931.9,"No"
1,"No","No",69,"Yes","Fiber optic","Yes","Bank transfer (automatic)",7348.8,"No"
0,"Yes","No",63,"Yes","DSL","No","Bank transfer (automatic)",5243.05,"No"
0,"Yes","No",2,"No","Fiber optic","No","Electronic check",141.65,"Yes"
0,"No","Yes",72,"No","Fiber optic","Yes","Bank transfer (automatic)",7679.65,"No"
1,"No","Yes",32,"Yes","Fiber optic","Yes","Bank transfer (automatic)",2954.5,"Yes"
0,"No","No",58,"No_phone_service","DSL","Yes","Electronic check",2540.1,"No"
0,"No","No",67,"No_phone_service","DSL","No","Electronic check",3097.2,"No"
1,"Yes","No",51,"Yes","Fiber optic","Yes","Electronic check",3807.35,"Yes"
0,"No","No",31,"Yes","DSL","Yes","Mailed check",2484,"No"
0,"Yes","No",69,"Yes","Fiber optic","Yes","Credit card (automatic)",5785.65,"Yes"
0,"No","No",32,"Yes","Fiber optic","Yes","Electronic check",2619.15,"No"
0,"No","No",21,"No","DSL","No","Credit card (automatic)",1524.85,"No"
0,"No","No",52,"No","DSL","No","Electronic check",2790.65,"No"
1,"No","No",72,"No_phone_service","DSL","Yes","Electronic check",3937.45,"No"
0,"No","Yes",52,"No_phone_service","DSL","No","Bank transfer (automatic)",2276.1,"No"
0,"No","No",41,"No","DSL","No","Bank transfer (automatic)",2029.05,"No"
1,"No","No",6,"No","Fiber optic","Yes","Mailed check",418.4,"Yes"
0,"No","Yes",67,"Yes","DSL","Yes","Credit card (automatic)",4653.25,"No"
0,"No","No",35,"No","DSL","No","Mailed check",2130.45,"Yes"
1,"No","No",1,"No","DSL","Yes","Electronic check",50.5,"Yes"
0,"No","Yes",52,"No_phone_service","DSL","No","Mailed check",2554,"No"
0,"No","No",70,"No","DSL","No","Bank transfer (automatic)",5589.45,"No"
1,"Yes","No",1,"Yes","Fiber optic","Yes","Electronic check",74.4,"Yes"
0,"No","Yes",35,"No","Fiber optic","Yes","Electronic check",3756.45,"Yes"
0,"No","No",32,"Yes","Fiber optic","Yes","Electronic check",3334.9,"Yes"
0,"No","Yes",17,"No","DSL","Yes","Credit card (automatic)",920.5,"Yes"
0,"No","Yes",67,"No","DSL","No","Credit card (automatic)",3431.75,"No"
1,"No","Yes",31,"Yes","DSL","Yes","Mailed check",2587.7,"No"
0,"No","No",4,"Yes","Fiber optic","No","Electronic check",367.95,"Yes"
0,"Yes","Yes",58,"Yes","Fiber optic","Yes","Bank transfer (automatic)",5125.75,"No"
0,"No","No",60,"No","DSL","No","Mailed check",4801.1,"No"
1,"No","No",58,"Yes","Fiber optic","Yes","Electronic check",6219.6,"No"
0,"Yes","Yes",66,"Yes","Fiber optic","Yes","Electronic check",7862.25,"No"
0,"No","No",15,"Yes","Fiber optic","Yes","Bank transfer (automatic)",1242.2,"Yes"
1,"Yes","No",47,"Yes","Fiber optic","Yes","Electronic check",4871.05,"Yes"
0,"No","No",41,"Yes","Fiber optic","Yes","Credit card (automatic)",3190.65,"Yes"
0,"No","No",59,"No_phone_service","DSL","Yes","Electronic check",2666.75,"Yes"
0,"No","Yes",50,"No","Fiber optic","No","Credit card (automatic)",3533.6,"No"
0,"No","Yes",17,"No_phone_service","DSL","No","Credit card (automatic)",792.15,"No"
0,"No","Yes",6,"No","DSL","Yes","Electronic check",295.65,"Yes"
0,"Yes","No",51,"No_phone_service","DSL","Yes","Credit card (automatic)",1459.35,"Yes"
1,"No","No",44,"No","Fiber optic","No","Electronic check",4398.15,"Yes"
0,"No","No",49,"No","Fiber optic","Yes","Credit card (automatic)",4297.95,"Yes"
1,"No","No",2,"No","Fiber optic","No","Electronic check",167.3,"Yes"
0,"No","No",59,"Yes","DSL","Yes","Mailed check",4096.9,"No"
0,"Yes","No",50,"Yes","DSL","Yes","Bank transfer (automatic)",3454.6,"Yes"
0,"No","No",18,"Yes","Fiber optic","No","Mailed check",1387,"Yes"
0,"No","No",10,"Yes","Fiber optic","No","Electronic check",786.3,"Yes"
0,"No","No",14,"No","DSL","No","Electronic check",641.25,"No"
0,"No","Yes",8,"No","DSL","Yes","Mailed check",345.5,"No"
0,"No","Yes",60,"Yes","Fiber optic","No","Bank transfer (automatic)",5811.8,"No"
1,"No","No",1,"No","Fiber optic","No","Electronic check",94.4,"Yes"
0,"No","Yes",19,"Yes","DSL","Yes","Mailed check",1375.6,"Yes"
0,"No","Yes",53,"Yes","DSL","No","Bank transfer (automatic)",3491.55,"No"
0,"Yes","No",72,"Yes","Fiber optic","Yes","Bank transfer (automatic)",7920.7,"No"
0,"No","No",60,"Yes","Fiber optic","Yes","Credit card (automatic)",6640.7,"No"
1,"No","No",1,"No","DSL","Yes","Credit card (automatic)",55,"Yes"
0,"No","Yes",13,"No","DSL","No","Mailed check",718.1,"Yes"
0,"No","Yes",5,"No","Fiber optic","No","Credit card (automatic)",320.4,"Yes"
1,"No","No",1,"Yes","Fiber optic","Yes","Electronic check",101.45,"Yes"
0,"No","Yes",13,"No","Fiber optic","No","Electronic check",1334.45,"Yes"
0,"No","No",37,"Yes","DSL","Yes","Bank transfer (automatic)",3358.65,"No"
0,"No","No",64,"No","Fiber optic","Yes","Mailed check",4764,"Yes"
1,"No","No",5,"Yes","DSL","No","Bank transfer (automatic)",350.3,"Yes"
0,"No","No",61,"Yes","Fiber optic","Yes","Bank transfer (automatic)",5703,"No"
1,"No","No",1,"No","Fiber optic","Yes","Electronic check",69.5,"Yes"
1,"No","No",1,"No","Fiber optic","Yes","Electronic check",69.2,"Yes"
0,"No","No",17,"No_phone_service","DSL","No","Electronic check",934.8,"No"
0,"No","Yes",26,"No_phone_service","DSL","Yes","Mailed check",786.5,"Yes"
1,"No","No",1,"No","Fiber optic","Yes","Electronic check",69.65,"Yes"
1,"Yes","No",40,"Yes","Fiber optic","No","Electronic check",4086.3,"Yes"
0,"No","No",52,"Yes","Fiber optic","Yes","Electronic check",5364.8,"Yes"
1,"No","No",1,"No","Fiber optic","Yes","Electronic check",82.3,"Yes"
0,"No","No",21,"No_phone_service","DSL","No","Mailed check",770.4,"No"
0,"No","No",67,"Yes","Fiber optic","Yes","Bank transfer (automatic)",6816.95,"No"
0,"No","Yes",44,"No","DSL","No","Bank transfer (automatic)",2419.55,"Yes"
0,"No","Yes",70,"No_phone_service","DSL","No","Electronic check",4138.7,"No"
1,"No","No",3,"No","Fiber optic","No","Electronic check",267.6,"Yes"
0,"No","Yes",56,"No","DSL","Yes","Bank transfer (automatic)",3457.45,"No"
1,"No","No",13,"Yes","Fiber optic","Yes","Electronic check",1115.2,"Yes"
1,"No","Yes",58,"Yes","Fiber optic","Yes","Bank transfer (automatic)",5435.6,"Yes"
1,"No","Yes",42,"Yes","Fiber optic","Yes","Electronic check",4186.3,"Yes"
1,"Yes","No",1,"No_phone_service","DSL","No","Electronic check",25.05,"Yes"
0,"No","Yes",46,"Yes","Fiber optic","No","Mailed check",4630.2,"No"
0,"No","Yes",63,"No","DSL","Yes","Bank transfer (automatic)",3221.25,"No"
0,"No","No",11,"No","DSL","Yes","Electronic check",688.5,"Yes"
0,"No","Yes",15,"Yes","DSL","Yes","Bank transfer (automatic)",867.1,"Yes"
0,"No","No",72,"No_phone_service","DSL","Yes","Electronic check",4746.05,"No"
1,"No","No",29,"No_phone_service","DSL","Yes","Credit card (automatic)",712.85,"Yes"
1,"No","Yes",1,"No","DSL","No","Electronic check",48.95,"Yes"
0,"No","Yes",6,"No","DSL","No","Electronic check",355.1,"Yes"
1,"No","No",1,"No","DSL","No","Electronic check",45.3,"Yes"
0,"No","Yes",63,"Yes","Fiber optic","Yes","Electronic check",5764.7,"No"
1,"No","No",2,"No","Fiber optic","Yes","Electronic check",167.3,"Yes"
0,"No","No",43,"No_phone_service","DSL","No","Bank transfer (automatic)",1505.35,"Yes"
0,"No","No",15,"No_phone_service","DSL","No","Mailed check",693.45,"No"
1,"No","Yes",10,"Yes","Fiber optic","No","Electronic check",930.4,"Yes"
1,"No","Yes",49,"Yes","Fiber optic","Yes","Bank transfer (automatic)",5069.65,"No"
1,"No","Yes",6,"No","DSL","Yes","Mailed check",324.25,"Yes"
1,"Yes","No",2,"Yes","Fiber optic","Yes","Mailed check",156.4,"Yes"
0,"Yes","No",63,"No_phone_service","DSL","No","Bank transfer (automatic)",2298.9,"No"
0,"No","No",25,"No","DSL","Yes","Bank transfer (automatic)",1679.65,"Yes"
0,"Yes","No",28,"Yes","Fiber optic","Yes","Electronic check",2998,"Yes"
0,"Yes","No",53,"No","Fiber optic","Yes","Mailed check",5206.55,"No"
1,"No","No",35,"No","Fiber optic","Yes","Bank transfer (automatic)",3626.1,"No"
0,"No","No",1,"No_phone_service","DSL","No","Mailed check",24.4,"Yes"
1,"No","No",70,"Yes","Fiber optic","No","Credit card (automatic)",7968.85,"No"
1,"No","No",2,"No","Fiber optic","Yes","Electronic check",152.45,"Yes"
0,"No","No",26,"No","DSL","Yes","Electronic check",1959.5,"Yes"
0,"No","No",34,"No","DSL","No","Electronic check",2053.05,"No"
1,"No","No",15,"Yes","Fiber optic","Yes","Mailed check",1130.85,"Yes"
0,"No","Yes",62,"No","DSL","No","Credit card (automatic)",3425.35,"No"
1,"Yes","No",42,"Yes","Fiber optic","Yes","Bank transfer (automatic)",4323.45,"Yes"
1,"No","No",9,"No","DSL","Yes","Electronic check",703.55,"Yes"
0,"No","No",24,"No","DSL","Yes","Electronic check",1275.7,"Yes"
0,"Yes","No",68,"No_phone_service","DSL","Yes","Electronic check",2965.75,"No"
0,"No","Yes",31,"No","DSL","No","Mailed check",1647,"Yes"
1,"No","No",1,"No","DSL","Yes","Electronic check",56.25,"Yes"
1,"No","No",21,"Yes","Fiber optic","Yes","Electronic check",2249.95,"Yes"
0,"No","No",63,"No","Fiber optic","Yes","Electronic check",6109.75,"No"
1,"Yes","No",2,"No","Fiber optic","Yes","Bank transfer (automatic)",159.4,"Yes"
0,"No","Yes",61,"No_phone_service","DSL","Yes","Bank transfer (automatic)",3751.15,"No"
1,"No","No",1,"No","Fiber optic","No","Electronic check",68.65,"Yes"
0,"No","No",33,"Yes","Fiber optic","Yes","Electronic check",3320.6,"Yes"
0,"No","No",56,"No","Fiber optic","Yes","Electronic check",5669.5,"Yes"
0,"No","No",9,"No","Fiber optic","Yes","Electronic check",704.3,"Yes"
1,"Yes","No",14,"Yes","Fiber optic","Yes","Electronic check",1369.8,"Yes"
1,"No","Yes",15,"Yes","Fiber optic","Yes","Bank transfer (automatic)",1107.25,"Yes"
0,"No","No",61,"Yes","Fiber optic","Yes","Electronic check",6375.2,"Yes"
0,"No","Yes",70,"Yes","Fiber optic","Yes","Credit card (automatic)",8152.3,"No"
0,"No","No",15,"Yes","Fiber optic","Yes","Electronic check",1566.75,"Yes"
0,"No","No",4,"No_phone_service","DSL","Yes","Mailed check",110.05,"Yes"
0,"No","No",34,"No","DSL","No","Mailed check",1885.15,"No"
0,"No","No",68,"Yes","DSL","Yes","Credit card (automatic)",6302.85,"No"
0,"No","Yes",45,"No_phone_service","DSL","No","Bank transfer (automatic)",2264.5,"No"
0,"Yes","No",9,"Yes","Fiber optic","Yes","Electronic check",816.8,"Yes"
0,"No","No",22,"Yes","DSL","Yes","Mailed check",1253.5,"Yes"
0,"No","No",70,"Yes","DSL","No","Bank transfer (automatic)",5265.55,"No"
0,"No","Yes",10,"Yes","DSL","No","Credit card (automatic)",693.3,"No"
0,"No","No",72,"Yes","DSL","No","Credit card (automatic)",5997.1,"No"
0,"No","Yes",49,"No","DSL","No","Credit card (automatic)",3824.2,"No"
0,"Yes","No",54,"Yes","DSL","No","Mailed check",3886.05,"No"
0,"No","No",71,"Yes","Fiber optic","Yes","Credit card (automatic)",7283.25,"No"
0,"Yes","No",64,"Yes","Fiber optic","Yes","Bank transfer (automatic)",6548.65,"Yes"
1,"No","No",1,"No","Fiber optic","Yes","Electronic check",70.85,"Yes"
1,"No","No",2,"No","Fiber optic","Yes","Credit card (automatic)",134.7,"Yes"
0,"No","No",26,"No","DSL","No","Credit card (automatic)",1507,"No"
1,"No","No",55,"No_phone_service","DSL","Yes","Bank transfer (automatic)",2978.3,"Yes"
0,"No","No",71,"No","DSL","Yes","Electronic check",5832.65,"No"
0,"No","No",64,"Yes","DSL","No","Electronic check",5567.55,"No"
1,"No","No",7,"No","DSL","Yes","Credit card (automatic)",450.8,"Yes"
0,"No","No",57,"No","DSL","Yes","Credit card (automatic)",4166.35,"No"
1,"No","No",13,"Yes","Fiber optic","No","Electronic check",1215.6,"Yes"
1,"No","Yes",3,"No_phone_service","DSL","No","Credit card (automatic)",91.7,"Yes"
0,"Yes","No",72,"Yes","Fiber optic","No","Credit card (automatic)",7898.45,"No"
0,"No","Yes",40,"Yes","Fiber optic","Yes","Credit card (automatic)",3915.4,"Yes"
0,"No","No",14,"Yes","DSL","Yes","Credit card (automatic)",979.5,"Yes"
0,"No","Yes",2,"No","DSL","Yes","Electronic check",90.05,"Yes"
1,"Yes","No",66,"Yes","Fiber optic","No","Credit card (automatic)",7432.05,"No"
1,"No","No",38,"Yes","Fiber optic","Yes","Electronic check",4026.4,"Yes"
1,"No","Yes",1,"No_phone_service","DSL","Yes","Electronic check",25.3,"Yes"
1,"No","No",22,"No","DSL","Yes","Credit card (automatic)",1193.05,"No"
0,"No","No",5,"No","Fiber optic","Yes","Mailed check",398.55,"Yes"
0,"No","Yes",29,"Yes","DSL","No","Bank transfer (automatic)",1958.45,"No"
1,"No","Yes",1,"No","Fiber optic","Yes","Mailed check",69.9,"Yes"
0,"No","Yes",9,"No","DSL","Yes","Electronic check",484.05,"Yes"
1,"No","No",43,"Yes","Fiber optic","Yes","Electronic check",4528,"Yes"
0,"No","No",48,"Yes","DSL","Yes","Credit card (automatic)",3887.85,"No"
0,"No","No",26,"Yes","Fiber optic","Yes","Credit card (automatic)",2208.75,"Yes"
1,"No","No",1,"No","Fiber optic","Yes","Electronic check",80.8,"Yes"
1,"No","No",2,"Yes","DSL","No","Bank transfer (automatic)",118.3,"Yes"
1,"Yes","No",1,"Yes","Fiber optic","Yes","Electronic check",76.45,"Yes"
0,"No","Yes",64,"No_phone_service","DSL","Yes","Bank transfer (automatic)",3845.45,"No"
1,"Yes","No",12,"Yes","Fiber optic","Yes","Electronic check",1094.5,"Yes"
1,"Yes","No",6,"No","Fiber optic","Yes","Electronic check",573.75,"Yes"
0,"No","No",7,"No","Fiber optic","Yes","Mailed check",633.45,"No"
0,"Yes","No",72,"Yes","DSL","Yes","Credit card (automatic)",6129.65,"No"
0,"Yes","No",16,"No","Fiber optic","Yes","Electronic check",1218.25,"Yes"
0,"No","No",25,"Yes","DSL","No","Credit card (automatic)",1405.3,"Yes"
1,"No","No",34,"Yes","DSL","No","Electronic check",2274.9,"Yes"
1,"No","No",1,"Yes","Fiber optic","Yes","Electronic check",74.5,"Yes"
1,"No","Yes",10,"Yes","Fiber optic","Yes","Credit card (automatic)",1068.85,"Yes"
0,"No","Yes",10,"Yes","DSL","No","Electronic check",676.15,"No"
0,"No","No",69,"No","DSL","Yes","Credit card (automatic)",3804.4,"No"
0,"No","Yes",50,"No","Fiber optic","Yes","Bank transfer (automatic)",5236.4,"No"
0,"No","Yes",28,"No_phone_service","DSL","No","Mailed check",1386.8,"No"
1,"No","No",16,"No","DSL","Yes","Electronic check",762.25,"Yes"
0,"No","No",25,"No","DSL","Yes","Mailed check",1902,"Yes"
0,"Yes","No",3,"No","Fiber optic","Yes","Bank transfer (automatic)",239.05,"Yes"
0,"No","No",61,"Yes","Fiber optic","Yes","Bank transfer (automatic)",5673.7,"No"
0,"No","Yes",71,"No","DSL","No","Credit card (automatic)",5574.35,"No"
0,"No","No",29,"Yes","DSL","No","Mailed check",1801.1,"Yes"
0,"No","No",28,"No_phone_service","DSL","Yes","Mailed check",790.7,"Yes"
1,"No","No",7,"Yes","Fiber optic","Yes","Electronic check",582.5,"Yes"
1,"Yes","No",27,"Yes","Fiber optic","Yes","Electronic check",2122.05,"Yes"
0,"No","No",72,"Yes","DSL","No","Credit card (automatic)",6719.9,"No"
1,"No","No",1,"No","Fiber optic","Yes","Electronic check",69.15,"Yes"
0,"No","Yes",72,"No_phone_service","DSL","No","Credit card (automatic)",3784,"No"
0,"No","No",47,"No_phone_service","DSL","No","Credit card (automatic)",1798.65,"No"
0,"No","No",1,"No","DSL","Yes","Electronic check",54.65,"Yes"
0,"No","No",36,"Yes","Fiber optic","Yes","Bank transfer (automatic)",3886.45,"No"
0,"No","Yes",43,"No_phone_service","DSL","No","Credit card (automatic)",1224.05,"Yes"
0,"Yes","No",27,"Yes","DSL","No","Electronic check",2310.2,"Yes"
1,"No","No",9,"No","Fiber optic","Yes","Electronic check",723.4,"Yes"
0,"No","No",38,"Yes","Fiber optic","Yes","Electronic check",3988.5,"Yes"
0,"Yes","No",35,"Yes","Fiber optic","Yes","Electronic check",3554.6,"Yes"
0,"No","No",59,"No","Fiber optic","Yes","Mailed check",6034.85,"No"
0,"Yes","No",2,"No","DSL","No","Electronic check",85.1,"Yes"
0,"No","No",36,"Yes","DSL","Yes","Mailed check",2511.95,"No"
0,"No","Yes",41,"Yes","Fiber optic","Yes","Bank transfer (automatic)",3893.6,"Yes"
0,"No","No",13,"No_phone_service","DSL","No","Electronic check",357.15,"Yes"
0,"No","No",60,"No_phone_service","DSL","No","Bank transfer (automatic)",2288.7,"No"
1,"No","Yes",48,"No","Fiber optic","Yes","Mailed check",4627.85,"No"
1,"Yes","No",3,"Yes","Fiber optic","No","Electronic check",289.1,"Yes"
0,"No","No",69,"Yes","Fiber optic","Yes","Mailed check",6460.55,"No"
0,"No","No",43,"No_phone_service","DSL","No","Electronic check",1931.3,"No"
0,"No","Yes",11,"No_phone_service","DSL","Yes","Mailed check",402.6,"No"
0,"No","No",45,"No","DSL","Yes","Credit card (automatic)",2221.55,"Yes"
0,"No","No",72,"Yes","Fiber optic","Yes","Credit card (automatic)",7758.9,"No"
1,"Yes","No",2,"Yes","Fiber optic","No","Electronic check",172.85,"Yes"
0,"No","Yes",67,"Yes","Fiber optic","Yes","Credit card (automatic)",7388.45,"No"
0,"No","No",37,"Yes","Fiber optic","No","Mailed check",3460.95,"No"
0,"No","No",39,"No_phone_service","DSL","No","Bank transfer (automatic)",1700.9,"No"
0,"No","No",41,"Yes","DSL","Yes","Bank transfer (automatic)",3090.65,"Yes"
0,"No","No",25,"No_phone_service","DSL","Yes","Electronic check",1293.8,"Yes"
0,"No","Yes",8,"Yes","DSL","Yes","Credit card (automatic)",645.8,"No"
0,"No","Yes",71,"Yes","DSL","No","Mailed check",5224.95,"No"
0,"No","No",5,"Yes","Fiber optic","No","Electronic check",500.1,"Yes"
0,"No","No",30,"Yes","DSL","Yes","Credit card (automatic)",2427.1,"No"
0,"No","No",40,"No","Fiber optic","Yes","Credit card (automatic)",3488.15,"No"
0,"No","No",72,"Yes","Fiber optic","Yes","Bank transfer (automatic)",7565.35,"No"
0,"No","Yes",28,"No","Fiber optic","No","Bank transfer (automatic)",2799,"No"
0,"No","Yes",18,"No","Fiber optic","Yes","Electronic check",1601.5,"Yes"
1,"No","No",2,"No_phone_service","DSL","Yes","Electronic check",85.5,"Yes"
0,"No","Yes",59,"Yes","Fiber optic","Yes","Electronic check",6256.2,"No"
0,"No","Yes",22,"No","DSL","Yes","Electronic check",1232.9,"Yes"
1,"Yes","No",14,"Yes","Fiber optic","Yes","Electronic check",1096.25,"Yes"
0,"No","No",50,"Yes","Fiber optic","No","Electronic check",5059.75,"No"
0,"No","Yes",48,"No","DSL","No","Bank transfer (automatic)",3023.65,"No"
0,"No","Yes",49,"Yes","Fiber optic","Yes","Electronic check",4889.2,"Yes"
0,"No","Yes",28,"No","Fiber optic","No","Electronic check",2289.9,"Yes"
0,"Yes","No",68,"Yes","Fiber optic","Yes","Electronic check",6503.2,"Yes"
0,"No","No",13,"Yes","Fiber optic","No","Electronic check",1313.25,"Yes"
0,"No","No",11,"Yes","Fiber optic","Yes","Electronic check",990.3,"Yes"
1,"No","No",3,"Yes","Fiber optic","Yes","Credit card (automatic)",228,"Yes"
1,"Yes","No",57,"Yes","Fiber optic","No","Electronic check",5746.15,"Yes"
1,"No","No",3,"Yes","Fiber optic","No","Mailed check",209.1,"Yes"
0,"No","Yes",70,"Yes","DSL","Yes","Electronic check",5979.7,"No"
0,"No","Yes",49,"Yes","DSL","No","Bank transfer (automatic)",3902.45,"No"
0,"Yes","No",67,"Yes","Fiber optic","Yes","Credit card (automatic)",7142.5,"No"
1,"Yes","No",64,"No","DSL","Yes","Credit card (automatic)",4481,"No"
1,"Yes","No",2,"No","Fiber optic","No","Electronic check",154.85,"Yes"
0,"Yes","No",13,"No_phone_service","DSL","No","Electronic check",528.45,"Yes"
0,"No","No",72,"Yes","Fiber optic","No","Electronic check",8349.7,"No"
0,"No","Yes",68,"No","DSL","Yes","Bank transfer (automatic)",4953.25,"No"
0,"No","No",24,"Yes","Fiber optic","Yes","Electronic check",2259.35,"Yes"
0,"No","No",27,"No","DSL","No","Mailed check",1411.35,"Yes"
1,"No","No",12,"No","DSL","No","Bank transfer (automatic)",593.75,"Yes"
0,"No","Yes",71,"No","DSL","No","Credit card (automatic)",6328.7,"No"
0,"No","No",63,"Yes","Fiber optic","Yes","Bank transfer (automatic)",6841.4,"No"
0,"No","No",4,"No","DSL","Yes","Electronic check",238.5,"Yes"
1,"Yes","No",40,"No","Fiber optic","Yes","Credit card (automatic)",3233.85,"Yes"
1,"No","No",12,"No","Fiber optic","Yes","Electronic check",1062.1,"Yes"
0,"No","Yes",52,"No","DSL","No","Electronic check",4016.3,"No"
0,"No","No",68,"Yes","Fiber optic","No","Bank transfer (automatic)",7110.75,"No"
1,"No","No",54,"Yes","Fiber optic","Yes","Electronic check",5440.9,"Yes"
1,"No","Yes",4,"No","DSL","No","Mailed check",235.1,"Yes"
0,"No","No",52,"No_phone_service","DSL","No","Mailed check",1958.95,"No"
1,"Yes","No",1,"No","Fiber optic","Yes","Electronic check",85,"Yes"
0,"No","No",70,"Yes","DSL","No","Bank transfer (automatic)",5528.9,"No"
0,"No","No",43,"No_phone_service","DSL","Yes","Credit card (automatic)",1463.7,"No"
0,"No","No",12,"No_phone_service","DSL","No","Mailed check",552.1,"No"
0,"No","Yes",56,"Yes","DSL","No","Bank transfer (automatic)",3815.4,"No"
0,"No","No",42,"Yes","Fiber optic","No","Electronic check",3313.4,"Yes"
0,"Yes","No",22,"No","Fiber optic","Yes","Bank transfer (automatic)",1938.9,"Yes"
1,"No","Yes",51,"No_phone_service","DSL","No","Electronic check",3014.65,"No"
0,"Yes","No",51,"Yes","Fiber optic","Yes","Bank transfer (automatic)",4839.15,"No"
1,"No","Yes",4,"No","DSL","Yes","Electronic check",184.4,"Yes"
1,"No","No",35,"No","DSL","No","Mailed check",2010.55,"Yes"
0,"Yes","Yes",71,"Yes","DSL","Yes","Bank transfer (automatic)",5139.65,"No"
1,"No","No",1,"No","Fiber optic","Yes","Electronic check",69.2,"Yes"
0,"No","No",57,"No","DSL","No","Electronic check",3171.6,"Yes"
0,"No","Yes",72,"Yes","Fiber optic","No","Credit card (automatic)",8670.1,"No"
0,"No","Yes",4,"No","Fiber optic","Yes","Mailed check",299.75,"Yes"
1,"No","No",38,"No","DSL","Yes","Mailed check",2354.8,"No"
1,"Yes","No",37,"Yes","Fiber optic","Yes","Electronic check",3473.4,"Yes"
0,"Yes","No",57,"Yes","DSL","Yes","Bank transfer (automatic)",4438.2,"No"
0,"Yes","No",62,"No","DSL","Yes","Credit card (automatic)",4819.75,"No"
0,"No","No",3,"No_phone_service","DSL","Yes","Electronic check",92.25,"Yes"
0,"No","Yes",29,"No_phone_service","DSL","Yes","Mailed check",1242.45,"Yes"
0,"No","Yes",13,"No","DSL","No","Bank transfer (automatic)",559.2,"Yes"
1,"No","Yes",3,"No","Fiber optic","No","Electronic check",220.1,"Yes"
0,"No","No",11,"No","DSL","No","Electronic check",531.15,"Yes"
0,"No","Yes",21,"No_phone_service","DSL","No","Mailed check",1183.2,"No"
1,"No","No",61,"Yes","Fiber optic","Yes","Credit card (automatic)",6876.05,"No"
1,"No","No",11,"No","DSL","No","Credit card (automatic)",501,"Yes"
0,"No","Yes",35,"Yes","Fiber optic","Yes","Electronic check",3782.4,"Yes"
1,"No","No",19,"No_phone_service","DSL","Yes","Electronic check",733.35,"Yes"
0,"No","Yes",72,"Yes","Fiber optic","Yes","Credit card (automatic)",7767.25,"No"
0,"No","Yes",55,"Yes","Fiber optic","Yes","Electronic check",4600.95,"Yes"
1,"No","Yes",2,"Yes","DSL","No","Mailed check",113.55,"Yes"
0,"No","No",27,"No","Fiber optic","Yes","Mailed check",1793.25,"Yes"
0,"No","No",13,"No","Fiber optic","Yes","Mailed check",886.7,"Yes"
0,"No","No",70,"Yes","Fiber optic","Yes","Mailed check",7737.55,"No"
1,"No","No",14,"No","Fiber optic","No","Mailed check",1348.9,"No"
0,"No","Yes",19,"Yes","Fiber optic","Yes","Bank transfer (automatic)",1686.85,"No"
0,"No","No",20,"Yes","Fiber optic","Yes","Bank transfer (automatic)",1879.25,"Yes"
0,"No","Yes",43,"Yes","Fiber optic","Yes","Credit card (automatic)",4013.8,"No"
0,"No","Yes",5,"No","Fiber optic","Yes","Mailed check",434.5,"Yes"
0,"Yes","No",70,"Yes","Fiber optic","Yes","Bank transfer (automatic)",7195.35,"No"
0,"No","No",39,"No","Fiber optic","Yes","Electronic check",3801.7,"No"
1,"Yes","No",4,"Yes","Fiber optic","No","Electronic check",308.7,"Yes"
1,"No","No",15,"No_phone_service","DSL","Yes","Electronic check",438.25,"Yes"
1,"No","No",1,"No_phone_service","DSL","Yes","Electronic check",50.35,"Yes"
0,"Yes","No",45,"No","Fiber optic","Yes","Bank transfer (automatic)",3778.1,"Yes"
1,"No","No",64,"No_phone_service","DSL","No","Electronic check",3147.5,"No"
0,"Yes","No",57,"Yes","Fiber optic","No","Credit card (automatic)",5438.95,"Yes"
0,"No","Yes",72,"Yes","DSL","No","Bank transfer (automatic)",5102.35,"No"
1,"No","No",1,"No","Fiber optic","Yes","Electronic check",70.3,"Yes"
0,"No","No",3,"No","DSL","No","Mailed check",213.35,"No"
1,"Yes","No",55,"Yes","Fiber optic","Yes","Electronic check",5617.75,"Yes"
0,"No","No",59,"Yes","Fiber optic","No","Electronic check",5386.5,"Yes"
1,"No","No",18,"Yes","Fiber optic","Yes","Bank transfer (automatic)",1776.95,"Yes"
1,"Yes","No",32,"No","Fiber optic","Yes","Credit card (automatic)",2483.05,"Yes"
0,"No","No",4,"No","DSL","Yes","Bank transfer (automatic)",235.65,"Yes"
1,"Yes","No",66,"Yes","Fiber optic","Yes","Credit card (automatic)",5224.35,"Yes"
0,"No","No",27,"Yes","Fiber optic","Yes","Electronic check",2272.8,"Yes"
0,"No","Yes",60,"No","DSL","Yes","Credit card (automatic)",4663.4,"Yes"
1,"No","No",7,"Yes","Fiber optic","Yes","Electronic check",620.35,"Yes"
0,"Yes","No",18,"Yes","Fiber optic","Yes","Credit card (automatic)",1806.35,"Yes"
0,"No","No",15,"No_phone_service","DSL","Yes","Mailed check",603,"No"
0,"No","No",67,"Yes","Fiber optic","Yes","Bank transfer (automatic)",5798.3,"No"
1,"Yes","No",6,"No","Fiber optic","Yes","Electronic check",519.15,"Yes"
0,"Yes","No",6,"No","Fiber optic","Yes","Electronic check",497.6,"Yes"
1,"No","No",13,"Yes","Fiber optic","Yes","Mailed check",1301.7,"Yes"
1,"No","No",11,"Yes","Fiber optic","Yes","Electronic check",1129.75,"Yes"
0,"No","No",5,"No","DSL","Yes","Mailed check",266.95,"Yes"
1,"No","No",9,"Yes","Fiber optic","No","Bank transfer (automatic)",865.8,"Yes"
0,"No","No",29,"No","Fiber optic","No","Mailed check",2623.65,"Yes"
0,"Yes","No",1,"No","DSL","Yes","Mailed check",45.85,"Yes"
1,"No","No",1,"Yes","Fiber optic","Yes","Mailed check",79.55,"Yes"
0,"No","Yes",18,"No","DSL","No","Mailed check",1082.8,"Yes"
0,"No","No",2,"No","DSL","No","Credit card (automatic)",147.8,"Yes"
0,"No","Yes",30,"Yes","Fiber optic","Yes","Bank transfer (automatic)",2570.2,"Yes"
0,"No","Yes",66,"Yes","DSL","No","Bank transfer (automatic)",4378.9,"No"
0,"No","Yes",38,"Yes","Fiber optic","Yes","Bank transfer (automatic)",3616.25,"No"
0,"No","Yes",44,"No","DSL","Yes","Mailed check",2924.05,"Yes"
1,"No","No",54,"Yes","Fiber optic","No","Electronic check",6014.85,"Yes"
0,"No","No",42,"No","DSL","Yes","Mailed check",2882.25,"No"
0,"No","Yes",58,"No","Fiber optic","Yes","Electronic check",5305.05,"Yes"
1,"No","Yes",25,"Yes","Fiber optic","Yes","Electronic check",2368.4,"Yes"
0,"No","No",71,"Yes","Fiber optic","No","Mailed check",7985.9,"No"
1,"No","No",37,"Yes","Fiber optic","Yes","Bank transfer (automatic)",3545.35,"Yes"
1,"No","Yes",14,"Yes","Fiber optic","Yes","Electronic check",1301,"Yes"
1,"Yes","No",4,"Yes","Fiber optic","Yes","Electronic check",372.45,"Yes"
0,"No","No",48,"Yes","DSL","Yes","Bank transfer (automatic)",2985.25,"No"
1,"Yes","No",3,"No_phone_service","DSL","No","Electronic check",77.75,"Yes"
0,"No","No",8,"No","DSL","No","Mailed check",564.35,"No"
1,"No","No",1,"Yes","Fiber optic","Yes","Electronic check",95.45,"Yes"
1,"No","No",13,"No","Fiber optic","Yes","Electronic check",1135.7,"Yes"
1,"No","Yes",45,"No","DSL","Yes","Credit card (automatic)",2319.8,"No"
0,"No","No",49,"Yes","Fiber optic","Yes","Bank transfer (automatic)",3720.35,"Yes"
0,"No","No",52,"Yes","Fiber optic","No","Bank transfer (automatic)",5025.8,"Yes"
0,"No","No",63,"No","Fiber optic","Yes","Credit card (automatic)",5224.5,"No"
0,"No","Yes",68,"Yes","DSL","Yes","Bank transfer (automatic)",6185.8,"No"
0,"No","No",31,"No","DSL","Yes","Mailed check",1498.55,"Yes"
0,"No","No",62,"No","Fiber optic","Yes","Electronic check",6613.65,"No"
1,"No","No",1,"No","Fiber optic","No","Bank transfer (automatic)",69.7,"Yes"
1,"No","No",6,"No","Fiber optic","Yes","Electronic check",573.3,"Yes"
0,"No","No",21,"No","Fiber optic","Yes","Electronic check",1818.9,"Yes"
0,"No","Yes",32,"No_phone_service","DSL","Yes","Electronic check",1051.05,"Yes"
0,"Yes","No",71,"Yes","Fiber optic","Yes","Credit card (automatic)",7181.25,"No"
0,"No","Yes",34,"No","Fiber optic","Yes","Bank transfer (automatic)",3688.6,"Yes"
1,"No","No",3,"No_phone_service","DSL","Yes","Electronic check",99.75,"Yes"
1,"No","Yes",12,"Yes","Fiber optic","Yes","Credit card (automatic)",871.4,"Yes"
1,"Yes","No",8,"Yes","Fiber optic","No","Electronic check",780.5,"Yes"
0,"No","Yes",3,"No","Fiber optic","Yes","Electronic check",239.45,"Yes"
0,"No","No",3,"No","Fiber optic","Yes","Mailed check",244.45,"Yes"
0,"No","No",53,"No","DSL","Yes","Electronic check",3357.9,"No"
0,"No","No",4,"No_phone_service","DSL","Yes","Electronic check",129.6,"Yes"
0,"No","Yes",48,"No","Fiber optic","Yes","Bank transfer (automatic)",4977.2,"No"
1,"No","Yes",6,"No","DSL","No","Credit card (automatic)",365.35,"Yes"
1,"Yes","No",3,"Yes","Fiber optic","Yes","Electronic check",334.65,"Yes"
0,"No","Yes",54,"No_phone_service","DSL","No","Credit card (automatic)",2424.05,"No"
1,"No","No",1,"No","DSL","No","Mailed check",43.95,"Yes"
0,"No","No",62,"No","DSL","Yes","Bank transfer (automatic)",4981.15,"Yes"
0,"No","Yes",22,"No","Fiber optic","Yes","Mailed check",2090.25,"No"
1,"No","No",1,"No","DSL","Yes","Bank transfer (automatic)",45.1,"Yes"
0,"Yes","No",51,"No","Fiber optic","Yes","Bank transfer (automatic)",4905.75,"No"
0,"No","No",30,"Yes","DSL","Yes","Credit card (automatic)",2038.7,"No"
0,"Yes","No",56,"Yes","DSL","Yes","Credit card (automatic)",4014,"No"
0,"No","No",35,"Yes","DSL","Yes","Electronic check",2441.7,"No"
0,"Yes","No",64,"No_phone_service","DSL","Yes","Electronic check",2751,"Yes"
0,"No","Yes",30,"No_phone_service","DSL","Yes","Electronic check",1307.8,"Yes"
1,"No","No",41,"No","Fiber optic","No","Bank transfer (automatic)",2868.05,"Yes"
1,"No","Yes",9,"No","DSL","No","Electronic check",449.75,"Yes"
0,"No","No",1,"No","DSL","Yes","Mailed check",53.55,"Yes"
0,"No","Yes",70,"Yes","Fiber optic","Yes","Electronic check",7882.5,"No"
0,"No","No",9,"Yes","Fiber optic","Yes","Electronic check",791.7,"Yes"
0,"No","Yes",69,"Yes","Fiber optic","Yes","Bank transfer (automatic)",7493.05,"No"
1,"Yes","No",43,"Yes","Fiber optic","Yes","Electronic check",4414.3,"Yes"
0,"No","No",72,"Yes","Fiber optic","Yes","Electronic check",6841.3,"No"
0,"No","No",72,"Yes","Fiber optic","Yes","Bank transfer (automatic)",6052.25,"No"
1,"No","No",33,"No","Fiber optic","Yes","Electronic check",3361.05,"No"
0,"No","No",54,"Yes","Fiber optic","No","Credit card (automatic)",4869.5,"Yes"
0,"No","No",54,"Yes","Fiber optic","Yes","Bank transfer (automatic)",4308.25,"Yes"
0,"No","No",3,"No","Fiber optic","No","Credit card (automatic)",221.1,"Yes"
0,"No","No",53,"Yes","DSL","No","Bank transfer (automatic)",3833.95,"No"
1,"No","No",1,"No","Fiber optic","Yes","Electronic check",69.35,"Yes"
1,"No","No",56,"No","Fiber optic","Yes","Electronic check",4092.85,"Yes"
0,"No","Yes",5,"Yes","DSL","No","Credit card (automatic)",316.9,"Yes"
0,"No","Yes",48,"No","DSL","Yes","Credit card (automatic)",2651.2,"No"
1,"No","No",3,"Yes","Fiber optic","Yes","Credit card (automatic)",216.75,"Yes"
0,"No","No",58,"No","Fiber optic","No","Bank transfer (automatic)",5720.95,"No"
0,"No","No",10,"No","DSL","Yes","Bank transfer (automatic)",503.25,"Yes"
1,"No","No",1,"No","Fiber optic","Yes","Electronic check",69.6,"Yes"
0,"No","No",71,"Yes","Fiber optic","Yes","Credit card (automatic)",7365.3,"No"
0,"No","Yes",65,"Yes","Fiber optic","Yes","Credit card (automatic)",7245.9,"No"
1,"No","Yes",5,"Yes","Fiber optic","Yes","Electronic check",385,"Yes"
0,"No","No",28,"No_phone_service","DSL","Yes","Mailed check",961.4,"Yes"
0,"No","Yes",67,"Yes","DSL","Yes","Bank transfer (automatic)",4615.9,"No"
0,"No","No",35,"No","Fiber optic","Yes","Electronic check",3251.3,"No"
0,"No","Yes",72,"No_phone_service","DSL","No","Credit card (automatic)",3880.05,"No"
0,"No","Yes",61,"No_phone_service","DSL","Yes","Bank transfer (automatic)",3088.75,"No"
1,"No","Yes",1,"No_phone_service","DSL","No","Bank transfer (automatic)",30.5,"Yes"
1,"No","Yes",70,"Yes","Fiber optic","No","Bank transfer (automatic)",6859.5,"No"
0,"No","Yes",48,"No_phone_service","DSL","No","Credit card (automatic)",2108.35,"Yes"
0,"No","Yes",68,"Yes","Fiber optic","Yes","Credit card (automatic)",6770.5,"No"
0,"No","No",47,"No","Fiber optic","Yes","Electronic check",4730.6,"No"
0,"No","Yes",32,"No_phone_service","DSL","Yes","Mailed check",1151.05,"No"
0,"No","Yes",5,"No","DSL","Yes","Mailed check",232.55,"Yes"
1,"No","No",48,"Yes","Fiber optic","Yes","Bank transfer (automatic)",5121.3,"Yes"
1,"Yes","No",13,"Yes","Fiber optic","Yes","Electronic check",1127.2,"Yes"
0,"No","No",12,"No","DSL","Yes","Electronic check",523.1,"Yes"
0,"Yes","No",67,"Yes","DSL","Yes","Bank transfer (automatic)",4250.1,"No"
0,"No","No",9,"No","Fiber optic","No","Electronic check",770.5,"Yes"
0,"No","No",38,"No","Fiber optic","Yes","Mailed check",3342,"No"
0,"Yes","No",42,"Yes","Fiber optic","Yes","Electronic check",3930.6,"Yes"
1,"No","No",24,"Yes","Fiber optic","Yes","Credit card (automatic)",1747.85,"Yes"
1,"Yes","No",27,"No","Fiber optic","Yes","Electronic check",2754.45,"Yes"
0,"No","Yes",9,"Yes","Fiber optic","Yes","Credit card (automatic)",897.75,"Yes"
0,"No","No",49,"No_phone_service","DSL","Yes","Credit card (automatic)",2780.6,"No"
0,"Yes","No",61,"Yes","Fiber optic","Yes","Credit card (automatic)",5895.45,"Yes"
0,"No","Yes",50,"No_phone_service","DSL","Yes","Bank transfer (automatic)",2208.05,"No"
1,"Yes","No",25,"Yes","Fiber optic","Yes","Electronic check",2196.15,"Yes"
1,"Yes","No",22,"Yes","Fiber optic","Yes","Bank transfer (automatic)",1692.6,"Yes"
1,"No","No",4,"Yes","Fiber optic","Yes","Electronic check",265.35,"Yes"
1,"Yes","No",18,"Yes","Fiber optic","No","Bank transfer (automatic)",1836.25,"Yes"
1,"Yes","No",56,"Yes","Fiber optic","Yes","Electronic check",6418.9,"No"
0,"Yes","No",53,"No","Fiber optic","Yes","Electronic check",4871.45,"No"
0,"No","No",51,"Yes","Fiber optic","Yes","Electronic check",4947.55,"No"
0,"No","Yes",24,"Yes","DSL","No","Electronic check",1558.65,"No"
0,"No","No",62,"No","DSL","Yes","Credit card (automatic)",4284.2,"No"
0,"No","No",24,"No","DSL","Yes","Mailed check",1218.25,"Yes"
0,"No","Yes",70,"Yes","DSL","No","Electronic check",5617.95,"No"
0,"No","Yes",1,"No_phone_service","DSL","No","Mailed check",24.2,"Yes"
1,"Yes","No",16,"No_phone_service","DSL","Yes","Mailed check",679.85,"Yes"
0,"No","No",8,"No","DSL","Yes","Electronic check",554.45,"Yes"
0,"No","Yes",72,"No","DSL","Yes","Electronic check",5237.4,"No"
0,"No","No",23,"No","Fiber optic","No","Bank transfer (automatic)",2032.3,"Yes"
0,"No","Yes",31,"No_phone_service","DSL","No","Credit card (automatic)",789.2,"Yes"
0,"No","Yes",37,"No_phone_service","DSL","Yes","Electronic check",1525.35,"No"
1,"No","No",30,"Yes","Fiber optic","Yes","Credit card (automatic)",2804.45,"Yes"
0,"Yes","No",35,"Yes","Fiber optic","Yes","Electronic check",3726.15,"No"
0,"No","Yes",23,"Yes","DSL","Yes","Credit card (automatic)",1652.1,"Yes"
0,"No","Yes",20,"Yes","DSL","No","Bank transfer (automatic)",1588.75,"No"
0,"No","No",36,"No","Fiber optic","Yes","Electronic check",3366.05,"Yes"
1,"No","No",8,"Yes","Fiber optic","No","Bank transfer (automatic)",778.1,"Yes"
0,"No","Yes",71,"Yes","Fiber optic","No","Bank transfer (automatic)",7113.75,"No"
1,"Yes","No",50,"Yes","Fiber optic","Yes","Electronic check",4367.35,"Yes"
0,"No","Yes",57,"Yes","DSL","No","Mailed check",5012.35,"No"
1,"No","Yes",41,"No","DSL","Yes","Bank transfer (automatic)",2728.6,"No"
0,"No","No",27,"No","Fiber optic","Yes","Electronic check",2093.4,"Yes"
0,"No","No",13,"No","Fiber optic","Yes","Electronic check",1011.8,"Yes"
1,"No","No",3,"No_phone_service","DSL","Yes","Mailed check",106.85,"Yes"
1,"No","No",3,"No","DSL","Yes","Mailed check",130.1,"Yes"
0,"No","No",64,"Yes","Fiber optic","Yes","Bank transfer (automatic)",6794.75,"No"
0,"No","No",26,"No_phone_service","DSL","No","Electronic check",1022.5,"Yes"
0,"No","No",38,"Yes","Fiber optic","Yes","Credit card (automatic)",3691.2,"Yes"
1,"No","No",40,"Yes","Fiber optic","Yes","Credit card (automatic)",4036.85,"Yes"
0,"Yes","No",72,"No_phone_service","DSL","Yes","Bank transfer (automatic)",4685.55,"No"
1,"Yes","No",3,"Yes","Fiber optic","Yes","Credit card (automatic)",256.25,"Yes"
1,"No","No",23,"Yes","Fiber optic","Yes","Electronic check",1917.1,"Yes"
1,"Yes","No",1,"Yes","Fiber optic","Yes","Electronic check",74.45,"Yes"
1,"No","No",4,"No","DSL","Yes","Mailed check",272.15,"Yes"
0,"No","No",62,"Yes","DSL","Yes","Electronic check",5150.55,"No"
0,"No","No",40,"Yes","Fiber optic","Yes","Bank transfer (automatic)",3756.4,"Yes"
0,"No","No",41,"Yes","Fiber optic","Yes","Electronic check",3645.75,"Yes"
0,"Yes","No",34,"No","Fiber optic","Yes","Credit card (automatic)",2874.45,"Yes"
0,"No","No",1,"No","DSL","No","Electronic check",49.95,"Yes"
1,"No","Yes",1,"No","Fiber optic","Yes","Mailed check",70.65,"Yes"
1,"No","No",12,"No","DSL","Yes","Electronic check",727.8,"No"
0,"No","No",72,"Yes","Fiber optic","Yes","Electronic check",7544.3,"No"
0,"Yes","No",63,"Yes","Fiber optic","Yes","Electronic check",6479.4,"Yes"
0,"No","No",44,"Yes","Fiber optic","Yes","Credit card (automatic)",3626.35,"Yes"
0,"No","No",18,"Yes","Fiber optic","Yes","Bank transfer (automatic)",1679.4,"Yes"
1,"No","No",9,"No","DSL","Yes","Bank transfer (automatic)",403.35,"Yes"
0,"No","No",13,"No","DSL","No","Mailed check",931.55,"Yes"
0,"No","No",68,"No","DSL","No","Bank transfer (automatic)",4326.25,"No"
0,"Yes","No",6,"No_phone_service","DSL","Yes","Electronic check",263.05,"Yes"
0,"Yes","No",55,"Yes","DSL","No","Credit card (automatic)",3316.1,"No"
1,"Yes","No",1,"Yes","Fiber optic","Yes","Electronic check",75.75,"Yes"
0,"No","No",38,"No","Fiber optic","Yes","Credit card (automatic)",2625.25,"Yes"
1,"No","No",67,"Yes","Fiber optic","Yes","Credit card (automatic)",6886.25,"Yes"
0,"No","No",19,"No","Fiber optic","Yes","Bank transfer (automatic)",1495.1,"Yes"
0,"No","No",12,"No_phone_service","DSL","No","Electronic check",743.3,"No"
0,"No","Yes",24,"Yes","DSL","Yes","Mailed check",1990.5,"No"
0,"No","Yes",72,"Yes","Fiber optic","Yes","Credit card (automatic)",7362.9,"No"
0,"No","Yes",11,"No_phone_service","DSL","Yes","Electronic check",346.45,"Yes"
1,"Yes","No",4,"Yes","Fiber optic","Yes","Mailed check",306.6,"Yes"
0,"No","No",66,"No","Fiber optic","Yes","Bank transfer (automatic)",6844.5,"No"
